"area","component","k","interval_left","interval_right","mass","eigenvalue"
"VISp","idiosyncratic",1,0,0.005,-0.0117070678354288,664.121769120741
"VISp","idiosyncratic",1,0.005,0.01,0.0139031640500782,664.121769120741
"VISp","idiosyncratic",1,0.01,0.015,-0.00620997137926266,664.121769120741
"VISp","idiosyncratic",1,0.015,0.02,-0.0142924452301009,664.121769120741
"VISp","idiosyncratic",1,0.02,0.025,-0.000859939790846,664.121769120741
"VISp","idiosyncratic",1,0.025,0.03,0.00996937193537222,664.121769120741
"VISp","idiosyncratic",1,0.03,0.035,0.00644012636539095,664.121769120741
"VISp","idiosyncratic",1,0.035,0.04,0.00203778330101705,664.121769120741
"VISp","idiosyncratic",1,0.04,0.045,-0.0147763486222704,664.121769120741
"VISp","idiosyncratic",1,0.045,0.05,0.00454944315364024,664.121769120741
"VISp","idiosyncratic",1,0.05,0.055,0.00451054175766105,664.121769120741
"VISp","idiosyncratic",1,0.055,0.06,0.00336528126722564,664.121769120741
"VISp","idiosyncratic",1,0.06,0.065,-0.0014054719957912,664.121769120741
"VISp","idiosyncratic",1,0.065,0.07,-0.0314552486645083,664.121769120741
"VISp","idiosyncratic",1,0.07,0.075,0.0133542065245892,664.121769120741
"VISp","idiosyncratic",1,0.075,0.08,-0.0148830358294821,664.121769120741
"VISp","idiosyncratic",1,0.08,0.085,0.0350627667627786,664.121769120741
"VISp","idiosyncratic",1,0.085,0.09,0.00761708122040258,664.121769120741
"VISp","idiosyncratic",1,0.09,0.095,0.00407030210913852,664.121769120741
"VISp","idiosyncratic",1,0.095,0.1,0.0309973358340139,664.121769120741
"VISp","idiosyncratic",1,0.1,0.105,-0.0231564935710618,664.121769120741
"VISp","idiosyncratic",1,0.105,0.11,-0.00595169708345681,664.121769120741
"VISp","idiosyncratic",1,0.11,0.115,-0.0519615181832843,664.121769120741
"VISp","idiosyncratic",1,0.115,0.12,0.0158541042974367,664.121769120741
"VISp","idiosyncratic",1,0.12,0.125,0.0049075291383193,664.121769120741
"VISp","idiosyncratic",1,0.125,0.13,-0.0377821121051604,664.121769120741
"VISp","idiosyncratic",1,0.13,0.135,0.00907603755759389,664.121769120741
"VISp","idiosyncratic",1,0.135,0.14,-0.00606085202519424,664.121769120741
"VISp","idiosyncratic",1,0.14,0.145,0.00615982978017945,664.121769120741
"VISp","idiosyncratic",1,0.145,0.15,-0.0162018870237458,664.121769120741
"VISp","idiosyncratic",1,0.15,0.155,-0.0047580212493491,664.121769120741
"VISp","idiosyncratic",1,0.155,0.16,-0.00173867384508347,664.121769120741
"VISp","idiosyncratic",1,0.16,0.165,0.0128857997468096,664.121769120741
"VISp","idiosyncratic",1,0.165,0.17,-0.0183257184453727,664.121769120741
"VISp","idiosyncratic",1,0.17,0.175,-0.0209512004108558,664.121769120741
"VISp","idiosyncratic",1,0.175,0.18,0.0106315517899063,664.121769120741
"VISp","idiosyncratic",1,0.18,0.185,-0.0193487769219337,664.121769120741
"VISp","idiosyncratic",1,0.185,0.19,0.00369799277985992,664.121769120741
"VISp","idiosyncratic",1,0.19,0.195,0.0135901553255551,664.121769120741
"VISp","idiosyncratic",1,0.195,0.2,-0.0169859810694395,664.121769120741
"VISp","idiosyncratic",1,0.2,0.205,0.0387519568300554,664.121769120741
"VISp","idiosyncratic",1,0.205,0.21,0.0104663289940759,664.121769120741
"VISp","idiosyncratic",1,0.21,0.215,-0.0107798731712634,664.121769120741
"VISp","idiosyncratic",1,0.215,0.22,0.0316565642788172,664.121769120741
"VISp","idiosyncratic",1,0.22,0.225,-0.0282692538879191,664.121769120741
"VISp","idiosyncratic",1,0.225,0.23,0.0290279570631417,664.121769120741
"VISp","idiosyncratic",1,0.23,0.235,0.0201366946746866,664.121769120741
"VISp","idiosyncratic",1,0.235,0.24,-0.0445690900449841,664.121769120741
"VISp","idiosyncratic",1,0.24,0.245,0.00544539976279378,664.121769120741
"VISp","idiosyncratic",1,0.245,0.25,-9.23992460375653e-05,664.121769120741
"VISp","idiosyncratic",1,0.25,0.255,-0.00141690274792698,664.121769120741
"VISp","idiosyncratic",1,0.255,0.26,0.0403968158374543,664.121769120741
"VISp","idiosyncratic",1,0.26,0.265,-0.0242814146840217,664.121769120741
"VISp","idiosyncratic",1,0.265,0.27,-0.008887158486503,664.121769120741
"VISp","idiosyncratic",1,0.27,0.275,0.00148159987848166,664.121769120741
"VISp","idiosyncratic",1,0.275,0.28,0.0252053195401651,664.121769120741
"VISp","idiosyncratic",1,0.28,0.285,0.00114890601292543,664.121769120741
"VISp","idiosyncratic",1,0.285,0.29,0.0170433998114729,664.121769120741
"VISp","idiosyncratic",1,0.29,0.295,0.00670181665232016,664.121769120741
"VISp","idiosyncratic",1,0.295,0.3,0.00223532270611373,664.121769120741
"VISp","idiosyncratic",1,0.3,0.305,0.000242316371941367,664.121769120741
"VISp","idiosyncratic",1,0.305,0.31,-0.00555296313433579,664.121769120741
"VISp","idiosyncratic",1,0.31,0.315,0.00659740254844117,664.121769120741
"VISp","idiosyncratic",1,0.315,0.32,-0.0212886141674906,664.121769120741
"VISp","idiosyncratic",1,0.32,0.325,0.0242099590716648,664.121769120741
"VISp","idiosyncratic",1,0.325,0.33,-0.000909851091322588,664.121769120741
"VISp","idiosyncratic",1,0.33,0.335,0.0223398325967564,664.121769120741
"VISp","idiosyncratic",1,0.335,0.34,0.0325834876170773,664.121769120741
"VISp","idiosyncratic",1,0.34,0.345,0.0110818694247598,664.121769120741
"VISp","idiosyncratic",1,0.345,0.35,-0.0195589231816831,664.121769120741
"VISp","idiosyncratic",1,0.35,0.355,-0.0466658597375229,664.121769120741
"VISp","idiosyncratic",1,0.355,0.36,0.024716789903463,664.121769120741
"VISp","idiosyncratic",1,0.36,0.365,-0.0156947278334535,664.121769120741
"VISp","idiosyncratic",1,0.365,0.37,0.0488265155803934,664.121769120741
"VISp","idiosyncratic",1,0.37,0.375,-0.0112016356331474,664.121769120741
"VISp","idiosyncratic",1,0.375,0.38,-0.0118589921661086,664.121769120741
"VISp","idiosyncratic",1,0.38,0.385,0.0180587943838402,664.121769120741
"VISp","idiosyncratic",1,0.385,0.39,-0.00366062903994619,664.121769120741
"VISp","idiosyncratic",1,0.39,0.395,-0.00847924415902264,664.121769120741
"VISp","idiosyncratic",1,0.395,0.4,0.00800808364690478,664.121769120741
"VISp","idiosyncratic",1,0.4,0.405,-0.0120110492970132,664.121769120741
"VISp","idiosyncratic",1,0.405,0.41,0.0254312268712078,664.121769120741
"VISp","idiosyncratic",1,0.41,0.415,-0.0243565639233277,664.121769120741
"VISp","idiosyncratic",1,0.415,0.42,0.0167447626993335,664.121769120741
"VISp","idiosyncratic",1,0.42,0.425,-0.0174696432614395,664.121769120741
"VISp","idiosyncratic",1,0.425,0.43,-0.00802233815248245,664.121769120741
"VISp","idiosyncratic",1,0.43,0.435,0.00564309306716232,664.121769120741
"VISp","idiosyncratic",1,0.435,0.44,-0.00119289619232806,664.121769120741
"VISp","idiosyncratic",1,0.44,0.445,0.0128737926794052,664.121769120741
"VISp","idiosyncratic",1,0.445,0.45,0.00107830962808903,664.121769120741
"VISp","idiosyncratic",1,0.45,0.455,0.00853028166267589,664.121769120741
"VISp","idiosyncratic",1,0.455,0.46,-0.00398662679584453,664.121769120741
"VISp","idiosyncratic",1,0.46,0.465,-0.00257434883440551,664.121769120741
"VISp","idiosyncratic",1,0.465,0.47,-0.00630472307547594,664.121769120741
"VISp","idiosyncratic",1,0.47,0.475,0.00520706586687374,664.121769120741
"VISp","idiosyncratic",1,0.475,0.48,0.0406982825593552,664.121769120741
"VISp","idiosyncratic",1,0.48,0.485,0.00663011224512933,664.121769120741
"VISp","idiosyncratic",1,0.485,0.49,0.00812478343502082,664.121769120741
"VISp","idiosyncratic",1,0.49,0.495,-0.00360129049417125,664.121769120741
"VISp","idiosyncratic",1,0.495,0.5,-0.0198022024723073,664.121769120741
"VISp","idiosyncratic",1,0.5,0.505,0.0218316943654543,664.121769120741
"VISp","idiosyncratic",1,0.505,0.51,0.0264452010626202,664.121769120741
"VISp","idiosyncratic",1,0.51,0.515,0.0268271625100553,664.121769120741
"VISp","idiosyncratic",1,0.515,0.52,-0.00468058999636695,664.121769120741
"VISp","idiosyncratic",1,0.52,0.525,0.00298810217754886,664.121769120741
"VISp","idiosyncratic",1,0.525,0.53,-0.0206317236453631,664.121769120741
"VISp","idiosyncratic",1,0.53,0.535,0.0162451705453396,664.121769120741
"VISp","idiosyncratic",1,0.535,0.54,0.0298403932459657,664.121769120741
"VISp","idiosyncratic",1,0.54,0.545,-0.000481686864918757,664.121769120741
"VISp","idiosyncratic",1,0.545,0.55,0.0173557717300398,664.121769120741
"VISp","idiosyncratic",1,0.55,0.555,0.0142174486433278,664.121769120741
"VISp","idiosyncratic",1,0.555,0.56,0.00158546370062149,664.121769120741
"VISp","idiosyncratic",1,0.56,0.565,0.0242452102555327,664.121769120741
"VISp","idiosyncratic",1,0.565,0.57,0.0148460525686,664.121769120741
"VISp","idiosyncratic",1,0.57,0.575,0.0170597567511153,664.121769120741
"VISp","idiosyncratic",1,0.575,0.58,-0.00661631663682544,664.121769120741
"VISp","idiosyncratic",1,0.58,0.585,-0.00913947512211233,664.121769120741
"VISp","idiosyncratic",1,0.585,0.59,-0.0139783336546198,664.121769120741
"VISp","idiosyncratic",1,0.59,0.595,-0.00476522962327655,664.121769120741
"VISp","idiosyncratic",1,0.595,0.6,0.0262137487928131,664.121769120741
"VISp","idiosyncratic",1,0.6,0.605,0.00669743688430968,664.121769120741
"VISp","idiosyncratic",1,0.605,0.61,0.0136314096911189,664.121769120741
"VISp","idiosyncratic",1,0.61,0.615,0.00277172088073668,664.121769120741
"VISp","idiosyncratic",1,0.615,0.62,-0.00281781118554691,664.121769120741
"VISp","idiosyncratic",1,0.62,0.625,-0.0127128844820585,664.121769120741
"VISp","idiosyncratic",1,0.625,0.63,-0.0203609395524694,664.121769120741
"VISp","idiosyncratic",1,0.63,0.635,0.0217097679521039,664.121769120741
"VISp","idiosyncratic",1,0.635,0.64,0.0190558755402981,664.121769120741
"VISp","idiosyncratic",1,0.64,0.645,0.0151232740942798,664.121769120741
"VISp","idiosyncratic",1,0.645,0.65,-0.00204703583953347,664.121769120741
"VISp","idiosyncratic",1,0.65,0.655,0.0172500277430211,664.121769120741
"VISp","idiosyncratic",1,0.655,0.66,0.013452377836236,664.121769120741
"VISp","idiosyncratic",1,0.66,0.665,-0.00495342658662568,664.121769120741
"VISp","idiosyncratic",1,0.665,0.67,0.0138943791741013,664.121769120741
"VISp","idiosyncratic",1,0.67,0.675,0.00179033088286978,664.121769120741
"VISp","idiosyncratic",1,0.675,0.68,0.00813989986837033,664.121769120741
"VISp","idiosyncratic",1,0.68,0.685,0.00168854286955095,664.121769120741
"VISp","idiosyncratic",1,0.685,0.69,-0.0273802047024277,664.121769120741
"VISp","idiosyncratic",1,0.69,0.695,-0.0147393559094792,664.121769120741
"VISp","idiosyncratic",1,0.695,0.7,-0.0107055567980559,664.121769120741
"VISp","idiosyncratic",1,0.7,0.705,0.0048620747805927,664.121769120741
"VISp","idiosyncratic",1,0.705,0.71,0.00751960904866655,664.121769120741
"VISp","idiosyncratic",1,0.71,0.715,-0.0349932784850996,664.121769120741
"VISp","idiosyncratic",1,0.715,0.72,0.00276178284026946,664.121769120741
"VISp","idiosyncratic",1,0.72,0.725,0.0396794465274791,664.121769120741
"VISp","idiosyncratic",1,0.725,0.73,0.0250002906243983,664.121769120741
"VISp","idiosyncratic",1,0.73,0.735,0.0183817859306734,664.121769120741
"VISp","idiosyncratic",1,0.735,0.74,0.00261125415190305,664.121769120741
"VISp","idiosyncratic",1,0.74,0.745,0.019202758473934,664.121769120741
"VISp","idiosyncratic",1,0.745,0.75,0.0231154585232126,664.121769120741
"VISp","idiosyncratic",1,0.75,0.755,-0.0091018576914213,664.121769120741
"VISp","idiosyncratic",1,0.755,0.76,0.0168993749653447,664.121769120741
"VISp","idiosyncratic",1,0.76,0.765,-0.0109574521780535,664.121769120741
"VISp","idiosyncratic",1,0.765,0.77,-0.00100804130363308,664.121769120741
"VISp","idiosyncratic",1,0.77,0.775,-0.00594176082003417,664.121769120741
"VISp","idiosyncratic",1,0.775,0.78,0.0258737699028952,664.121769120741
"VISp","idiosyncratic",1,0.78,0.785,0.00553195257110323,664.121769120741
"VISp","idiosyncratic",1,0.785,0.79,0.00200124349491898,664.121769120741
"VISp","idiosyncratic",1,0.79,0.795,0.00136446954483888,664.121769120741
"VISp","idiosyncratic",1,0.795,0.8,0.0255395200565187,664.121769120741
"VISp","idiosyncratic",1,0.8,0.805,0.0269336919167834,664.121769120741
"VISp","idiosyncratic",1,0.805,0.81,0.0106300127170916,664.121769120741
"VISp","idiosyncratic",1,0.81,0.815,-0.00940219660928976,664.121769120741
"VISp","idiosyncratic",1,0.815,0.82,0.0305534168162833,664.121769120741
"VISp","idiosyncratic",1,0.82,0.825,0.0140726921019328,664.121769120741
"VISp","idiosyncratic",1,0.825,0.83,-0.000882745619614433,664.121769120741
"VISp","idiosyncratic",1,0.83,0.835,0.00989195999543302,664.121769120741
"VISp","idiosyncratic",1,0.835,0.84,-0.0275851007706556,664.121769120741
"VISp","idiosyncratic",1,0.84,0.845,0.00944914437685573,664.121769120741
"VISp","idiosyncratic",1,0.845,0.85,0.00446026323430193,664.121769120741
"VISp","idiosyncratic",1,0.85,0.855,0.0328261672738662,664.121769120741
"VISp","idiosyncratic",1,0.855,0.86,-0.00467262515713263,664.121769120741
"VISp","idiosyncratic",1,0.86,0.865,-0.000864892532453032,664.121769120741
"VISp","idiosyncratic",1,0.865,0.87,-0.00116423019030987,664.121769120741
"VISp","idiosyncratic",1,0.87,0.875,-0.0182619737819409,664.121769120741
"VISp","idiosyncratic",1,0.875,0.88,-0.0133912342107722,664.121769120741
"VISp","idiosyncratic",1,0.88,0.885,-0.00709391356165712,664.121769120741
"VISp","idiosyncratic",1,0.885,0.89,-0.0339236577542599,664.121769120741
"VISp","idiosyncratic",1,0.89,0.895,0.00222943235268186,664.121769120741
"VISp","idiosyncratic",1,0.895,0.9,0.0129400729545761,664.121769120741
"VISp","idiosyncratic",1,0.9,0.905,0.0341428456097234,664.121769120741
"VISp","idiosyncratic",1,0.905,0.91,0.00306610951094355,664.121769120741
"VISp","idiosyncratic",1,0.91,0.915,-0.00834056541715245,664.121769120741
"VISp","idiosyncratic",1,0.915,0.92,0.0312888058226665,664.121769120741
"VISp","idiosyncratic",1,0.92,0.925,-0.0164227972626384,664.121769120741
"VISp","idiosyncratic",1,0.925,0.93,0.0158169669424277,664.121769120741
"VISp","idiosyncratic",1,0.93,0.935,0.0114684128830399,664.121769120741
"VISp","idiosyncratic",1,0.935,0.94,-0.0181097634076179,664.121769120741
"VISp","idiosyncratic",1,0.94,0.945,0.0166954379937044,664.121769120741
"VISp","idiosyncratic",1,0.945,0.95,0.0128998977467309,664.121769120741
"VISp","idiosyncratic",1,0.95,0.955,-0.0317442219647214,664.121769120741
"VISp","idiosyncratic",1,0.955,0.96,-0.00578209377784267,664.121769120741
"VISp","idiosyncratic",1,0.96,0.965,-0.0162403656494646,664.121769120741
"VISp","idiosyncratic",1,0.965,0.97,-0.0178985876763935,664.121769120741
"VISp","idiosyncratic",1,0.97,0.975,0.0258437969612761,664.121769120741
"VISp","idiosyncratic",1,0.975,0.98,0.0292997684642147,664.121769120741
"VISp","idiosyncratic",1,0.98,0.985,0.0163079406723347,664.121769120741
"VISp","idiosyncratic",1,0.985,0.99,0.0159914777149283,664.121769120741
"VISp","idiosyncratic",1,0.99,0.995,-0.00787903416353941,664.121769120741
"VISp","idiosyncratic",1,0.995,1,0.02627013270659,664.121769120741
"VISp","idiosyncratic",1,1,1.005,0.016439212691901,664.121769120741
"VISp","idiosyncratic",1,1.005,1.01,-0.00985047301782849,664.121769120741
"VISp","idiosyncratic",1,1.01,1.015,-0.0112786508681986,664.121769120741
"VISp","idiosyncratic",1,1.015,1.02,0.003775499335398,664.121769120741
"VISp","idiosyncratic",1,1.02,1.025,0.0196173462797492,664.121769120741
"VISp","idiosyncratic",1,1.025,1.03,-0.00729756868261222,664.121769120741
"VISp","idiosyncratic",1,1.03,1.035,0.0136841918484645,664.121769120741
"VISp","idiosyncratic",1,1.035,1.04,-0.0119828962203199,664.121769120741
"VISp","idiosyncratic",1,1.04,1.045,-0.00189815940832405,664.121769120741
"VISp","idiosyncratic",1,1.045,1.05,0.0124539389892063,664.121769120741
"VISp","idiosyncratic",1,1.05,1.055,0.00544739549909901,664.121769120741
"VISp","idiosyncratic",1,1.055,1.06,0.0154121737017832,664.121769120741
"VISp","idiosyncratic",1,1.06,1.065,-0.0084053904775554,664.121769120741
"VISp","idiosyncratic",1,1.065,1.07,0.0343021931927019,664.121769120741
"VISp","idiosyncratic",1,1.07,1.075,0.00679277584311622,664.121769120741
"VISp","idiosyncratic",1,1.075,1.08,-0.00584705562791243,664.121769120741
"VISp","idiosyncratic",1,1.08,1.085,0.00843820875279011,664.121769120741
"VISp","idiosyncratic",1,1.085,1.09,-0.00553710515150785,664.121769120741
"VISp","idiosyncratic",1,1.09,1.095,0.00291557795930619,664.121769120741
"VISp","idiosyncratic",1,1.095,1.1,0.0327894644785658,664.121769120741
"VISp","idiosyncratic",1,1.1,1.105,-0.0087069364731821,664.121769120741
"VISp","idiosyncratic",1,1.105,1.11,-0.0170018087805778,664.121769120741
"VISp","idiosyncratic",1,1.11,1.115,0.0256532835041987,664.121769120741
"VISp","idiosyncratic",1,1.115,1.12,0.00635162998215433,664.121769120741
"VISp","idiosyncratic",1,1.12,1.125,-0.00197177169721929,664.121769120741
"VISp","idiosyncratic",1,1.125,1.13,0.0207753030158631,664.121769120741
"VISp","idiosyncratic",1,1.13,1.135,0.00834515027388072,664.121769120741
"VISp","idiosyncratic",1,1.135,1.14,-0.0015311716208628,664.121769120741
"VISp","idiosyncratic",1,1.14,1.145,0.019219061584563,664.121769120741
"VISp","idiosyncratic",1,1.145,1.15,0.0106512340792166,664.121769120741
"VISp","idiosyncratic",1,1.15,1.155,0.0111882858191644,664.121769120741
"VISp","idiosyncratic",1,1.155,1.16,0.0142508065328781,664.121769120741
"VISp","idiosyncratic",1,1.16,1.165,-0.0131579328731991,664.121769120741
"VISp","idiosyncratic",1,1.165,1.17,-0.00295829893807598,664.121769120741
"VISp","idiosyncratic",1,1.17,1.175,-0.0137462131329571,664.121769120741
"VISp","idiosyncratic",1,1.175,1.18,0.00691709049879752,664.121769120741
"VISp","idiosyncratic",1,1.18,1.185,0.00613084912972228,664.121769120741
"VISp","idiosyncratic",1,1.185,1.19,0.0204747873300709,664.121769120741
"VISp","idiosyncratic",1,1.19,1.195,0.0108286573684421,664.121769120741
"VISp","idiosyncratic",1,1.195,1.2,-0.00173264526076089,664.121769120741
"VISp","idiosyncratic",1,1.2,1.205,-0.00192663937562221,664.121769120741
"VISp","idiosyncratic",1,1.205,1.21,-0.0368109558478167,664.121769120741
"VISp","idiosyncratic",1,1.21,1.215,-0.0103413264672448,664.121769120741
"VISp","idiosyncratic",1,1.215,1.22,0.00365576212334018,664.121769120741
"VISp","idiosyncratic",1,1.22,1.225,0.025769956060072,664.121769120741
"VISp","idiosyncratic",1,1.225,1.23,0.00416721316662849,664.121769120741
"VISp","idiosyncratic",1,1.23,1.235,0.0014052799745603,664.121769120741
"VISp","idiosyncratic",1,1.235,1.24,-0.00713630801077525,664.121769120741
"VISp","idiosyncratic",1,1.24,1.245,-0.0140345933300089,664.121769120741
"VISp","idiosyncratic",1,1.245,1.25,-0.0387445166813555,664.121769120741
"VISp","idiosyncratic",1,1.25,1.255,0.0438488674030566,664.121769120741
"VISp","idiosyncratic",1,1.255,1.26,-0.00344338056032401,664.121769120741
"VISp","idiosyncratic",1,1.26,1.265,0.000235665865870205,664.121769120741
"VISp","idiosyncratic",1,1.265,1.27,-0.0100051176809864,664.121769120741
"VISp","idiosyncratic",1,1.27,1.275,-0.0121579399788388,664.121769120741
"VISp","idiosyncratic",1,1.275,1.28,0.00955933408793952,664.121769120741
"VISp","idiosyncratic",1,1.28,1.285,0.0128668724688275,664.121769120741
"VISp","idiosyncratic",1,1.285,1.29,0.0142029949148623,664.121769120741
"VISp","idiosyncratic",1,1.29,1.295,0.000698443275331972,664.121769120741
"VISp","idiosyncratic",1,1.295,1.3,-0.0101723255749457,664.121769120741
"VISp","idiosyncratic",1,1.3,1.305,0.0101179823324181,664.121769120741
"VISp","idiosyncratic",1,1.305,1.31,-0.00979775165691721,664.121769120741
"VISp","idiosyncratic",1,1.31,1.315,-0.00646486426043269,664.121769120741
"VISp","idiosyncratic",1,1.315,1.32,0.00821650999998169,664.121769120741
"VISp","idiosyncratic",1,1.32,1.325,-0.0196531640495698,664.121769120741
"VISp","idiosyncratic",1,1.325,1.33,-0.0016350916332516,664.121769120741
"VISp","idiosyncratic",1,1.33,1.335,-0.0324891546234664,664.121769120741
"VISp","idiosyncratic",1,1.335,1.34,0.0133574263566836,664.121769120741
"VISp","idiosyncratic",1,1.34,1.345,0.0033732879067897,664.121769120741
"VISp","idiosyncratic",1,1.345,1.35,0.0150961750776437,664.121769120741
"VISp","idiosyncratic",1,1.35,1.355,-0.0184610429469322,664.121769120741
"VISp","idiosyncratic",1,1.355,1.36,0.0149711445689034,664.121769120741
"VISp","idiosyncratic",1,1.36,1.365,0.00705942556784112,664.121769120741
"VISp","idiosyncratic",1,1.365,1.37,0.00905074390926852,664.121769120741
"VISp","idiosyncratic",1,1.37,1.375,0.00014643718312457,664.121769120741
"VISp","idiosyncratic",1,1.375,1.38,-0.00761240396567386,664.121769120741
"VISp","idiosyncratic",1,1.38,1.385,0.0115214435170578,664.121769120741
"VISp","idiosyncratic",1,1.385,1.39,0.00490240463276392,664.121769120741
"VISp","idiosyncratic",1,1.39,1.395,0.00782133395953533,664.121769120741
"VISp","idiosyncratic",1,1.395,1.4,-0.00211549957505364,664.121769120741
"VISp","idiosyncratic",1,1.4,1.405,-0.0007929698312098,664.121769120741
"VISp","idiosyncratic",1,1.405,1.41,0.0184443797395203,664.121769120741
"VISp","idiosyncratic",1,1.41,1.415,0.0202725431024859,664.121769120741
"VISp","idiosyncratic",1,1.415,1.42,-0.00693111236800559,664.121769120741
"VISp","idiosyncratic",1,1.42,1.425,-0.0109855254372455,664.121769120741
"VISp","idiosyncratic",1,1.425,1.43,-0.00928543344385802,664.121769120741
"VISp","idiosyncratic",1,1.43,1.435,0.0174531098196334,664.121769120741
"VISp","idiosyncratic",1,1.435,1.44,0.0164845483554659,664.121769120741
"VISp","idiosyncratic",1,1.44,1.445,-0.0203385409313217,664.121769120741
"VISp","idiosyncratic",1,1.445,1.45,0.0194986547032271,664.121769120741
"VISp","idiosyncratic",1,1.45,1.455,0.00712703788674784,664.121769120741
"VISp","idiosyncratic",1,1.455,1.46,0.000904742079764764,664.121769120741
"VISp","idiosyncratic",1,1.46,1.465,-0.0176524747412241,664.121769120741
"VISp","idiosyncratic",1,1.465,1.47,0.0111731360812446,664.121769120741
"VISp","idiosyncratic",1,1.47,1.475,-0.00639778206128927,664.121769120741
"VISp","idiosyncratic",1,1.475,1.48,0.0173862935978173,664.121769120741
"VISp","idiosyncratic",1,1.48,1.485,-0.0117179040277405,664.121769120741
"VISp","idiosyncratic",1,1.485,1.49,0.0625157898038702,664.121769120741
"VISp","idiosyncratic",1,1.49,1.495,0.0265841597621191,664.121769120741
"VISp","idiosyncratic",1,1.495,1.5,0.00682387917043459,664.121769120741
"VISp","idiosyncratic",1,1.5,1.505,-0.00579397551100957,664.121769120741
"VISp","idiosyncratic",1,1.505,1.51,0.0153381857594277,664.121769120741
"VISp","idiosyncratic",1,1.51,1.515,0.0161099311942976,664.121769120741
"VISp","idiosyncratic",1,1.515,1.52,0.00428272499205939,664.121769120741
"VISp","idiosyncratic",1,1.52,1.525,0.00489312102413797,664.121769120741
"VISp","idiosyncratic",1,1.525,1.53,0.00921126179190812,664.121769120741
"VISp","idiosyncratic",1,1.53,1.535,-0.0227480242324627,664.121769120741
"VISp","idiosyncratic",1,1.535,1.54,-0.0054672278532194,664.121769120741
"VISp","idiosyncratic",1,1.54,1.545,-0.0218769527013609,664.121769120741
"VISp","idiosyncratic",1,1.545,1.55,-0.00100394688302108,664.121769120741
"VISp","idiosyncratic",1,1.55,1.555,-0.00102380104406707,664.121769120741
"VISp","idiosyncratic",1,1.555,1.56,-0.022727975038572,664.121769120741
"VISp","idiosyncratic",1,1.56,1.565,0.0350046060197845,664.121769120741
"VISp","idiosyncratic",1,1.565,1.57,0.0160870115750883,664.121769120741
"VISp","idiosyncratic",1,1.57,1.575,0.0160721142217757,664.121769120741
"VISp","idiosyncratic",1,1.575,1.58,0.00774238678494399,664.121769120741
"VISp","idiosyncratic",1,1.58,1.585,-0.00936994606922226,664.121769120741
"VISp","idiosyncratic",1,1.585,1.59,-0.0192100653735222,664.121769120741
"VISp","idiosyncratic",1,1.59,1.595,-0.00482079311458938,664.121769120741
"VISp","idiosyncratic",1,1.595,1.6,0.023483160561937,664.121769120741
"VISp","idiosyncratic",1,1.6,1.605,0.00657350968296655,664.121769120741
"VISp","idiosyncratic",1,1.605,1.61,-0.0217511887980819,664.121769120741
"VISp","idiosyncratic",1,1.61,1.615,-0.0083835244646755,664.121769120741
"VISp","idiosyncratic",1,1.615,1.62,0.0311487463812774,664.121769120741
"VISp","idiosyncratic",1,1.62,1.625,-0.00753509497419125,664.121769120741
"VISp","idiosyncratic",1,1.625,1.63,0.0137889216189454,664.121769120741
"VISp","idiosyncratic",1,1.63,1.635,0.0218186420525913,664.121769120741
"VISp","idiosyncratic",1,1.635,1.64,-0.0069347825053947,664.121769120741
"VISp","idiosyncratic",1,1.64,1.645,0.00231649606996531,664.121769120741
"VISp","idiosyncratic",1,1.645,1.65,-0.00787963011387549,664.121769120741
"VISp","idiosyncratic",1,1.65,1.655,-0.00745010520591272,664.121769120741
"VISp","idiosyncratic",1,1.655,1.66,-0.0261335057679036,664.121769120741
"VISp","idiosyncratic",1,1.66,1.665,0.0156705776289436,664.121769120741
"VISp","idiosyncratic",1,1.665,1.67,0.0209465727485925,664.121769120741
"VISp","idiosyncratic",1,1.67,1.675,-0.0155331625824836,664.121769120741
"VISp","idiosyncratic",1,1.675,1.68,-0.0174323594563158,664.121769120741
"VISp","idiosyncratic",1,1.68,1.685,-0.0306335824884897,664.121769120741
"VISp","idiosyncratic",1,1.685,1.69,0.0192522315028726,664.121769120741
"VISp","idiosyncratic",1,1.69,1.695,0.00287222215863037,664.121769120741
"VISp","idiosyncratic",1,1.695,1.7,0.030950871949938,664.121769120741
"VISp","idiosyncratic",1,1.7,1.705,-0.00249364924296436,664.121769120741
"VISp","idiosyncratic",1,1.705,1.71,0.00550806925268532,664.121769120741
"VISp","idiosyncratic",1,1.71,1.715,0.0142760468960768,664.121769120741
"VISp","idiosyncratic",1,1.715,1.72,-0.00990752587079324,664.121769120741
"VISp","idiosyncratic",1,1.72,1.725,-0.0191486009751017,664.121769120741
"VISp","idiosyncratic",1,1.725,1.73,0.00762909425167047,664.121769120741
"VISp","idiosyncratic",1,1.73,1.735,0.0115948265190851,664.121769120741
"VISp","idiosyncratic",1,1.735,1.74,0.0129939713638674,664.121769120741
"VISp","idiosyncratic",1,1.74,1.745,0.0201352893676165,664.121769120741
"VISp","idiosyncratic",1,1.745,1.75,0.0367203760575889,664.121769120741
"VISp","idiosyncratic",1,1.75,1.755,-0.000564282699084151,664.121769120741
"VISp","idiosyncratic",1,1.755,1.76,-0.0142508494657119,664.121769120741
"VISp","idiosyncratic",1,1.76,1.765,-0.000305165731404378,664.121769120741
"VISp","idiosyncratic",1,1.765,1.77,0.0243101558639112,664.121769120741
"VISp","idiosyncratic",1,1.77,1.775,0.0356196394439692,664.121769120741
"VISp","idiosyncratic",1,1.775,1.78,0.0207868053218971,664.121769120741
"VISp","idiosyncratic",1,1.78,1.785,-0.00411465681272305,664.121769120741
"VISp","idiosyncratic",1,1.785,1.79,0.0104941497731865,664.121769120741
"VISp","idiosyncratic",1,1.79,1.795,-0.00678058369811563,664.121769120741
"VISp","idiosyncratic",1,1.795,1.8,0.0161319370145669,664.121769120741
"VISp","idiosyncratic",1,1.8,1.805,-0.00399252659591354,664.121769120741
"VISp","idiosyncratic",1,1.805,1.81,0.0124387106957256,664.121769120741
"VISp","idiosyncratic",1,1.81,1.815,-0.0196290914920541,664.121769120741
"VISp","idiosyncratic",1,1.815,1.82,0.0168886548901035,664.121769120741
"VISp","idiosyncratic",1,1.82,1.825,0.0107960827288158,664.121769120741
"VISp","idiosyncratic",1,1.825,1.83,0.000184773048753417,664.121769120741
"VISp","idiosyncratic",1,1.83,1.835,0.0108542986593172,664.121769120741
"VISp","idiosyncratic",1,1.835,1.84,-0.0104149113110834,664.121769120741
"VISp","idiosyncratic",1,1.84,1.845,-0.000499029938523243,664.121769120741
"VISp","idiosyncratic",1,1.845,1.85,-0.000128544360532779,664.121769120741
"VISp","idiosyncratic",1,1.85,1.855,-0.00942899236667771,664.121769120741
"VISp","idiosyncratic",1,1.855,1.86,0.0251212092668212,664.121769120741
"VISp","idiosyncratic",1,1.86,1.865,-0.0196493593125755,664.121769120741
"VISp","idiosyncratic",1,1.865,1.87,-0.0219133016687538,664.121769120741
"VISp","idiosyncratic",1,1.87,1.875,0.0174680769505775,664.121769120741
"VISp","idiosyncratic",1,1.875,1.88,0.0105931530139485,664.121769120741
"VISp","idiosyncratic",1,1.88,1.885,0.0142122949195698,664.121769120741
"VISp","idiosyncratic",1,1.885,1.89,0.00468952154739966,664.121769120741
"VISp","idiosyncratic",1,1.89,1.895,0.0104517990009505,664.121769120741
"VISp","idiosyncratic",1,1.895,1.9,-5.07954151292012e-05,664.121769120741
"VISp","idiosyncratic",1,1.9,1.905,0.0377636775327836,664.121769120741
"VISp","idiosyncratic",1,1.905,1.91,-0.015679759121334,664.121769120741
"VISp","idiosyncratic",1,1.91,1.915,-0.00867791050744926,664.121769120741
"VISp","idiosyncratic",1,1.915,1.92,-0.0097859005730625,664.121769120741
"VISp","idiosyncratic",1,1.92,1.925,0.0236457783859529,664.121769120741
"VISp","idiosyncratic",1,1.925,1.93,0.00471446133962394,664.121769120741
"VISp","idiosyncratic",1,1.93,1.935,-0.0108790758589967,664.121769120741
"VISp","idiosyncratic",1,1.935,1.94,0.0187342171705147,664.121769120741
"VISp","idiosyncratic",1,1.94,1.945,0.0481951603818074,664.121769120741
"VISp","idiosyncratic",1,1.945,1.95,0.0139282510178573,664.121769120741
"VISp","idiosyncratic",1,1.95,1.955,-0.00682543724343554,664.121769120741
"VISp","idiosyncratic",1,1.955,1.96,0.0209962873305793,664.121769120741
"VISp","idiosyncratic",1,1.96,1.965,0.00538922816220055,664.121769120741
"VISp","idiosyncratic",1,1.965,1.97,-0.00725159359901206,664.121769120741
"VISp","idiosyncratic",1,1.97,1.975,-0.00547190101046979,664.121769120741
"VISp","idiosyncratic",1,1.975,1.98,0.0453829340271497,664.121769120741
"VISp","idiosyncratic",1,1.98,1.985,0.0274963224872924,664.121769120741
"VISp","idiosyncratic",1,1.985,1.99,0.0166408567285001,664.121769120741
"VISp","idiosyncratic",1,1.99,1.995,0.00224641264710401,664.121769120741
"VISp","idiosyncratic",1,1.995,2,-0.00104191528529718,664.121769120741
"VISp","idiosyncratic",2,0,0.005,-0.0678024020822949,24.6033032137419
"VISp","idiosyncratic",2,0.005,0.01,-0.0951067269152445,24.6033032137419
"VISp","idiosyncratic",2,0.01,0.015,-0.011304641629298,24.6033032137419
"VISp","idiosyncratic",2,0.015,0.02,0.0340476399069367,24.6033032137419
"VISp","idiosyncratic",2,0.02,0.025,-0.0596922396517215,24.6033032137419
"VISp","idiosyncratic",2,0.025,0.03,0.00098427080239627,24.6033032137419
"VISp","idiosyncratic",2,0.03,0.035,-0.0296364368563787,24.6033032137419
"VISp","idiosyncratic",2,0.035,0.04,-0.0273264062695138,24.6033032137419
"VISp","idiosyncratic",2,0.04,0.045,0.0984473264712477,24.6033032137419
"VISp","idiosyncratic",2,0.045,0.05,-0.0246563835173449,24.6033032137419
"VISp","idiosyncratic",2,0.05,0.055,0.0557408810256935,24.6033032137419
"VISp","idiosyncratic",2,0.055,0.06,0.0645230865072006,24.6033032137419
"VISp","idiosyncratic",2,0.06,0.065,0.0496434440764676,24.6033032137419
"VISp","idiosyncratic",2,0.065,0.07,0.0357036330778388,24.6033032137419
"VISp","idiosyncratic",2,0.07,0.075,0.0168186225865954,24.6033032137419
"VISp","idiosyncratic",2,0.075,0.08,-0.0290894851487639,24.6033032137419
"VISp","idiosyncratic",2,0.08,0.085,0.0040764472975638,24.6033032137419
"VISp","idiosyncratic",2,0.085,0.09,-0.095533190604836,24.6033032137419
"VISp","idiosyncratic",2,0.09,0.095,0.056191739799089,24.6033032137419
"VISp","idiosyncratic",2,0.095,0.1,-0.00402259492874944,24.6033032137419
"VISp","idiosyncratic",2,0.1,0.105,0.0882571846581293,24.6033032137419
"VISp","idiosyncratic",2,0.105,0.11,-0.0511273849103557,24.6033032137419
"VISp","idiosyncratic",2,0.11,0.115,0.0376310781655673,24.6033032137419
"VISp","idiosyncratic",2,0.115,0.12,-0.117469483901633,24.6033032137419
"VISp","idiosyncratic",2,0.12,0.125,0.0821819658421733,24.6033032137419
"VISp","idiosyncratic",2,0.125,0.13,-0.0929822634054933,24.6033032137419
"VISp","idiosyncratic",2,0.13,0.135,-0.0804443614521,24.6033032137419
"VISp","idiosyncratic",2,0.135,0.14,0.049604920775923,24.6033032137419
"VISp","idiosyncratic",2,0.14,0.145,-0.0805012936875856,24.6033032137419
"VISp","idiosyncratic",2,0.145,0.15,-0.0532025506765708,24.6033032137419
"VISp","idiosyncratic",2,0.15,0.155,0.158581638504467,24.6033032137419
"VISp","idiosyncratic",2,0.155,0.16,0.0313631406342581,24.6033032137419
"VISp","idiosyncratic",2,0.16,0.165,-0.0828554888800999,24.6033032137419
"VISp","idiosyncratic",2,0.165,0.17,0.0396471344286148,24.6033032137419
"VISp","idiosyncratic",2,0.17,0.175,-0.033622334024692,24.6033032137419
"VISp","idiosyncratic",2,0.175,0.18,-0.014831835835604,24.6033032137419
"VISp","idiosyncratic",2,0.18,0.185,-0.0853741384961357,24.6033032137419
"VISp","idiosyncratic",2,0.185,0.19,-0.0727559158628082,24.6033032137419
"VISp","idiosyncratic",2,0.19,0.195,0.0061784656978367,24.6033032137419
"VISp","idiosyncratic",2,0.195,0.2,0.0645874062606021,24.6033032137419
"VISp","idiosyncratic",2,0.2,0.205,0.00352703917017602,24.6033032137419
"VISp","idiosyncratic",2,0.205,0.21,0.0458384839523436,24.6033032137419
"VISp","idiosyncratic",2,0.21,0.215,0.04199342437647,24.6033032137419
"VISp","idiosyncratic",2,0.215,0.22,0.149421597373362,24.6033032137419
"VISp","idiosyncratic",2,0.22,0.225,-0.0268672849714186,24.6033032137419
"VISp","idiosyncratic",2,0.225,0.23,-0.0163804244215055,24.6033032137419
"VISp","idiosyncratic",2,0.23,0.235,0.0623044778245455,24.6033032137419
"VISp","idiosyncratic",2,0.235,0.24,0.0637619256669287,24.6033032137419
"VISp","idiosyncratic",2,0.24,0.245,-0.0052383428913348,24.6033032137419
"VISp","idiosyncratic",2,0.245,0.25,-0.0376002442867102,24.6033032137419
"VISp","idiosyncratic",2,0.25,0.255,-0.0761649244243854,24.6033032137419
"VISp","idiosyncratic",2,0.255,0.26,0.0239615844531295,24.6033032137419
"VISp","idiosyncratic",2,0.26,0.265,-0.0485464212914021,24.6033032137419
"VISp","idiosyncratic",2,0.265,0.27,0.0398622718129124,24.6033032137419
"VISp","idiosyncratic",2,0.27,0.275,-0.119546238510097,24.6033032137419
"VISp","idiosyncratic",2,0.275,0.28,-0.0630655055315093,24.6033032137419
"VISp","idiosyncratic",2,0.28,0.285,-0.0337555061854769,24.6033032137419
"VISp","idiosyncratic",2,0.285,0.29,0.10741111066373,24.6033032137419
"VISp","idiosyncratic",2,0.29,0.295,0.00384392255231236,24.6033032137419
"VISp","idiosyncratic",2,0.295,0.3,0.0933159544962067,24.6033032137419
"VISp","idiosyncratic",2,0.3,0.305,0.0287730093987965,24.6033032137419
"VISp","idiosyncratic",2,0.305,0.31,-0.0251427277686654,24.6033032137419
"VISp","idiosyncratic",2,0.31,0.315,-0.051778538788242,24.6033032137419
"VISp","idiosyncratic",2,0.315,0.32,0.0393628722186114,24.6033032137419
"VISp","idiosyncratic",2,0.32,0.325,-0.0830787579488863,24.6033032137419
"VISp","idiosyncratic",2,0.325,0.33,0.0531395604782963,24.6033032137419
"VISp","idiosyncratic",2,0.33,0.335,-0.00582597696308065,24.6033032137419
"VISp","idiosyncratic",2,0.335,0.34,-0.0228391453097746,24.6033032137419
"VISp","idiosyncratic",2,0.34,0.345,0.0311512668115968,24.6033032137419
"VISp","idiosyncratic",2,0.345,0.35,-0.0316671114300005,24.6033032137419
"VISp","idiosyncratic",2,0.35,0.355,-0.0377821065671696,24.6033032137419
"VISp","idiosyncratic",2,0.355,0.36,-0.022614583354516,24.6033032137419
"VISp","idiosyncratic",2,0.36,0.365,0.109993688655109,24.6033032137419
"VISp","idiosyncratic",2,0.365,0.37,0.0127059981334234,24.6033032137419
"VISp","idiosyncratic",2,0.37,0.375,-0.0756497053571039,24.6033032137419
"VISp","idiosyncratic",2,0.375,0.38,0.00573307435374479,24.6033032137419
"VISp","idiosyncratic",2,0.38,0.385,0.0021397517062666,24.6033032137419
"VISp","idiosyncratic",2,0.385,0.39,-0.00530809560584564,24.6033032137419
"VISp","idiosyncratic",2,0.39,0.395,-0.056630977504894,24.6033032137419
"VISp","idiosyncratic",2,0.395,0.4,-0.0204130492755322,24.6033032137419
"VISp","idiosyncratic",2,0.4,0.405,-0.0615215694005501,24.6033032137419
"VISp","idiosyncratic",2,0.405,0.41,0.0771990542717156,24.6033032137419
"VISp","idiosyncratic",2,0.41,0.415,0.00728064864101527,24.6033032137419
"VISp","idiosyncratic",2,0.415,0.42,-0.0249327185969802,24.6033032137419
"VISp","idiosyncratic",2,0.42,0.425,0.00384165216949639,24.6033032137419
"VISp","idiosyncratic",2,0.425,0.43,-0.0562869808015066,24.6033032137419
"VISp","idiosyncratic",2,0.43,0.435,0.0144289429323332,24.6033032137419
"VISp","idiosyncratic",2,0.435,0.44,0.0249255853903894,24.6033032137419
"VISp","idiosyncratic",2,0.44,0.445,-0.0671428495021254,24.6033032137419
"VISp","idiosyncratic",2,0.445,0.45,-0.0782414270076848,24.6033032137419
"VISp","idiosyncratic",2,0.45,0.455,-0.0403938252276151,24.6033032137419
"VISp","idiosyncratic",2,0.455,0.46,-0.0739234630847267,24.6033032137419
"VISp","idiosyncratic",2,0.46,0.465,-0.0528807771067151,24.6033032137419
"VISp","idiosyncratic",2,0.465,0.47,0.00205464580219072,24.6033032137419
"VISp","idiosyncratic",2,0.47,0.475,0.076778509402996,24.6033032137419
"VISp","idiosyncratic",2,0.475,0.48,-0.0461588694728237,24.6033032137419
"VISp","idiosyncratic",2,0.48,0.485,-0.0448910784377646,24.6033032137419
"VISp","idiosyncratic",2,0.485,0.49,0.0208854802291922,24.6033032137419
"VISp","idiosyncratic",2,0.49,0.495,-0.0391000550279805,24.6033032137419
"VISp","idiosyncratic",2,0.495,0.5,0.0243950074650632,24.6033032137419
"VISp","idiosyncratic",2,0.5,0.505,-0.0102804259108724,24.6033032137419
"VISp","idiosyncratic",2,0.505,0.51,-0.02516702160915,24.6033032137419
"VISp","idiosyncratic",2,0.51,0.515,0.0653816160667027,24.6033032137419
"VISp","idiosyncratic",2,0.515,0.52,-0.00789679704968144,24.6033032137419
"VISp","idiosyncratic",2,0.52,0.525,0.00114296853319473,24.6033032137419
"VISp","idiosyncratic",2,0.525,0.53,-0.0750693666645209,24.6033032137419
"VISp","idiosyncratic",2,0.53,0.535,0.0152690295531698,24.6033032137419
"VISp","idiosyncratic",2,0.535,0.54,-0.0177554785299177,24.6033032137419
"VISp","idiosyncratic",2,0.54,0.545,0.0673812901584684,24.6033032137419
"VISp","idiosyncratic",2,0.545,0.55,-0.0259571332022241,24.6033032137419
"VISp","idiosyncratic",2,0.55,0.555,0.0293733420943179,24.6033032137419
"VISp","idiosyncratic",2,0.555,0.56,-0.071213651737058,24.6033032137419
"VISp","idiosyncratic",2,0.56,0.565,-0.0333869301480982,24.6033032137419
"VISp","idiosyncratic",2,0.565,0.57,-0.0271760240887019,24.6033032137419
"VISp","idiosyncratic",2,0.57,0.575,-0.0166671261095955,24.6033032137419
"VISp","idiosyncratic",2,0.575,0.58,-0.00684263142856545,24.6033032137419
"VISp","idiosyncratic",2,0.58,0.585,-0.0279008587751873,24.6033032137419
"VISp","idiosyncratic",2,0.585,0.59,0.106054287773281,24.6033032137419
"VISp","idiosyncratic",2,0.59,0.595,0.025966637358838,24.6033032137419
"VISp","idiosyncratic",2,0.595,0.6,-0.0131426024050015,24.6033032137419
"VISp","idiosyncratic",2,0.6,0.605,0.0328888380002689,24.6033032137419
"VISp","idiosyncratic",2,0.605,0.61,-0.0153470383909136,24.6033032137419
"VISp","idiosyncratic",2,0.61,0.615,0.0063927888117834,24.6033032137419
"VISp","idiosyncratic",2,0.615,0.62,-0.000265887869853043,24.6033032137419
"VISp","idiosyncratic",2,0.62,0.625,0.064552788307526,24.6033032137419
"VISp","idiosyncratic",2,0.625,0.63,0.0200882695137113,24.6033032137419
"VISp","idiosyncratic",2,0.63,0.635,-0.0388319413597071,24.6033032137419
"VISp","idiosyncratic",2,0.635,0.64,-0.0218602846797852,24.6033032137419
"VISp","idiosyncratic",2,0.64,0.645,-0.0347418965998965,24.6033032137419
"VISp","idiosyncratic",2,0.645,0.65,0.0269954908537932,24.6033032137419
"VISp","idiosyncratic",2,0.65,0.655,0.0337363722404937,24.6033032137419
"VISp","idiosyncratic",2,0.655,0.66,0.00133795971841921,24.6033032137419
"VISp","idiosyncratic",2,0.66,0.665,-0.00219060085071004,24.6033032137419
"VISp","idiosyncratic",2,0.665,0.67,-0.0496421514703079,24.6033032137419
"VISp","idiosyncratic",2,0.67,0.675,0.0468692267167186,24.6033032137419
"VISp","idiosyncratic",2,0.675,0.68,-0.0177783456005114,24.6033032137419
"VISp","idiosyncratic",2,0.68,0.685,0.0429946633189249,24.6033032137419
"VISp","idiosyncratic",2,0.685,0.69,-0.0441083949758523,24.6033032137419
"VISp","idiosyncratic",2,0.69,0.695,0.0149914035969232,24.6033032137419
"VISp","idiosyncratic",2,0.695,0.7,0.0222846223375379,24.6033032137419
"VISp","idiosyncratic",2,0.7,0.705,0.0201597778777498,24.6033032137419
"VISp","idiosyncratic",2,0.705,0.71,0.0803809441541005,24.6033032137419
"VISp","idiosyncratic",2,0.71,0.715,0.0306964166511923,24.6033032137419
"VISp","idiosyncratic",2,0.715,0.72,0.0803134499178484,24.6033032137419
"VISp","idiosyncratic",2,0.72,0.725,0.0493624488467876,24.6033032137419
"VISp","idiosyncratic",2,0.725,0.73,-0.00178037903912051,24.6033032137419
"VISp","idiosyncratic",2,0.73,0.735,-0.0138974899779005,24.6033032137419
"VISp","idiosyncratic",2,0.735,0.74,0.016021582564195,24.6033032137419
"VISp","idiosyncratic",2,0.74,0.745,0.0368311211941549,24.6033032137419
"VISp","idiosyncratic",2,0.745,0.75,-0.0235706663508378,24.6033032137419
"VISp","idiosyncratic",2,0.75,0.755,-0.0893661015609745,24.6033032137419
"VISp","idiosyncratic",2,0.755,0.76,0.0423329870292981,24.6033032137419
"VISp","idiosyncratic",2,0.76,0.765,-0.0465011913795431,24.6033032137419
"VISp","idiosyncratic",2,0.765,0.77,-0.00370081693639152,24.6033032137419
"VISp","idiosyncratic",2,0.77,0.775,-0.0721640134126413,24.6033032137419
"VISp","idiosyncratic",2,0.775,0.78,0.00098905389952747,24.6033032137419
"VISp","idiosyncratic",2,0.78,0.785,-0.0168014345730027,24.6033032137419
"VISp","idiosyncratic",2,0.785,0.79,-0.0373175972344607,24.6033032137419
"VISp","idiosyncratic",2,0.79,0.795,-0.00827754093651462,24.6033032137419
"VISp","idiosyncratic",2,0.795,0.8,-0.0173260891322483,24.6033032137419
"VISp","idiosyncratic",2,0.8,0.805,-0.00433499103428842,24.6033032137419
"VISp","idiosyncratic",2,0.805,0.81,0.0447108705456037,24.6033032137419
"VISp","idiosyncratic",2,0.81,0.815,0.061457622806838,24.6033032137419
"VISp","idiosyncratic",2,0.815,0.82,0.0372163956040612,24.6033032137419
"VISp","idiosyncratic",2,0.82,0.825,-0.0128005127590995,24.6033032137419
"VISp","idiosyncratic",2,0.825,0.83,0.0922027563936875,24.6033032137419
"VISp","idiosyncratic",2,0.83,0.835,0.111450806098983,24.6033032137419
"VISp","idiosyncratic",2,0.835,0.84,-0.00145888638932623,24.6033032137419
"VISp","idiosyncratic",2,0.84,0.845,0.0652923280907007,24.6033032137419
"VISp","idiosyncratic",2,0.845,0.85,0.0959090443463772,24.6033032137419
"VISp","idiosyncratic",2,0.85,0.855,0.0149393618838389,24.6033032137419
"VISp","idiosyncratic",2,0.855,0.86,0.0816037076341597,24.6033032137419
"VISp","idiosyncratic",2,0.86,0.865,0.0650467475173306,24.6033032137419
"VISp","idiosyncratic",2,0.865,0.87,-0.0191220020633354,24.6033032137419
"VISp","idiosyncratic",2,0.87,0.875,0.100811956626636,24.6033032137419
"VISp","idiosyncratic",2,0.875,0.88,-0.000108988132526966,24.6033032137419
"VISp","idiosyncratic",2,0.88,0.885,-0.0220673940957382,24.6033032137419
"VISp","idiosyncratic",2,0.885,0.89,0.025788492426538,24.6033032137419
"VISp","idiosyncratic",2,0.89,0.895,0.00741395705518799,24.6033032137419
"VISp","idiosyncratic",2,0.895,0.9,0.0544355147748892,24.6033032137419
"VISp","idiosyncratic",2,0.9,0.905,-0.0530731123178402,24.6033032137419
"VISp","idiosyncratic",2,0.905,0.91,0.0017082265863998,24.6033032137419
"VISp","idiosyncratic",2,0.91,0.915,0.0339857645179694,24.6033032137419
"VISp","idiosyncratic",2,0.915,0.92,-0.00402355639285645,24.6033032137419
"VISp","idiosyncratic",2,0.92,0.925,0.0417906739883255,24.6033032137419
"VISp","idiosyncratic",2,0.925,0.93,0.00352906787238283,24.6033032137419
"VISp","idiosyncratic",2,0.93,0.935,-0.0119591052819193,24.6033032137419
"VISp","idiosyncratic",2,0.935,0.94,0.06594701131414,24.6033032137419
"VISp","idiosyncratic",2,0.94,0.945,-0.0158441764084941,24.6033032137419
"VISp","idiosyncratic",2,0.945,0.95,-0.0175101049424577,24.6033032137419
"VISp","idiosyncratic",2,0.95,0.955,0.0643408763398806,24.6033032137419
"VISp","idiosyncratic",2,0.955,0.96,0.0858645252726082,24.6033032137419
"VISp","idiosyncratic",2,0.96,0.965,-0.049037142288493,24.6033032137419
"VISp","idiosyncratic",2,0.965,0.97,0.00205653114883736,24.6033032137419
"VISp","idiosyncratic",2,0.97,0.975,0.0481762648695934,24.6033032137419
"VISp","idiosyncratic",2,0.975,0.98,0.0356915370127828,24.6033032137419
"VISp","idiosyncratic",2,0.98,0.985,-0.0175383582134284,24.6033032137419
"VISp","idiosyncratic",2,0.985,0.99,0.091084762525226,24.6033032137419
"VISp","idiosyncratic",2,0.99,0.995,0.019919248206548,24.6033032137419
"VISp","idiosyncratic",2,0.995,1,0.0236666171653357,24.6033032137419
"VISp","idiosyncratic",2,1,1.005,0.0342219987574026,24.6033032137419
"VISp","idiosyncratic",2,1.005,1.01,0.0217926365720479,24.6033032137419
"VISp","idiosyncratic",2,1.01,1.015,-0.0314339269312668,24.6033032137419
"VISp","idiosyncratic",2,1.015,1.02,-0.0181511063658409,24.6033032137419
"VISp","idiosyncratic",2,1.02,1.025,0.0532269957556862,24.6033032137419
"VISp","idiosyncratic",2,1.025,1.03,0.0916899924550783,24.6033032137419
"VISp","idiosyncratic",2,1.03,1.035,0.0776458293811148,24.6033032137419
"VISp","idiosyncratic",2,1.035,1.04,-0.00935446069597234,24.6033032137419
"VISp","idiosyncratic",2,1.04,1.045,0.000389902992132818,24.6033032137419
"VISp","idiosyncratic",2,1.045,1.05,0.055871209468026,24.6033032137419
"VISp","idiosyncratic",2,1.05,1.055,-0.0692056611826066,24.6033032137419
"VISp","idiosyncratic",2,1.055,1.06,0.122534477186496,24.6033032137419
"VISp","idiosyncratic",2,1.06,1.065,0.0517611313702862,24.6033032137419
"VISp","idiosyncratic",2,1.065,1.07,-0.0365705200447537,24.6033032137419
"VISp","idiosyncratic",2,1.07,1.075,0.00150947545328095,24.6033032137419
"VISp","idiosyncratic",2,1.075,1.08,0.0671802759650539,24.6033032137419
"VISp","idiosyncratic",2,1.08,1.085,0.0672363545573114,24.6033032137419
"VISp","idiosyncratic",2,1.085,1.09,-0.0274041097661335,24.6033032137419
"VISp","idiosyncratic",2,1.09,1.095,0.0339150747253394,24.6033032137419
"VISp","idiosyncratic",2,1.095,1.1,0.00356097666881339,24.6033032137419
"VISp","idiosyncratic",2,1.1,1.105,-0.0129935633554445,24.6033032137419
"VISp","idiosyncratic",2,1.105,1.11,-0.0910771485129769,24.6033032137419
"VISp","idiosyncratic",2,1.11,1.115,-0.000542164133993328,24.6033032137419
"VISp","idiosyncratic",2,1.115,1.12,0.0217403200791986,24.6033032137419
"VISp","idiosyncratic",2,1.12,1.125,0.00567048434814632,24.6033032137419
"VISp","idiosyncratic",2,1.125,1.13,0.0569951673008995,24.6033032137419
"VISp","idiosyncratic",2,1.13,1.135,0.0272005733680096,24.6033032137419
"VISp","idiosyncratic",2,1.135,1.14,-0.0351744117303452,24.6033032137419
"VISp","idiosyncratic",2,1.14,1.145,-0.013886026888505,24.6033032137419
"VISp","idiosyncratic",2,1.145,1.15,0.00720032314317853,24.6033032137419
"VISp","idiosyncratic",2,1.15,1.155,0.0471036841699564,24.6033032137419
"VISp","idiosyncratic",2,1.155,1.16,-0.0362607068673675,24.6033032137419
"VISp","idiosyncratic",2,1.16,1.165,-0.0279371790138565,24.6033032137419
"VISp","idiosyncratic",2,1.165,1.17,-0.0204512614925476,24.6033032137419
"VISp","idiosyncratic",2,1.17,1.175,0.0196424643984197,24.6033032137419
"VISp","idiosyncratic",2,1.175,1.18,0.0105627882017525,24.6033032137419
"VISp","idiosyncratic",2,1.18,1.185,-0.0398409179381694,24.6033032137419
"VISp","idiosyncratic",2,1.185,1.19,0.023289934955492,24.6033032137419
"VISp","idiosyncratic",2,1.19,1.195,-0.000970625322083585,24.6033032137419
"VISp","idiosyncratic",2,1.195,1.2,0.00648438961102671,24.6033032137419
"VISp","idiosyncratic",2,1.2,1.205,0.0316163406437575,24.6033032137419
"VISp","idiosyncratic",2,1.205,1.21,-0.0242256821440137,24.6033032137419
"VISp","idiosyncratic",2,1.21,1.215,0.0460094641574753,24.6033032137419
"VISp","idiosyncratic",2,1.215,1.22,0.0640941531636776,24.6033032137419
"VISp","idiosyncratic",2,1.22,1.225,-0.00852153223942476,24.6033032137419
"VISp","idiosyncratic",2,1.225,1.23,0.110725498125313,24.6033032137419
"VISp","idiosyncratic",2,1.23,1.235,0.00792333779763243,24.6033032137419
"VISp","idiosyncratic",2,1.235,1.24,0.0642697974355817,24.6033032137419
"VISp","idiosyncratic",2,1.24,1.245,0.00213501338231969,24.6033032137419
"VISp","idiosyncratic",2,1.245,1.25,-0.0131948792806202,24.6033032137419
"VISp","idiosyncratic",2,1.25,1.255,-0.030951368295469,24.6033032137419
"VISp","idiosyncratic",2,1.255,1.26,-0.0635905542855615,24.6033032137419
"VISp","idiosyncratic",2,1.26,1.265,0.0939513360921072,24.6033032137419
"VISp","idiosyncratic",2,1.265,1.27,0.0295476205433909,24.6033032137419
"VISp","idiosyncratic",2,1.27,1.275,-0.0886523424062104,24.6033032137419
"VISp","idiosyncratic",2,1.275,1.28,-0.121430727728684,24.6033032137419
"VISp","idiosyncratic",2,1.28,1.285,-0.03398620937569,24.6033032137419
"VISp","idiosyncratic",2,1.285,1.29,-0.00821939883511646,24.6033032137419
"VISp","idiosyncratic",2,1.29,1.295,0.0255869143771565,24.6033032137419
"VISp","idiosyncratic",2,1.295,1.3,-0.0487871168561957,24.6033032137419
"VISp","idiosyncratic",2,1.3,1.305,-0.0487214196163805,24.6033032137419
"VISp","idiosyncratic",2,1.305,1.31,0.0125251812186638,24.6033032137419
"VISp","idiosyncratic",2,1.31,1.315,-0.0309552383134686,24.6033032137419
"VISp","idiosyncratic",2,1.315,1.32,0.0863678054348,24.6033032137419
"VISp","idiosyncratic",2,1.32,1.325,-0.0508873977440711,24.6033032137419
"VISp","idiosyncratic",2,1.325,1.33,0.00585590839820949,24.6033032137419
"VISp","idiosyncratic",2,1.33,1.335,-0.0541217026326111,24.6033032137419
"VISp","idiosyncratic",2,1.335,1.34,0.0320683573436054,24.6033032137419
"VISp","idiosyncratic",2,1.34,1.345,-0.00760832582957782,24.6033032137419
"VISp","idiosyncratic",2,1.345,1.35,-0.153982861752042,24.6033032137419
"VISp","idiosyncratic",2,1.35,1.355,0.0199868074050567,24.6033032137419
"VISp","idiosyncratic",2,1.355,1.36,0.0717114172888914,24.6033032137419
"VISp","idiosyncratic",2,1.36,1.365,-0.0203391774991888,24.6033032137419
"VISp","idiosyncratic",2,1.365,1.37,-0.0308530779306884,24.6033032137419
"VISp","idiosyncratic",2,1.37,1.375,0.0349907042717021,24.6033032137419
"VISp","idiosyncratic",2,1.375,1.38,-0.0155313540020963,24.6033032137419
"VISp","idiosyncratic",2,1.38,1.385,0.0593915647095409,24.6033032137419
"VISp","idiosyncratic",2,1.385,1.39,-0.0150747055719442,24.6033032137419
"VISp","idiosyncratic",2,1.39,1.395,-0.0302481652725641,24.6033032137419
"VISp","idiosyncratic",2,1.395,1.4,-0.0373908798017695,24.6033032137419
"VISp","idiosyncratic",2,1.4,1.405,-0.0659490721500232,24.6033032137419
"VISp","idiosyncratic",2,1.405,1.41,-0.0179117417344657,24.6033032137419
"VISp","idiosyncratic",2,1.41,1.415,-0.0654827736727676,24.6033032137419
"VISp","idiosyncratic",2,1.415,1.42,-0.0743759725274694,24.6033032137419
"VISp","idiosyncratic",2,1.42,1.425,-0.0423507792400893,24.6033032137419
"VISp","idiosyncratic",2,1.425,1.43,-0.073521822279615,24.6033032137419
"VISp","idiosyncratic",2,1.43,1.435,-0.0137934780245018,24.6033032137419
"VISp","idiosyncratic",2,1.435,1.44,-0.0108427195399977,24.6033032137419
"VISp","idiosyncratic",2,1.44,1.445,-0.0621782109193121,24.6033032137419
"VISp","idiosyncratic",2,1.445,1.45,-0.0988457314400699,24.6033032137419
"VISp","idiosyncratic",2,1.45,1.455,0.0583737031411118,24.6033032137419
"VISp","idiosyncratic",2,1.455,1.46,0.0101630330838247,24.6033032137419
"VISp","idiosyncratic",2,1.46,1.465,-0.0487421739334936,24.6033032137419
"VISp","idiosyncratic",2,1.465,1.47,0.0228732403098308,24.6033032137419
"VISp","idiosyncratic",2,1.47,1.475,-0.0370832684522455,24.6033032137419
"VISp","idiosyncratic",2,1.475,1.48,0.059423865431209,24.6033032137419
"VISp","idiosyncratic",2,1.48,1.485,-0.011442371776816,24.6033032137419
"VISp","idiosyncratic",2,1.485,1.49,-0.00558051325029563,24.6033032137419
"VISp","idiosyncratic",2,1.49,1.495,0.0195919192714766,24.6033032137419
"VISp","idiosyncratic",2,1.495,1.5,-0.0134269432727202,24.6033032137419
"VISp","idiosyncratic",2,1.5,1.505,0.00548225123765145,24.6033032137419
"VISp","idiosyncratic",2,1.505,1.51,-0.0365019017293067,24.6033032137419
"VISp","idiosyncratic",2,1.51,1.515,-0.0236564930277395,24.6033032137419
"VISp","idiosyncratic",2,1.515,1.52,-0.0164153942786594,24.6033032137419
"VISp","idiosyncratic",2,1.52,1.525,-0.0653124007030345,24.6033032137419
"VISp","idiosyncratic",2,1.525,1.53,-0.0464863210447417,24.6033032137419
"VISp","idiosyncratic",2,1.53,1.535,-0.0752395743517101,24.6033032137419
"VISp","idiosyncratic",2,1.535,1.54,-0.0633987438609113,24.6033032137419
"VISp","idiosyncratic",2,1.54,1.545,-0.0142677753069971,24.6033032137419
"VISp","idiosyncratic",2,1.545,1.55,-0.0405102185736259,24.6033032137419
"VISp","idiosyncratic",2,1.55,1.555,-0.0382964079289078,24.6033032137419
"VISp","idiosyncratic",2,1.555,1.56,-0.0296655434726499,24.6033032137419
"VISp","idiosyncratic",2,1.56,1.565,-0.0108429240971305,24.6033032137419
"VISp","idiosyncratic",2,1.565,1.57,-0.0100602951667541,24.6033032137419
"VISp","idiosyncratic",2,1.57,1.575,-0.0625566065026527,24.6033032137419
"VISp","idiosyncratic",2,1.575,1.58,0.0343229772386811,24.6033032137419
"VISp","idiosyncratic",2,1.58,1.585,-0.0379527139444172,24.6033032137419
"VISp","idiosyncratic",2,1.585,1.59,-0.0510064009938012,24.6033032137419
"VISp","idiosyncratic",2,1.59,1.595,-0.0879777600272654,24.6033032137419
"VISp","idiosyncratic",2,1.595,1.6,-0.0233187444403002,24.6033032137419
"VISp","idiosyncratic",2,1.6,1.605,0.00398449698993289,24.6033032137419
"VISp","idiosyncratic",2,1.605,1.61,-0.0685917580484544,24.6033032137419
"VISp","idiosyncratic",2,1.61,1.615,-0.0110706194818349,24.6033032137419
"VISp","idiosyncratic",2,1.615,1.62,0.0180656491465145,24.6033032137419
"VISp","idiosyncratic",2,1.62,1.625,-0.0411492777066416,24.6033032137419
"VISp","idiosyncratic",2,1.625,1.63,-0.065259149320976,24.6033032137419
"VISp","idiosyncratic",2,1.63,1.635,-0.064224985040199,24.6033032137419
"VISp","idiosyncratic",2,1.635,1.64,-0.0257480740982565,24.6033032137419
"VISp","idiosyncratic",2,1.64,1.645,0.0291249248492332,24.6033032137419
"VISp","idiosyncratic",2,1.645,1.65,-0.0272664486312195,24.6033032137419
"VISp","idiosyncratic",2,1.65,1.655,-0.000233218149576997,24.6033032137419
"VISp","idiosyncratic",2,1.655,1.66,0.00426050785376725,24.6033032137419
"VISp","idiosyncratic",2,1.66,1.665,0.0259598624971175,24.6033032137419
"VISp","idiosyncratic",2,1.665,1.67,-0.0661690510279004,24.6033032137419
"VISp","idiosyncratic",2,1.67,1.675,-0.0741809931009954,24.6033032137419
"VISp","idiosyncratic",2,1.675,1.68,0.0326431875635636,24.6033032137419
"VISp","idiosyncratic",2,1.68,1.685,0.0448895498155706,24.6033032137419
"VISp","idiosyncratic",2,1.685,1.69,-0.0647424864850639,24.6033032137419
"VISp","idiosyncratic",2,1.69,1.695,0.00677894088577635,24.6033032137419
"VISp","idiosyncratic",2,1.695,1.7,-0.0414611910193881,24.6033032137419
"VISp","idiosyncratic",2,1.7,1.705,-0.0614837750542286,24.6033032137419
"VISp","idiosyncratic",2,1.705,1.71,0.0403151861539303,24.6033032137419
"VISp","idiosyncratic",2,1.71,1.715,0.0210146474687023,24.6033032137419
"VISp","idiosyncratic",2,1.715,1.72,-0.0122332556358709,24.6033032137419
"VISp","idiosyncratic",2,1.72,1.725,-0.11660301196723,24.6033032137419
"VISp","idiosyncratic",2,1.725,1.73,-0.0971323238107751,24.6033032137419
"VISp","idiosyncratic",2,1.73,1.735,-0.0195114837526043,24.6033032137419
"VISp","idiosyncratic",2,1.735,1.74,-0.0210758210871905,24.6033032137419
"VISp","idiosyncratic",2,1.74,1.745,-0.00928640000306569,24.6033032137419
"VISp","idiosyncratic",2,1.745,1.75,-0.0859778689478001,24.6033032137419
"VISp","idiosyncratic",2,1.75,1.755,-0.0640383193258556,24.6033032137419
"VISp","idiosyncratic",2,1.755,1.76,-0.0392437080142033,24.6033032137419
"VISp","idiosyncratic",2,1.76,1.765,0.0650219755192523,24.6033032137419
"VISp","idiosyncratic",2,1.765,1.77,-0.089008266327087,24.6033032137419
"VISp","idiosyncratic",2,1.77,1.775,0.0919584949458614,24.6033032137419
"VISp","idiosyncratic",2,1.775,1.78,0.024048334110239,24.6033032137419
"VISp","idiosyncratic",2,1.78,1.785,0.0018868743928907,24.6033032137419
"VISp","idiosyncratic",2,1.785,1.79,0.0012494280920905,24.6033032137419
"VISp","idiosyncratic",2,1.79,1.795,-0.00395978917347017,24.6033032137419
"VISp","idiosyncratic",2,1.795,1.8,-0.0388648236928533,24.6033032137419
"VISp","idiosyncratic",2,1.8,1.805,0.023934111213899,24.6033032137419
"VISp","idiosyncratic",2,1.805,1.81,-0.111820352561871,24.6033032137419
"VISp","idiosyncratic",2,1.81,1.815,0.0653896489857326,24.6033032137419
"VISp","idiosyncratic",2,1.815,1.82,-0.0363079656515675,24.6033032137419
"VISp","idiosyncratic",2,1.82,1.825,-0.0262346460181433,24.6033032137419
"VISp","idiosyncratic",2,1.825,1.83,0.0163480828685354,24.6033032137419
"VISp","idiosyncratic",2,1.83,1.835,-0.0887022279103338,24.6033032137419
"VISp","idiosyncratic",2,1.835,1.84,0.00131211302721068,24.6033032137419
"VISp","idiosyncratic",2,1.84,1.845,0.0124868102608902,24.6033032137419
"VISp","idiosyncratic",2,1.845,1.85,-0.0438053320490668,24.6033032137419
"VISp","idiosyncratic",2,1.85,1.855,0.0437017968928564,24.6033032137419
"VISp","idiosyncratic",2,1.855,1.86,-0.0613460450399699,24.6033032137419
"VISp","idiosyncratic",2,1.86,1.865,-0.0468479295245259,24.6033032137419
"VISp","idiosyncratic",2,1.865,1.87,-0.041328190287488,24.6033032137419
"VISp","idiosyncratic",2,1.87,1.875,-0.00898982595767173,24.6033032137419
"VISp","idiosyncratic",2,1.875,1.88,-0.0165243500462258,24.6033032137419
"VISp","idiosyncratic",2,1.88,1.885,0.0554832764392956,24.6033032137419
"VISp","idiosyncratic",2,1.885,1.89,0.107304876311642,24.6033032137419
"VISp","idiosyncratic",2,1.89,1.895,0.06104147357606,24.6033032137419
"VISp","idiosyncratic",2,1.895,1.9,-0.000472337025552605,24.6033032137419
"VISp","idiosyncratic",2,1.9,1.905,-0.0364744078189689,24.6033032137419
"VISp","idiosyncratic",2,1.905,1.91,0.120458168725155,24.6033032137419
"VISp","idiosyncratic",2,1.91,1.915,0.0415502576446596,24.6033032137419
"VISp","idiosyncratic",2,1.915,1.92,0.0104964770472336,24.6033032137419
"VISp","idiosyncratic",2,1.92,1.925,0.00360624798052223,24.6033032137419
"VISp","idiosyncratic",2,1.925,1.93,-0.0749477562990597,24.6033032137419
"VISp","idiosyncratic",2,1.93,1.935,-0.0127189349092932,24.6033032137419
"VISp","idiosyncratic",2,1.935,1.94,-0.0655029951377271,24.6033032137419
"VISp","idiosyncratic",2,1.94,1.945,-0.0907417906716064,24.6033032137419
"VISp","idiosyncratic",2,1.945,1.95,0.0527568141637225,24.6033032137419
"VISp","idiosyncratic",2,1.95,1.955,0.010548968096169,24.6033032137419
"VISp","idiosyncratic",2,1.955,1.96,0.0405137440416867,24.6033032137419
"VISp","idiosyncratic",2,1.96,1.965,0.0119941736093481,24.6033032137419
"VISp","idiosyncratic",2,1.965,1.97,0.0116100363770879,24.6033032137419
"VISp","idiosyncratic",2,1.97,1.975,-0.0117019705836043,24.6033032137419
"VISp","idiosyncratic",2,1.975,1.98,0.00230131978581927,24.6033032137419
"VISp","idiosyncratic",2,1.98,1.985,-0.0612584831767857,24.6033032137419
"VISp","idiosyncratic",2,1.985,1.99,-0.0538714716741904,24.6033032137419
"VISp","idiosyncratic",2,1.99,1.995,-0.0434519056528966,24.6033032137419
"VISp","idiosyncratic",2,1.995,2,0.0757525319352776,24.6033032137419
"VISp","idiosyncratic",3,0,0.005,0.138240808095716,8.03256360690632
"VISp","idiosyncratic",3,0.005,0.01,0.0595282220981928,8.03256360690632
"VISp","idiosyncratic",3,0.01,0.015,0.115095624601937,8.03256360690632
"VISp","idiosyncratic",3,0.015,0.02,-0.0379238708445261,8.03256360690632
"VISp","idiosyncratic",3,0.02,0.025,0.162058395087681,8.03256360690632
"VISp","idiosyncratic",3,0.025,0.03,0.102978756519343,8.03256360690632
"VISp","idiosyncratic",3,0.03,0.035,0.00127380007761679,8.03256360690632
"VISp","idiosyncratic",3,0.035,0.04,-0.054688121754639,8.03256360690632
"VISp","idiosyncratic",3,0.04,0.045,-0.0254084444477559,8.03256360690632
"VISp","idiosyncratic",3,0.045,0.05,0.0240464451694217,8.03256360690632
"VISp","idiosyncratic",3,0.05,0.055,0.00877739766187713,8.03256360690632
"VISp","idiosyncratic",3,0.055,0.06,0.0147334321302411,8.03256360690632
"VISp","idiosyncratic",3,0.06,0.065,-0.0812114402186387,8.03256360690632
"VISp","idiosyncratic",3,0.065,0.07,0.127252778301803,8.03256360690632
"VISp","idiosyncratic",3,0.07,0.075,0.0213426905522941,8.03256360690632
"VISp","idiosyncratic",3,0.075,0.08,0.126792307086231,8.03256360690632
"VISp","idiosyncratic",3,0.08,0.085,-0.174956551923473,8.03256360690632
"VISp","idiosyncratic",3,0.085,0.09,0.321600633136293,8.03256360690632
"VISp","idiosyncratic",3,0.09,0.095,-0.0565062318236382,8.03256360690632
"VISp","idiosyncratic",3,0.095,0.1,0.0519887594220603,8.03256360690632
"VISp","idiosyncratic",3,0.1,0.105,0.0288549467941526,8.03256360690632
"VISp","idiosyncratic",3,0.105,0.11,-0.0290691541187161,8.03256360690632
"VISp","idiosyncratic",3,0.11,0.115,0.225939727178424,8.03256360690632
"VISp","idiosyncratic",3,0.115,0.12,-0.00937313870156053,8.03256360690632
"VISp","idiosyncratic",3,0.12,0.125,-0.0477425741117734,8.03256360690632
"VISp","idiosyncratic",3,0.125,0.13,0.0984395548604977,8.03256360690632
"VISp","idiosyncratic",3,0.13,0.135,-0.104126726294451,8.03256360690632
"VISp","idiosyncratic",3,0.135,0.14,-0.0628205211188451,8.03256360690632
"VISp","idiosyncratic",3,0.14,0.145,0.137676374345435,8.03256360690632
"VISp","idiosyncratic",3,0.145,0.15,0.131716261666911,8.03256360690632
"VISp","idiosyncratic",3,0.15,0.155,-0.168595987910139,8.03256360690632
"VISp","idiosyncratic",3,0.155,0.16,-0.0642810855203727,8.03256360690632
"VISp","idiosyncratic",3,0.16,0.165,-0.0179623977868548,8.03256360690632
"VISp","idiosyncratic",3,0.165,0.17,0.0659274388977881,8.03256360690632
"VISp","idiosyncratic",3,0.17,0.175,-0.07715994396403,8.03256360690632
"VISp","idiosyncratic",3,0.175,0.18,0.0942427519623119,8.03256360690632
"VISp","idiosyncratic",3,0.18,0.185,0.163086727128403,8.03256360690632
"VISp","idiosyncratic",3,0.185,0.19,0.0187301538696196,8.03256360690632
"VISp","idiosyncratic",3,0.19,0.195,0.121692411242,8.03256360690632
"VISp","idiosyncratic",3,0.195,0.2,0.00205618252283357,8.03256360690632
"VISp","idiosyncratic",3,0.2,0.205,-0.231751660514308,8.03256360690632
"VISp","idiosyncratic",3,0.205,0.21,-0.0352209891380031,8.03256360690632
"VISp","idiosyncratic",3,0.21,0.215,-0.0662889915464095,8.03256360690632
"VISp","idiosyncratic",3,0.215,0.22,-0.173964606883457,8.03256360690632
"VISp","idiosyncratic",3,0.22,0.225,0.0117430911745653,8.03256360690632
"VISp","idiosyncratic",3,0.225,0.23,-0.165833160909382,8.03256360690632
"VISp","idiosyncratic",3,0.23,0.235,-0.170529903644825,8.03256360690632
"VISp","idiosyncratic",3,0.235,0.24,0.00104463115099551,8.03256360690632
"VISp","idiosyncratic",3,0.24,0.245,0.00645090556947459,8.03256360690632
"VISp","idiosyncratic",3,0.245,0.25,0.00840814724720662,8.03256360690632
"VISp","idiosyncratic",3,0.25,0.255,0.157413605437633,8.03256360690632
"VISp","idiosyncratic",3,0.255,0.26,0.196109183044136,8.03256360690632
"VISp","idiosyncratic",3,0.26,0.265,0.173221103393808,8.03256360690632
"VISp","idiosyncratic",3,0.265,0.27,-0.0845198092943134,8.03256360690632
"VISp","idiosyncratic",3,0.27,0.275,0.283250579571471,8.03256360690632
"VISp","idiosyncratic",3,0.275,0.28,0.140483384674819,8.03256360690632
"VISp","idiosyncratic",3,0.28,0.285,0.0155454925349994,8.03256360690632
"VISp","idiosyncratic",3,0.285,0.29,-0.137430157999385,8.03256360690632
"VISp","idiosyncratic",3,0.29,0.295,0.0297107153999669,8.03256360690632
"VISp","idiosyncratic",3,0.295,0.3,-0.341374823487358,8.03256360690632
"VISp","idiosyncratic",3,0.3,0.305,-0.214292568402174,8.03256360690632
"VISp","idiosyncratic",3,0.305,0.31,-0.00860577261156914,8.03256360690632
"VISp","idiosyncratic",3,0.31,0.315,-0.0471375681569248,8.03256360690632
"VISp","idiosyncratic",3,0.315,0.32,0.0249559330065262,8.03256360690632
"VISp","idiosyncratic",3,0.32,0.325,-0.215864935621128,8.03256360690632
"VISp","idiosyncratic",3,0.325,0.33,-0.0346084874693464,8.03256360690632
"VISp","idiosyncratic",3,0.33,0.335,-0.137059334623084,8.03256360690632
"VISp","idiosyncratic",3,0.335,0.34,-0.0604008320166742,8.03256360690632
"VISp","idiosyncratic",3,0.34,0.345,-0.137104452234657,8.03256360690632
"VISp","idiosyncratic",3,0.345,0.35,0.0220139213568734,8.03256360690632
"VISp","idiosyncratic",3,0.35,0.355,0.0711309865118797,8.03256360690632
"VISp","idiosyncratic",3,0.355,0.36,0.0604084160923979,8.03256360690632
"VISp","idiosyncratic",3,0.36,0.365,-0.197066577857695,8.03256360690632
"VISp","idiosyncratic",3,0.365,0.37,-0.158287167677781,8.03256360690632
"VISp","idiosyncratic",3,0.37,0.375,0.0827948292639652,8.03256360690632
"VISp","idiosyncratic",3,0.375,0.38,-0.241214120702044,8.03256360690632
"VISp","idiosyncratic",3,0.38,0.385,-0.090558345198188,8.03256360690632
"VISp","idiosyncratic",3,0.385,0.39,-0.109304970965111,8.03256360690632
"VISp","idiosyncratic",3,0.39,0.395,0.147442057912214,8.03256360690632
"VISp","idiosyncratic",3,0.395,0.4,0.105280487415506,8.03256360690632
"VISp","idiosyncratic",3,0.4,0.405,0.0983928795558011,8.03256360690632
"VISp","idiosyncratic",3,0.405,0.41,-0.50235228318778,8.03256360690632
"VISp","idiosyncratic",3,0.41,0.415,0.0442818192444669,8.03256360690632
"VISp","idiosyncratic",3,0.415,0.42,0.0678198229523372,8.03256360690632
"VISp","idiosyncratic",3,0.42,0.425,-0.0444219657019382,8.03256360690632
"VISp","idiosyncratic",3,0.425,0.43,-0.0608293886769699,8.03256360690632
"VISp","idiosyncratic",3,0.43,0.435,0.206385700089776,8.03256360690632
"VISp","idiosyncratic",3,0.435,0.44,0.0156534701547134,8.03256360690632
"VISp","idiosyncratic",3,0.44,0.445,0.0115650252931697,8.03256360690632
"VISp","idiosyncratic",3,0.445,0.45,0.0925915321027724,8.03256360690632
"VISp","idiosyncratic",3,0.45,0.455,-0.00770038864260517,8.03256360690632
"VISp","idiosyncratic",3,0.455,0.46,0.260448699721956,8.03256360690632
"VISp","idiosyncratic",3,0.46,0.465,-0.0318104533544754,8.03256360690632
"VISp","idiosyncratic",3,0.465,0.47,-0.0403375365744625,8.03256360690632
"VISp","idiosyncratic",3,0.47,0.475,-0.0128600787586754,8.03256360690632
"VISp","idiosyncratic",3,0.475,0.48,-0.0193218566575316,8.03256360690632
"VISp","idiosyncratic",3,0.48,0.485,0.0825840019088261,8.03256360690632
"VISp","idiosyncratic",3,0.485,0.49,-0.177938892758385,8.03256360690632
"VISp","idiosyncratic",3,0.49,0.495,-0.111171187561959,8.03256360690632
"VISp","idiosyncratic",3,0.495,0.5,-0.0221057761743281,8.03256360690632
"VISp","idiosyncratic",3,0.5,0.505,-0.0419674008317181,8.03256360690632
"VISp","idiosyncratic",3,0.505,0.51,-0.112681869856923,8.03256360690632
"VISp","idiosyncratic",3,0.51,0.515,-0.0526147723675931,8.03256360690632
"VISp","idiosyncratic",3,0.515,0.52,0.0655553418828615,8.03256360690632
"VISp","idiosyncratic",3,0.52,0.525,0.0607382951445632,8.03256360690632
"VISp","idiosyncratic",3,0.525,0.53,-0.00991152275743179,8.03256360690632
"VISp","idiosyncratic",3,0.53,0.535,0.0794160319856677,8.03256360690632
"VISp","idiosyncratic",3,0.535,0.54,-0.0309337630511068,8.03256360690632
"VISp","idiosyncratic",3,0.54,0.545,-0.00386402485746823,8.03256360690632
"VISp","idiosyncratic",3,0.545,0.55,0.0641612324652823,8.03256360690632
"VISp","idiosyncratic",3,0.55,0.555,-0.0398693204420069,8.03256360690632
"VISp","idiosyncratic",3,0.555,0.56,0.0323292138798371,8.03256360690632
"VISp","idiosyncratic",3,0.56,0.565,-0.125608979714941,8.03256360690632
"VISp","idiosyncratic",3,0.565,0.57,-0.0822603871398227,8.03256360690632
"VISp","idiosyncratic",3,0.57,0.575,0.110241458681033,8.03256360690632
"VISp","idiosyncratic",3,0.575,0.58,0.161396376303402,8.03256360690632
"VISp","idiosyncratic",3,0.58,0.585,0.165055045304101,8.03256360690632
"VISp","idiosyncratic",3,0.585,0.59,-0.0477493698828872,8.03256360690632
"VISp","idiosyncratic",3,0.59,0.595,-0.050748632198866,8.03256360690632
"VISp","idiosyncratic",3,0.595,0.6,-0.124286503593534,8.03256360690632
"VISp","idiosyncratic",3,0.6,0.605,-0.161375085576646,8.03256360690632
"VISp","idiosyncratic",3,0.605,0.61,-0.00188749004483457,8.03256360690632
"VISp","idiosyncratic",3,0.61,0.615,-0.015335346419322,8.03256360690632
"VISp","idiosyncratic",3,0.615,0.62,-0.167302209054854,8.03256360690632
"VISp","idiosyncratic",3,0.62,0.625,-0.0638829093456177,8.03256360690632
"VISp","idiosyncratic",3,0.625,0.63,-0.0158429028585531,8.03256360690632
"VISp","idiosyncratic",3,0.63,0.635,-0.0626602318479579,8.03256360690632
"VISp","idiosyncratic",3,0.635,0.64,-0.011073722381271,8.03256360690632
"VISp","idiosyncratic",3,0.64,0.645,-0.0611692152329859,8.03256360690632
"VISp","idiosyncratic",3,0.645,0.65,0.00658591218824167,8.03256360690632
"VISp","idiosyncratic",3,0.65,0.655,-0.124813425331573,8.03256360690632
"VISp","idiosyncratic",3,0.655,0.66,0.102864266788268,8.03256360690632
"VISp","idiosyncratic",3,0.66,0.665,-0.0650402670366752,8.03256360690632
"VISp","idiosyncratic",3,0.665,0.67,0.279585479790299,8.03256360690632
"VISp","idiosyncratic",3,0.67,0.675,-0.11871546571311,8.03256360690632
"VISp","idiosyncratic",3,0.675,0.68,-0.00427248118761114,8.03256360690632
"VISp","idiosyncratic",3,0.68,0.685,0.0994975619012236,8.03256360690632
"VISp","idiosyncratic",3,0.685,0.69,0.202507337727084,8.03256360690632
"VISp","idiosyncratic",3,0.69,0.695,-0.133357832499315,8.03256360690632
"VISp","idiosyncratic",3,0.695,0.7,-0.00935389223837912,8.03256360690632
"VISp","idiosyncratic",3,0.7,0.705,0.0535149463432518,8.03256360690632
"VISp","idiosyncratic",3,0.705,0.71,-0.194436332263287,8.03256360690632
"VISp","idiosyncratic",3,0.71,0.715,0.0267739411913088,8.03256360690632
"VISp","idiosyncratic",3,0.715,0.72,-0.102237120333665,8.03256360690632
"VISp","idiosyncratic",3,0.72,0.725,-0.218756782439927,8.03256360690632
"VISp","idiosyncratic",3,0.725,0.73,0.0881310006408994,8.03256360690632
"VISp","idiosyncratic",3,0.73,0.735,-0.089039561265099,8.03256360690632
"VISp","idiosyncratic",3,0.735,0.74,-0.0169521636649534,8.03256360690632
"VISp","idiosyncratic",3,0.74,0.745,0.117216648566056,8.03256360690632
"VISp","idiosyncratic",3,0.745,0.75,-0.0547845001473521,8.03256360690632
"VISp","idiosyncratic",3,0.75,0.755,-0.134675667787589,8.03256360690632
"VISp","idiosyncratic",3,0.755,0.76,0.0403371696819979,8.03256360690632
"VISp","idiosyncratic",3,0.76,0.765,0.0337687718702808,8.03256360690632
"VISp","idiosyncratic",3,0.765,0.77,0.024230442435192,8.03256360690632
"VISp","idiosyncratic",3,0.77,0.775,0.0457748018457969,8.03256360690632
"VISp","idiosyncratic",3,0.775,0.78,0.0109339013249732,8.03256360690632
"VISp","idiosyncratic",3,0.78,0.785,0.0635503282795026,8.03256360690632
"VISp","idiosyncratic",3,0.785,0.79,-0.101256971000648,8.03256360690632
"VISp","idiosyncratic",3,0.79,0.795,-0.0697438172398708,8.03256360690632
"VISp","idiosyncratic",3,0.795,0.8,-0.00538218729158935,8.03256360690632
"VISp","idiosyncratic",3,0.8,0.805,0.00507773462013605,8.03256360690632
"VISp","idiosyncratic",3,0.805,0.81,-0.0300751250357225,8.03256360690632
"VISp","idiosyncratic",3,0.81,0.815,-0.0707087391644039,8.03256360690632
"VISp","idiosyncratic",3,0.815,0.82,-0.0857580348491565,8.03256360690632
"VISp","idiosyncratic",3,0.82,0.825,-0.0175710925970516,8.03256360690632
"VISp","idiosyncratic",3,0.825,0.83,-0.0131472143808462,8.03256360690632
"VISp","idiosyncratic",3,0.83,0.835,-0.0411187072036403,8.03256360690632
"VISp","idiosyncratic",3,0.835,0.84,-0.0694506205162388,8.03256360690632
"VISp","idiosyncratic",3,0.84,0.845,-0.0532272549162396,8.03256360690632
"VISp","idiosyncratic",3,0.845,0.85,-0.014065014235922,8.03256360690632
"VISp","idiosyncratic",3,0.85,0.855,-0.0218826525370723,8.03256360690632
"VISp","idiosyncratic",3,0.855,0.86,-0.0234579568230653,8.03256360690632
"VISp","idiosyncratic",3,0.86,0.865,0.0808650837890348,8.03256360690632
"VISp","idiosyncratic",3,0.865,0.87,0.187605267527128,8.03256360690632
"VISp","idiosyncratic",3,0.87,0.875,0.120847946422406,8.03256360690632
"VISp","idiosyncratic",3,0.875,0.88,0.0452702272092613,8.03256360690632
"VISp","idiosyncratic",3,0.88,0.885,0.0654951564676347,8.03256360690632
"VISp","idiosyncratic",3,0.885,0.89,0.0216660996314193,8.03256360690632
"VISp","idiosyncratic",3,0.89,0.895,0.127391620270144,8.03256360690632
"VISp","idiosyncratic",3,0.895,0.9,0.0356732544473303,8.03256360690632
"VISp","idiosyncratic",3,0.9,0.905,0.213467908314993,8.03256360690632
"VISp","idiosyncratic",3,0.905,0.91,0.0574150280803621,8.03256360690632
"VISp","idiosyncratic",3,0.91,0.915,0.0212328693739274,8.03256360690632
"VISp","idiosyncratic",3,0.915,0.92,-0.0202762594570416,8.03256360690632
"VISp","idiosyncratic",3,0.92,0.925,0.133948457303016,8.03256360690632
"VISp","idiosyncratic",3,0.925,0.93,0.0576365583001305,8.03256360690632
"VISp","idiosyncratic",3,0.93,0.935,0.071270767146816,8.03256360690632
"VISp","idiosyncratic",3,0.935,0.94,0.105527085809563,8.03256360690632
"VISp","idiosyncratic",3,0.94,0.945,0.243801365351353,8.03256360690632
"VISp","idiosyncratic",3,0.945,0.95,0.130554071417426,8.03256360690632
"VISp","idiosyncratic",3,0.95,0.955,0.0821212047036727,8.03256360690632
"VISp","idiosyncratic",3,0.955,0.96,0.109636612366366,8.03256360690632
"VISp","idiosyncratic",3,0.96,0.965,-0.00324740134685897,8.03256360690632
"VISp","idiosyncratic",3,0.965,0.97,0.0222850597190578,8.03256360690632
"VISp","idiosyncratic",3,0.97,0.975,-0.161135057212688,8.03256360690632
"VISp","idiosyncratic",3,0.975,0.98,0.0316786598008712,8.03256360690632
"VISp","idiosyncratic",3,0.98,0.985,0.0724148087542998,8.03256360690632
"VISp","idiosyncratic",3,0.985,0.99,0.17243792060972,8.03256360690632
"VISp","idiosyncratic",3,0.99,0.995,0.0647548293978678,8.03256360690632
"VISp","idiosyncratic",3,0.995,1,0.0293668367055406,8.03256360690632
"VISp","idiosyncratic",3,1,1.005,0.00646278989276616,8.03256360690632
"VISp","idiosyncratic",3,1.005,1.01,-0.10418028655155,8.03256360690632
"VISp","idiosyncratic",3,1.01,1.015,0.165327934000802,8.03256360690632
"VISp","idiosyncratic",3,1.015,1.02,-0.077977412951551,8.03256360690632
"VISp","idiosyncratic",3,1.02,1.025,-0.117501007134304,8.03256360690632
"VISp","idiosyncratic",3,1.025,1.03,0.0521547177997926,8.03256360690632
"VISp","idiosyncratic",3,1.03,1.035,-0.187711974305893,8.03256360690632
"VISp","idiosyncratic",3,1.035,1.04,-0.0061404073315402,8.03256360690632
"VISp","idiosyncratic",3,1.04,1.045,0.0235668234651273,8.03256360690632
"VISp","idiosyncratic",3,1.045,1.05,-0.183688257748905,8.03256360690632
"VISp","idiosyncratic",3,1.05,1.055,-0.159080587467766,8.03256360690632
"VISp","idiosyncratic",3,1.055,1.06,-0.0605790069165426,8.03256360690632
"VISp","idiosyncratic",3,1.06,1.065,-0.147684904808426,8.03256360690632
"VISp","idiosyncratic",3,1.065,1.07,-0.0677944141217555,8.03256360690632
"VISp","idiosyncratic",3,1.07,1.075,-0.0994797424701622,8.03256360690632
"VISp","idiosyncratic",3,1.075,1.08,0.114163438509004,8.03256360690632
"VISp","idiosyncratic",3,1.08,1.085,-0.100709649586132,8.03256360690632
"VISp","idiosyncratic",3,1.085,1.09,0.185247069209906,8.03256360690632
"VISp","idiosyncratic",3,1.09,1.095,0.103524250158983,8.03256360690632
"VISp","idiosyncratic",3,1.095,1.1,0.0419867584308891,8.03256360690632
"VISp","idiosyncratic",3,1.1,1.105,-0.0138467334767261,8.03256360690632
"VISp","idiosyncratic",3,1.105,1.11,-0.00740455735327745,8.03256360690632
"VISp","idiosyncratic",3,1.11,1.115,0.0639997515983736,8.03256360690632
"VISp","idiosyncratic",3,1.115,1.12,-0.138573408700807,8.03256360690632
"VISp","idiosyncratic",3,1.12,1.125,0.0714279971449613,8.03256360690632
"VISp","idiosyncratic",3,1.125,1.13,-0.111568626291591,8.03256360690632
"VISp","idiosyncratic",3,1.13,1.135,-0.00761355247700901,8.03256360690632
"VISp","idiosyncratic",3,1.135,1.14,0.022479582569198,8.03256360690632
"VISp","idiosyncratic",3,1.14,1.145,0.00687486262799264,8.03256360690632
"VISp","idiosyncratic",3,1.145,1.15,-0.0912458436912222,8.03256360690632
"VISp","idiosyncratic",3,1.15,1.155,-0.085486697339794,8.03256360690632
"VISp","idiosyncratic",3,1.155,1.16,0.0556347433976584,8.03256360690632
"VISp","idiosyncratic",3,1.16,1.165,0.1521895856648,8.03256360690632
"VISp","idiosyncratic",3,1.165,1.17,0.0743000002132978,8.03256360690632
"VISp","idiosyncratic",3,1.17,1.175,-0.107091192813042,8.03256360690632
"VISp","idiosyncratic",3,1.175,1.18,-0.0869128973100033,8.03256360690632
"VISp","idiosyncratic",3,1.18,1.185,0.0109235652640752,8.03256360690632
"VISp","idiosyncratic",3,1.185,1.19,-0.00328387832665022,8.03256360690632
"VISp","idiosyncratic",3,1.19,1.195,0.0135313698351477,8.03256360690632
"VISp","idiosyncratic",3,1.195,1.2,-0.10970135356023,8.03256360690632
"VISp","idiosyncratic",3,1.2,1.205,0.141666782171808,8.03256360690632
"VISp","idiosyncratic",3,1.205,1.21,0.147442913739744,8.03256360690632
"VISp","idiosyncratic",3,1.21,1.215,0.00330954896549897,8.03256360690632
"VISp","idiosyncratic",3,1.215,1.22,-0.0435093874634703,8.03256360690632
"VISp","idiosyncratic",3,1.22,1.225,0.0216856385063141,8.03256360690632
"VISp","idiosyncratic",3,1.225,1.23,-0.111283656111069,8.03256360690632
"VISp","idiosyncratic",3,1.23,1.235,0.01977153224885,8.03256360690632
"VISp","idiosyncratic",3,1.235,1.24,-0.150884805616868,8.03256360690632
"VISp","idiosyncratic",3,1.24,1.245,-0.0111546876405859,8.03256360690632
"VISp","idiosyncratic",3,1.245,1.25,0.0613108283930116,8.03256360690632
"VISp","idiosyncratic",3,1.25,1.255,-0.0746247521771339,8.03256360690632
"VISp","idiosyncratic",3,1.255,1.26,0.0959600225853804,8.03256360690632
"VISp","idiosyncratic",3,1.26,1.265,-0.0525854336629334,8.03256360690632
"VISp","idiosyncratic",3,1.265,1.27,0.0694845274338979,8.03256360690632
"VISp","idiosyncratic",3,1.27,1.275,0.081875465683598,8.03256360690632
"VISp","idiosyncratic",3,1.275,1.28,0.0673960365510931,8.03256360690632
"VISp","idiosyncratic",3,1.28,1.285,0.160669175125472,8.03256360690632
"VISp","idiosyncratic",3,1.285,1.29,-0.0163111399443897,8.03256360690632
"VISp","idiosyncratic",3,1.29,1.295,-0.0858960138061771,8.03256360690632
"VISp","idiosyncratic",3,1.295,1.3,0.272292395204457,8.03256360690632
"VISp","idiosyncratic",3,1.3,1.305,0.209709586908048,8.03256360690632
"VISp","idiosyncratic",3,1.305,1.31,-0.0189184301303625,8.03256360690632
"VISp","idiosyncratic",3,1.31,1.315,-0.022295276166489,8.03256360690632
"VISp","idiosyncratic",3,1.315,1.32,-0.0374693675234162,8.03256360690632
"VISp","idiosyncratic",3,1.32,1.325,0.0835219952299014,8.03256360690632
"VISp","idiosyncratic",3,1.325,1.33,-0.0523913033228786,8.03256360690632
"VISp","idiosyncratic",3,1.33,1.335,0.155494183295692,8.03256360690632
"VISp","idiosyncratic",3,1.335,1.34,0.0366921493878263,8.03256360690632
"VISp","idiosyncratic",3,1.34,1.345,-0.0417551759612597,8.03256360690632
"VISp","idiosyncratic",3,1.345,1.35,0.189496455643175,8.03256360690632
"VISp","idiosyncratic",3,1.35,1.355,-0.195991327841743,8.03256360690632
"VISp","idiosyncratic",3,1.355,1.36,-0.0352919774146737,8.03256360690632
"VISp","idiosyncratic",3,1.36,1.365,0.0538774277411599,8.03256360690632
"VISp","idiosyncratic",3,1.365,1.37,0.183652116327008,8.03256360690632
"VISp","idiosyncratic",3,1.37,1.375,0.168968654874971,8.03256360690632
"VISp","idiosyncratic",3,1.375,1.38,-0.017555118562407,8.03256360690632
"VISp","idiosyncratic",3,1.38,1.385,0.0623401660970773,8.03256360690632
"VISp","idiosyncratic",3,1.385,1.39,-0.0649916329600685,8.03256360690632
"VISp","idiosyncratic",3,1.39,1.395,0.0318157243769822,8.03256360690632
"VISp","idiosyncratic",3,1.395,1.4,-0.0750109174384109,8.03256360690632
"VISp","idiosyncratic",3,1.4,1.405,-6.12045285057761e-05,8.03256360690632
"VISp","idiosyncratic",3,1.405,1.41,-0.0228342266911324,8.03256360690632
"VISp","idiosyncratic",3,1.41,1.415,0.00620433490246919,8.03256360690632
"VISp","idiosyncratic",3,1.415,1.42,0.103712130386113,8.03256360690632
"VISp","idiosyncratic",3,1.42,1.425,-0.0778809805051485,8.03256360690632
"VISp","idiosyncratic",3,1.425,1.43,0.141787878946713,8.03256360690632
"VISp","idiosyncratic",3,1.43,1.435,-0.0381897131956377,8.03256360690632
"VISp","idiosyncratic",3,1.435,1.44,-0.134920121551966,8.03256360690632
"VISp","idiosyncratic",3,1.44,1.445,-0.00712151547265394,8.03256360690632
"VISp","idiosyncratic",3,1.445,1.45,0.0809318667662118,8.03256360690632
"VISp","idiosyncratic",3,1.45,1.455,-0.0610178833174558,8.03256360690632
"VISp","idiosyncratic",3,1.455,1.46,-0.106408110834775,8.03256360690632
"VISp","idiosyncratic",3,1.46,1.465,-0.167285049072766,8.03256360690632
"VISp","idiosyncratic",3,1.465,1.47,-0.259747278544247,8.03256360690632
"VISp","idiosyncratic",3,1.47,1.475,-0.0258947194224002,8.03256360690632
"VISp","idiosyncratic",3,1.475,1.48,-0.240047708783293,8.03256360690632
"VISp","idiosyncratic",3,1.48,1.485,-0.0279483801738034,8.03256360690632
"VISp","idiosyncratic",3,1.485,1.49,-0.137893500504197,8.03256360690632
"VISp","idiosyncratic",3,1.49,1.495,-0.134693790766394,8.03256360690632
"VISp","idiosyncratic",3,1.495,1.5,0.00625585966450851,8.03256360690632
"VISp","idiosyncratic",3,1.5,1.505,-0.158897908873156,8.03256360690632
"VISp","idiosyncratic",3,1.505,1.51,0.0474234136064687,8.03256360690632
"VISp","idiosyncratic",3,1.51,1.515,-0.105757245626481,8.03256360690632
"VISp","idiosyncratic",3,1.515,1.52,0.0240889172149919,8.03256360690632
"VISp","idiosyncratic",3,1.52,1.525,-0.0192898612587728,8.03256360690632
"VISp","idiosyncratic",3,1.525,1.53,-0.0272430878702568,8.03256360690632
"VISp","idiosyncratic",3,1.53,1.535,0.057470565579047,8.03256360690632
"VISp","idiosyncratic",3,1.535,1.54,0.00585470251189119,8.03256360690632
"VISp","idiosyncratic",3,1.54,1.545,-0.0213892307011231,8.03256360690632
"VISp","idiosyncratic",3,1.545,1.55,0.0549691652328629,8.03256360690632
"VISp","idiosyncratic",3,1.55,1.555,0.0109272627885669,8.03256360690632
"VISp","idiosyncratic",3,1.555,1.56,-0.0926776611600292,8.03256360690632
"VISp","idiosyncratic",3,1.56,1.565,-0.203253806819291,8.03256360690632
"VISp","idiosyncratic",3,1.565,1.57,0.0390701893961861,8.03256360690632
"VISp","idiosyncratic",3,1.57,1.575,-0.134549099645394,8.03256360690632
"VISp","idiosyncratic",3,1.575,1.58,-0.175291653239281,8.03256360690632
"VISp","idiosyncratic",3,1.58,1.585,0.0949008552558532,8.03256360690632
"VISp","idiosyncratic",3,1.585,1.59,0.156757387495943,8.03256360690632
"VISp","idiosyncratic",3,1.59,1.595,0.0838326774880698,8.03256360690632
"VISp","idiosyncratic",3,1.595,1.6,0.064833285134831,8.03256360690632
"VISp","idiosyncratic",3,1.6,1.605,-0.217832398385063,8.03256360690632
"VISp","idiosyncratic",3,1.605,1.61,0.0345175014270531,8.03256360690632
"VISp","idiosyncratic",3,1.61,1.615,-0.0506434441157643,8.03256360690632
"VISp","idiosyncratic",3,1.615,1.62,-0.134236858976323,8.03256360690632
"VISp","idiosyncratic",3,1.62,1.625,-0.027630985632389,8.03256360690632
"VISp","idiosyncratic",3,1.625,1.63,0.0158530029033549,8.03256360690632
"VISp","idiosyncratic",3,1.63,1.635,-0.0138913023431534,8.03256360690632
"VISp","idiosyncratic",3,1.635,1.64,-0.0374700196547078,8.03256360690632
"VISp","idiosyncratic",3,1.64,1.645,-0.0189308208281238,8.03256360690632
"VISp","idiosyncratic",3,1.645,1.65,0.069575873640673,8.03256360690632
"VISp","idiosyncratic",3,1.65,1.655,0.0451741587837285,8.03256360690632
"VISp","idiosyncratic",3,1.655,1.66,0.0165094125601293,8.03256360690632
"VISp","idiosyncratic",3,1.66,1.665,-0.0234995450966721,8.03256360690632
"VISp","idiosyncratic",3,1.665,1.67,-0.122842742541463,8.03256360690632
"VISp","idiosyncratic",3,1.67,1.675,0.210857337176461,8.03256360690632
"VISp","idiosyncratic",3,1.675,1.68,0.0405058293813964,8.03256360690632
"VISp","idiosyncratic",3,1.68,1.685,0.117120188966415,8.03256360690632
"VISp","idiosyncratic",3,1.685,1.69,0.0811189216519523,8.03256360690632
"VISp","idiosyncratic",3,1.69,1.695,0.189628383598532,8.03256360690632
"VISp","idiosyncratic",3,1.695,1.7,-0.0338951684928723,8.03256360690632
"VISp","idiosyncratic",3,1.7,1.705,-0.0467354402907342,8.03256360690632
"VISp","idiosyncratic",3,1.705,1.71,0.0307432530276273,8.03256360690632
"VISp","idiosyncratic",3,1.71,1.715,-0.061897907252859,8.03256360690632
"VISp","idiosyncratic",3,1.715,1.72,0.0788957991213542,8.03256360690632
"VISp","idiosyncratic",3,1.72,1.725,0.20134890239387,8.03256360690632
"VISp","idiosyncratic",3,1.725,1.73,0.059160930219154,8.03256360690632
"VISp","idiosyncratic",3,1.73,1.735,-0.0738770862105586,8.03256360690632
"VISp","idiosyncratic",3,1.735,1.74,0.197165007777518,8.03256360690632
"VISp","idiosyncratic",3,1.74,1.745,-0.0712782984374064,8.03256360690632
"VISp","idiosyncratic",3,1.745,1.75,0.15159004707828,8.03256360690632
"VISp","idiosyncratic",3,1.75,1.755,0.057340830095182,8.03256360690632
"VISp","idiosyncratic",3,1.755,1.76,-0.00479071778260412,8.03256360690632
"VISp","idiosyncratic",3,1.76,1.765,0.0822061169494761,8.03256360690632
"VISp","idiosyncratic",3,1.765,1.77,0.182701559607015,8.03256360690632
"VISp","idiosyncratic",3,1.77,1.775,-0.167919026929044,8.03256360690632
"VISp","idiosyncratic",3,1.775,1.78,-0.202933655660237,8.03256360690632
"VISp","idiosyncratic",3,1.78,1.785,-0.0829102451541672,8.03256360690632
"VISp","idiosyncratic",3,1.785,1.79,-0.053132121902638,8.03256360690632
"VISp","idiosyncratic",3,1.79,1.795,0.0466953671744305,8.03256360690632
"VISp","idiosyncratic",3,1.795,1.8,-0.0245741233823366,8.03256360690632
"VISp","idiosyncratic",3,1.8,1.805,0.0108096713652392,8.03256360690632
"VISp","idiosyncratic",3,1.805,1.81,0.18098633306116,8.03256360690632
"VISp","idiosyncratic",3,1.81,1.815,0.0421915982952664,8.03256360690632
"VISp","idiosyncratic",3,1.815,1.82,0.0809194418711728,8.03256360690632
"VISp","idiosyncratic",3,1.82,1.825,-0.00621194225609994,8.03256360690632
"VISp","idiosyncratic",3,1.825,1.83,0.0442411024135325,8.03256360690632
"VISp","idiosyncratic",3,1.83,1.835,0.286075479411031,8.03256360690632
"VISp","idiosyncratic",3,1.835,1.84,0.00183647645213314,8.03256360690632
"VISp","idiosyncratic",3,1.84,1.845,0.0635229600783715,8.03256360690632
"VISp","idiosyncratic",3,1.845,1.85,-0.0266142672343522,8.03256360690632
"VISp","idiosyncratic",3,1.85,1.855,-0.135674692526442,8.03256360690632
"VISp","idiosyncratic",3,1.855,1.86,-0.0272165285714144,8.03256360690632
"VISp","idiosyncratic",3,1.86,1.865,0.128923903365506,8.03256360690632
"VISp","idiosyncratic",3,1.865,1.87,0.149875066581833,8.03256360690632
"VISp","idiosyncratic",3,1.87,1.875,-0.0932251940079044,8.03256360690632
"VISp","idiosyncratic",3,1.875,1.88,-0.119320819538096,8.03256360690632
"VISp","idiosyncratic",3,1.88,1.885,0.186610025486551,8.03256360690632
"VISp","idiosyncratic",3,1.885,1.89,0.119064583887343,8.03256360690632
"VISp","idiosyncratic",3,1.89,1.895,0.119288345889181,8.03256360690632
"VISp","idiosyncratic",3,1.895,1.9,-0.0276599166801981,8.03256360690632
"VISp","idiosyncratic",3,1.9,1.905,-0.111834957238577,8.03256360690632
"VISp","idiosyncratic",3,1.905,1.91,-0.0481675513560774,8.03256360690632
"VISp","idiosyncratic",3,1.91,1.915,0.0189897502013656,8.03256360690632
"VISp","idiosyncratic",3,1.915,1.92,-0.0325196195759233,8.03256360690632
"VISp","idiosyncratic",3,1.92,1.925,-0.0850009109441752,8.03256360690632
"VISp","idiosyncratic",3,1.925,1.93,0.20951248037167,8.03256360690632
"VISp","idiosyncratic",3,1.93,1.935,0.113219441271357,8.03256360690632
"VISp","idiosyncratic",3,1.935,1.94,0.0316849626461881,8.03256360690632
"VISp","idiosyncratic",3,1.94,1.945,0.0553710017148876,8.03256360690632
"VISp","idiosyncratic",3,1.945,1.95,-0.0408141043085674,8.03256360690632
"VISp","idiosyncratic",3,1.95,1.955,0.123314578992645,8.03256360690632
"VISp","idiosyncratic",3,1.955,1.96,0.0363596013348817,8.03256360690632
"VISp","idiosyncratic",3,1.96,1.965,0.124938447058534,8.03256360690632
"VISp","idiosyncratic",3,1.965,1.97,0.114997820556895,8.03256360690632
"VISp","idiosyncratic",3,1.97,1.975,0.0267212303825715,8.03256360690632
"VISp","idiosyncratic",3,1.975,1.98,0.0393605972688362,8.03256360690632
"VISp","idiosyncratic",3,1.98,1.985,0.0520350450496909,8.03256360690632
"VISp","idiosyncratic",3,1.985,1.99,0.0896247438761539,8.03256360690632
"VISp","idiosyncratic",3,1.99,1.995,0.0576904233476512,8.03256360690632
"VISp","idiosyncratic",3,1.995,2,-0.0520962639571669,8.03256360690632
"VISl","idiosyncratic",1,0,0.005,0.00163420361298191,1730.78091606362
"VISl","idiosyncratic",1,0.005,0.01,0.00159228739516854,1730.78091606362
"VISl","idiosyncratic",1,0.01,0.015,0.003993017199356,1730.78091606362
"VISl","idiosyncratic",1,0.015,0.02,0.00235751214079095,1730.78091606362
"VISl","idiosyncratic",1,0.02,0.025,0.00401341690069726,1730.78091606362
"VISl","idiosyncratic",1,0.025,0.03,0.000206424898835994,1730.78091606362
"VISl","idiosyncratic",1,0.03,0.035,0.00597327822946744,1730.78091606362
"VISl","idiosyncratic",1,0.035,0.04,0.00236624844677495,1730.78091606362
"VISl","idiosyncratic",1,0.04,0.045,-0.00329870930229141,1730.78091606362
"VISl","idiosyncratic",1,0.045,0.05,-0.00288223860029191,1730.78091606362
"VISl","idiosyncratic",1,0.05,0.055,0.00300809830531601,1730.78091606362
"VISl","idiosyncratic",1,0.055,0.06,0.00312676222268022,1730.78091606362
"VISl","idiosyncratic",1,0.06,0.065,0.00134728677937001,1730.78091606362
"VISl","idiosyncratic",1,0.065,0.07,0.00440275993608958,1730.78091606362
"VISl","idiosyncratic",1,0.07,0.075,0.0081626538580453,1730.78091606362
"VISl","idiosyncratic",1,0.075,0.08,-0.000859340068407724,1730.78091606362
"VISl","idiosyncratic",1,0.08,0.085,0.00383326631187923,1730.78091606362
"VISl","idiosyncratic",1,0.085,0.09,-0.00119530221050831,1730.78091606362
"VISl","idiosyncratic",1,0.09,0.095,0.00345978397163126,1730.78091606362
"VISl","idiosyncratic",1,0.095,0.1,0.00124238610143233,1730.78091606362
"VISl","idiosyncratic",1,0.1,0.105,0.00725865018678908,1730.78091606362
"VISl","idiosyncratic",1,0.105,0.11,0.00654353405081086,1730.78091606362
"VISl","idiosyncratic",1,0.11,0.115,0.008859079053664,1730.78091606362
"VISl","idiosyncratic",1,0.115,0.12,0.00878696476836402,1730.78091606362
"VISl","idiosyncratic",1,0.12,0.125,0.00501894188756213,1730.78091606362
"VISl","idiosyncratic",1,0.125,0.13,0.00749598045162857,1730.78091606362
"VISl","idiosyncratic",1,0.13,0.135,-0.00117810207034807,1730.78091606362
"VISl","idiosyncratic",1,0.135,0.14,0.00850989499902324,1730.78091606362
"VISl","idiosyncratic",1,0.14,0.145,-0.000420467785359285,1730.78091606362
"VISl","idiosyncratic",1,0.145,0.15,0.00110326865925509,1730.78091606362
"VISl","idiosyncratic",1,0.15,0.155,0.00270875453733117,1730.78091606362
"VISl","idiosyncratic",1,0.155,0.16,0.00301175292137942,1730.78091606362
"VISl","idiosyncratic",1,0.16,0.165,0.00552957906468723,1730.78091606362
"VISl","idiosyncratic",1,0.165,0.17,0.00462835280382715,1730.78091606362
"VISl","idiosyncratic",1,0.17,0.175,-0.00144811537796147,1730.78091606362
"VISl","idiosyncratic",1,0.175,0.18,0.00271081804390166,1730.78091606362
"VISl","idiosyncratic",1,0.18,0.185,0.0042268150673312,1730.78091606362
"VISl","idiosyncratic",1,0.185,0.19,0.00211905910024253,1730.78091606362
"VISl","idiosyncratic",1,0.19,0.195,-0.000141306263778465,1730.78091606362
"VISl","idiosyncratic",1,0.195,0.2,0.00273332481532995,1730.78091606362
"VISl","idiosyncratic",1,0.2,0.205,0.00770298452871677,1730.78091606362
"VISl","idiosyncratic",1,0.205,0.21,0.00279182398113234,1730.78091606362
"VISl","idiosyncratic",1,0.21,0.215,0.00115515474041764,1730.78091606362
"VISl","idiosyncratic",1,0.215,0.22,0.0067422915235372,1730.78091606362
"VISl","idiosyncratic",1,0.22,0.225,0.00477449673877239,1730.78091606362
"VISl","idiosyncratic",1,0.225,0.23,6.86619374224706e-05,1730.78091606362
"VISl","idiosyncratic",1,0.23,0.235,0.00175780407687043,1730.78091606362
"VISl","idiosyncratic",1,0.235,0.24,0.00281770778256535,1730.78091606362
"VISl","idiosyncratic",1,0.24,0.245,0.00499277713062685,1730.78091606362
"VISl","idiosyncratic",1,0.245,0.25,0.0013516718068857,1730.78091606362
"VISl","idiosyncratic",1,0.25,0.255,0.0110181913735395,1730.78091606362
"VISl","idiosyncratic",1,0.255,0.26,0.0101226683161803,1730.78091606362
"VISl","idiosyncratic",1,0.26,0.265,0.00989104290779769,1730.78091606362
"VISl","idiosyncratic",1,0.265,0.27,0.00135009203229058,1730.78091606362
"VISl","idiosyncratic",1,0.27,0.275,0.00600144292381219,1730.78091606362
"VISl","idiosyncratic",1,0.275,0.28,0.00447890326788017,1730.78091606362
"VISl","idiosyncratic",1,0.28,0.285,0.00473660438639095,1730.78091606362
"VISl","idiosyncratic",1,0.285,0.29,0.000805799248701333,1730.78091606362
"VISl","idiosyncratic",1,0.29,0.295,0.00710069247166201,1730.78091606362
"VISl","idiosyncratic",1,0.295,0.3,0.00915828146643902,1730.78091606362
"VISl","idiosyncratic",1,0.3,0.305,0.00740180827315692,1730.78091606362
"VISl","idiosyncratic",1,0.305,0.31,0.00507424656278455,1730.78091606362
"VISl","idiosyncratic",1,0.31,0.315,0.00554369690806966,1730.78091606362
"VISl","idiosyncratic",1,0.315,0.32,0.00342228231400912,1730.78091606362
"VISl","idiosyncratic",1,0.32,0.325,0.0017654438439515,1730.78091606362
"VISl","idiosyncratic",1,0.325,0.33,0.00845208329776997,1730.78091606362
"VISl","idiosyncratic",1,0.33,0.335,0.00395946680196985,1730.78091606362
"VISl","idiosyncratic",1,0.335,0.34,0.00829586690851514,1730.78091606362
"VISl","idiosyncratic",1,0.34,0.345,0.0038670467917446,1730.78091606362
"VISl","idiosyncratic",1,0.345,0.35,0.000571731151718768,1730.78091606362
"VISl","idiosyncratic",1,0.35,0.355,0.00290478191451182,1730.78091606362
"VISl","idiosyncratic",1,0.355,0.36,-0.0019426135827883,1730.78091606362
"VISl","idiosyncratic",1,0.36,0.365,0.00255554373955058,1730.78091606362
"VISl","idiosyncratic",1,0.365,0.37,-0.000891723747922846,1730.78091606362
"VISl","idiosyncratic",1,0.37,0.375,0.00727151920475183,1730.78091606362
"VISl","idiosyncratic",1,0.375,0.38,0.00626954690247833,1730.78091606362
"VISl","idiosyncratic",1,0.38,0.385,-0.000113656582368782,1730.78091606362
"VISl","idiosyncratic",1,0.385,0.39,0.00517607632081402,1730.78091606362
"VISl","idiosyncratic",1,0.39,0.395,0.000932557783652532,1730.78091606362
"VISl","idiosyncratic",1,0.395,0.4,0.000559594235943928,1730.78091606362
"VISl","idiosyncratic",1,0.4,0.405,0.00428267366965207,1730.78091606362
"VISl","idiosyncratic",1,0.405,0.41,0.00777378374175658,1730.78091606362
"VISl","idiosyncratic",1,0.41,0.415,0.0015750331633515,1730.78091606362
"VISl","idiosyncratic",1,0.415,0.42,-0.00128246951266781,1730.78091606362
"VISl","idiosyncratic",1,0.42,0.425,0.00770789940174793,1730.78091606362
"VISl","idiosyncratic",1,0.425,0.43,0.00212996714552138,1730.78091606362
"VISl","idiosyncratic",1,0.43,0.435,0.00324422569652594,1730.78091606362
"VISl","idiosyncratic",1,0.435,0.44,0.000388704338850465,1730.78091606362
"VISl","idiosyncratic",1,0.44,0.445,0.00352394896112995,1730.78091606362
"VISl","idiosyncratic",1,0.445,0.45,0.00500892522666074,1730.78091606362
"VISl","idiosyncratic",1,0.45,0.455,0.00489667081941991,1730.78091606362
"VISl","idiosyncratic",1,0.455,0.46,0.00720977491767438,1730.78091606362
"VISl","idiosyncratic",1,0.46,0.465,0.00104763643463829,1730.78091606362
"VISl","idiosyncratic",1,0.465,0.47,0.00104941029992817,1730.78091606362
"VISl","idiosyncratic",1,0.47,0.475,0.0032086546635372,1730.78091606362
"VISl","idiosyncratic",1,0.475,0.48,0.00149620485669022,1730.78091606362
"VISl","idiosyncratic",1,0.48,0.485,0.00282746852978361,1730.78091606362
"VISl","idiosyncratic",1,0.485,0.49,0.00487114774878722,1730.78091606362
"VISl","idiosyncratic",1,0.49,0.495,-0.00075045133957069,1730.78091606362
"VISl","idiosyncratic",1,0.495,0.5,0.00382949352709933,1730.78091606362
"VISl","idiosyncratic",1,0.5,0.505,0.0114323725700709,1730.78091606362
"VISl","idiosyncratic",1,0.505,0.51,0.00274217955699085,1730.78091606362
"VISl","idiosyncratic",1,0.51,0.515,0.00302509393356992,1730.78091606362
"VISl","idiosyncratic",1,0.515,0.52,0.00345009512777017,1730.78091606362
"VISl","idiosyncratic",1,0.52,0.525,0.00774348800884389,1730.78091606362
"VISl","idiosyncratic",1,0.525,0.53,0.00245523037179352,1730.78091606362
"VISl","idiosyncratic",1,0.53,0.535,0.00618043054716,1730.78091606362
"VISl","idiosyncratic",1,0.535,0.54,0.00135827969668351,1730.78091606362
"VISl","idiosyncratic",1,0.54,0.545,-0.00101966820828453,1730.78091606362
"VISl","idiosyncratic",1,0.545,0.55,0.00126548562662848,1730.78091606362
"VISl","idiosyncratic",1,0.55,0.555,0.0037199752057529,1730.78091606362
"VISl","idiosyncratic",1,0.555,0.56,0.0054307928143027,1730.78091606362
"VISl","idiosyncratic",1,0.56,0.565,0.00786623032169242,1730.78091606362
"VISl","idiosyncratic",1,0.565,0.57,-0.00282769258410298,1730.78091606362
"VISl","idiosyncratic",1,0.57,0.575,0.00186880818041602,1730.78091606362
"VISl","idiosyncratic",1,0.575,0.58,0.000468995452162779,1730.78091606362
"VISl","idiosyncratic",1,0.58,0.585,0.00280568097272044,1730.78091606362
"VISl","idiosyncratic",1,0.585,0.59,0.00423985580783975,1730.78091606362
"VISl","idiosyncratic",1,0.59,0.595,0.00388305705058045,1730.78091606362
"VISl","idiosyncratic",1,0.595,0.6,0.0044143446915339,1730.78091606362
"VISl","idiosyncratic",1,0.6,0.605,0.00407871229646567,1730.78091606362
"VISl","idiosyncratic",1,0.605,0.61,-0.00128660957811655,1730.78091606362
"VISl","idiosyncratic",1,0.61,0.615,0.00402108693264647,1730.78091606362
"VISl","idiosyncratic",1,0.615,0.62,0.00640806178082232,1730.78091606362
"VISl","idiosyncratic",1,0.62,0.625,0.00671634701363699,1730.78091606362
"VISl","idiosyncratic",1,0.625,0.63,0.00342335489854034,1730.78091606362
"VISl","idiosyncratic",1,0.63,0.635,0.00855726702383236,1730.78091606362
"VISl","idiosyncratic",1,0.635,0.64,0.00473676997050448,1730.78091606362
"VISl","idiosyncratic",1,0.64,0.645,0.00353735219392254,1730.78091606362
"VISl","idiosyncratic",1,0.645,0.65,-0.00150211428638075,1730.78091606362
"VISl","idiosyncratic",1,0.65,0.655,0.00403426889103253,1730.78091606362
"VISl","idiosyncratic",1,0.655,0.66,0.000488855174185732,1730.78091606362
"VISl","idiosyncratic",1,0.66,0.665,0.00816512997802749,1730.78091606362
"VISl","idiosyncratic",1,0.665,0.67,0.00535675293580196,1730.78091606362
"VISl","idiosyncratic",1,0.67,0.675,0.00160074201362953,1730.78091606362
"VISl","idiosyncratic",1,0.675,0.68,0.00476717974265739,1730.78091606362
"VISl","idiosyncratic",1,0.68,0.685,0.00533531608126409,1730.78091606362
"VISl","idiosyncratic",1,0.685,0.69,0.00947667813535846,1730.78091606362
"VISl","idiosyncratic",1,0.69,0.695,-0.000454533942391033,1730.78091606362
"VISl","idiosyncratic",1,0.695,0.7,0.00453836689611253,1730.78091606362
"VISl","idiosyncratic",1,0.7,0.705,0.00288624634333989,1730.78091606362
"VISl","idiosyncratic",1,0.705,0.71,0.00630708652156753,1730.78091606362
"VISl","idiosyncratic",1,0.71,0.715,0.00696083763863942,1730.78091606362
"VISl","idiosyncratic",1,0.715,0.72,-0.00277598927891687,1730.78091606362
"VISl","idiosyncratic",1,0.72,0.725,0.00741010358471228,1730.78091606362
"VISl","idiosyncratic",1,0.725,0.73,0.00321662640445231,1730.78091606362
"VISl","idiosyncratic",1,0.73,0.735,0.00507559186072937,1730.78091606362
"VISl","idiosyncratic",1,0.735,0.74,0.00836398849971443,1730.78091606362
"VISl","idiosyncratic",1,0.74,0.745,0.00379295472067442,1730.78091606362
"VISl","idiosyncratic",1,0.745,0.75,0.00669062276511168,1730.78091606362
"VISl","idiosyncratic",1,0.75,0.755,0.000817728671402285,1730.78091606362
"VISl","idiosyncratic",1,0.755,0.76,0.00475182704837096,1730.78091606362
"VISl","idiosyncratic",1,0.76,0.765,-0.00197188374997559,1730.78091606362
"VISl","idiosyncratic",1,0.765,0.77,0.00318500386830212,1730.78091606362
"VISl","idiosyncratic",1,0.77,0.775,-0.00375485986678514,1730.78091606362
"VISl","idiosyncratic",1,0.775,0.78,0.00476675784094538,1730.78091606362
"VISl","idiosyncratic",1,0.78,0.785,0.00144200732071187,1730.78091606362
"VISl","idiosyncratic",1,0.785,0.79,0.00286428224560942,1730.78091606362
"VISl","idiosyncratic",1,0.79,0.795,0.000552993607188967,1730.78091606362
"VISl","idiosyncratic",1,0.795,0.8,0.00201408115623425,1730.78091606362
"VISl","idiosyncratic",1,0.8,0.805,0.00189153875620796,1730.78091606362
"VISl","idiosyncratic",1,0.805,0.81,0.00125510881263013,1730.78091606362
"VISl","idiosyncratic",1,0.81,0.815,-0.00154911584336637,1730.78091606362
"VISl","idiosyncratic",1,0.815,0.82,-0.00101771812537155,1730.78091606362
"VISl","idiosyncratic",1,0.82,0.825,0.000165307598020137,1730.78091606362
"VISl","idiosyncratic",1,0.825,0.83,0.000898482961255054,1730.78091606362
"VISl","idiosyncratic",1,0.83,0.835,-0.00319980191085834,1730.78091606362
"VISl","idiosyncratic",1,0.835,0.84,-0.000480054846903499,1730.78091606362
"VISl","idiosyncratic",1,0.84,0.845,0.004764599935414,1730.78091606362
"VISl","idiosyncratic",1,0.845,0.85,0.00738648049250867,1730.78091606362
"VISl","idiosyncratic",1,0.85,0.855,0.00469882109112529,1730.78091606362
"VISl","idiosyncratic",1,0.855,0.86,0.000196719203646389,1730.78091606362
"VISl","idiosyncratic",1,0.86,0.865,0.00539981958776914,1730.78091606362
"VISl","idiosyncratic",1,0.865,0.87,-0.00472440451893852,1730.78091606362
"VISl","idiosyncratic",1,0.87,0.875,0.00273074697187126,1730.78091606362
"VISl","idiosyncratic",1,0.875,0.88,0.000344663661124511,1730.78091606362
"VISl","idiosyncratic",1,0.88,0.885,0.00154109877406594,1730.78091606362
"VISl","idiosyncratic",1,0.885,0.89,0.00280613484866654,1730.78091606362
"VISl","idiosyncratic",1,0.89,0.895,0.00192689935866341,1730.78091606362
"VISl","idiosyncratic",1,0.895,0.9,-0.00224234929488043,1730.78091606362
"VISl","idiosyncratic",1,0.9,0.905,-0.00231057718575256,1730.78091606362
"VISl","idiosyncratic",1,0.905,0.91,-0.00433826214615984,1730.78091606362
"VISl","idiosyncratic",1,0.91,0.915,0.00623074407552715,1730.78091606362
"VISl","idiosyncratic",1,0.915,0.92,0.00185010737779856,1730.78091606362
"VISl","idiosyncratic",1,0.92,0.925,-0.00127405222811505,1730.78091606362
"VISl","idiosyncratic",1,0.925,0.93,0.0017442732679378,1730.78091606362
"VISl","idiosyncratic",1,0.93,0.935,0.00200651142953923,1730.78091606362
"VISl","idiosyncratic",1,0.935,0.94,0.000123832841152582,1730.78091606362
"VISl","idiosyncratic",1,0.94,0.945,0.00750252764335224,1730.78091606362
"VISl","idiosyncratic",1,0.945,0.95,-0.000513996443656795,1730.78091606362
"VISl","idiosyncratic",1,0.95,0.955,-8.77599246773553e-05,1730.78091606362
"VISl","idiosyncratic",1,0.955,0.96,0.00765041956027568,1730.78091606362
"VISl","idiosyncratic",1,0.96,0.965,0.00655328613483985,1730.78091606362
"VISl","idiosyncratic",1,0.965,0.97,-0.0011495414544308,1730.78091606362
"VISl","idiosyncratic",1,0.97,0.975,0.00371160078024735,1730.78091606362
"VISl","idiosyncratic",1,0.975,0.98,0.000305935286512682,1730.78091606362
"VISl","idiosyncratic",1,0.98,0.985,0.00457180385544587,1730.78091606362
"VISl","idiosyncratic",1,0.985,0.99,0.00174488480511592,1730.78091606362
"VISl","idiosyncratic",1,0.99,0.995,0.00248190958143746,1730.78091606362
"VISl","idiosyncratic",1,0.995,1,-0.00212151098066071,1730.78091606362
"VISl","idiosyncratic",1,1,1.005,0.00108766169421415,1730.78091606362
"VISl","idiosyncratic",1,1.005,1.01,0.00586793298674271,1730.78091606362
"VISl","idiosyncratic",1,1.01,1.015,0.00896372798781464,1730.78091606362
"VISl","idiosyncratic",1,1.015,1.02,0.00871998172939803,1730.78091606362
"VISl","idiosyncratic",1,1.02,1.025,0.00043686386044739,1730.78091606362
"VISl","idiosyncratic",1,1.025,1.03,-0.00025079713033993,1730.78091606362
"VISl","idiosyncratic",1,1.03,1.035,0.00348835868017905,1730.78091606362
"VISl","idiosyncratic",1,1.035,1.04,0.00524222105507477,1730.78091606362
"VISl","idiosyncratic",1,1.04,1.045,0.00330826602578072,1730.78091606362
"VISl","idiosyncratic",1,1.045,1.05,0.00473545513062901,1730.78091606362
"VISl","idiosyncratic",1,1.05,1.055,0.00186589568633944,1730.78091606362
"VISl","idiosyncratic",1,1.055,1.06,0.00620181937640729,1730.78091606362
"VISl","idiosyncratic",1,1.06,1.065,-0.00214540077078917,1730.78091606362
"VISl","idiosyncratic",1,1.065,1.07,0.00452417744279876,1730.78091606362
"VISl","idiosyncratic",1,1.07,1.075,0.00552789335407411,1730.78091606362
"VISl","idiosyncratic",1,1.075,1.08,-0.00114665108823275,1730.78091606362
"VISl","idiosyncratic",1,1.08,1.085,0.000403438608723938,1730.78091606362
"VISl","idiosyncratic",1,1.085,1.09,-0.000343784520225876,1730.78091606362
"VISl","idiosyncratic",1,1.09,1.095,0.00643548849605236,1730.78091606362
"VISl","idiosyncratic",1,1.095,1.1,0.000335351383047411,1730.78091606362
"VISl","idiosyncratic",1,1.1,1.105,0.00118820229363603,1730.78091606362
"VISl","idiosyncratic",1,1.105,1.11,0.00290637322187237,1730.78091606362
"VISl","idiosyncratic",1,1.11,1.115,0.00186835857150602,1730.78091606362
"VISl","idiosyncratic",1,1.115,1.12,0.00346825675654949,1730.78091606362
"VISl","idiosyncratic",1,1.12,1.125,0.00193275450054431,1730.78091606362
"VISl","idiosyncratic",1,1.125,1.13,0.00498805359054533,1730.78091606362
"VISl","idiosyncratic",1,1.13,1.135,0.00209689112128142,1730.78091606362
"VISl","idiosyncratic",1,1.135,1.14,0.00235979691678667,1730.78091606362
"VISl","idiosyncratic",1,1.14,1.145,0.00440244656982691,1730.78091606362
"VISl","idiosyncratic",1,1.145,1.15,0.000684611733984375,1730.78091606362
"VISl","idiosyncratic",1,1.15,1.155,0.00960508047122277,1730.78091606362
"VISl","idiosyncratic",1,1.155,1.16,0.00305527366542546,1730.78091606362
"VISl","idiosyncratic",1,1.16,1.165,0.000257639884323924,1730.78091606362
"VISl","idiosyncratic",1,1.165,1.17,0.00776885495653556,1730.78091606362
"VISl","idiosyncratic",1,1.17,1.175,0.00443121467895691,1730.78091606362
"VISl","idiosyncratic",1,1.175,1.18,0.00273579111052358,1730.78091606362
"VISl","idiosyncratic",1,1.18,1.185,-0.000604891294388898,1730.78091606362
"VISl","idiosyncratic",1,1.185,1.19,0.00322932629602146,1730.78091606362
"VISl","idiosyncratic",1,1.19,1.195,0.00141471903264445,1730.78091606362
"VISl","idiosyncratic",1,1.195,1.2,0.00480869232321202,1730.78091606362
"VISl","idiosyncratic",1,1.2,1.205,0.00453178237976448,1730.78091606362
"VISl","idiosyncratic",1,1.205,1.21,0.0047844631881615,1730.78091606362
"VISl","idiosyncratic",1,1.21,1.215,0.00187428561116654,1730.78091606362
"VISl","idiosyncratic",1,1.215,1.22,0.00695774880741917,1730.78091606362
"VISl","idiosyncratic",1,1.22,1.225,0.00151162744292654,1730.78091606362
"VISl","idiosyncratic",1,1.225,1.23,-0.00151977505014356,1730.78091606362
"VISl","idiosyncratic",1,1.23,1.235,-0.00341755243584341,1730.78091606362
"VISl","idiosyncratic",1,1.235,1.24,0.00187290170924925,1730.78091606362
"VISl","idiosyncratic",1,1.24,1.245,0.0061409457973518,1730.78091606362
"VISl","idiosyncratic",1,1.245,1.25,0.00362854094264364,1730.78091606362
"VISl","idiosyncratic",1,1.25,1.255,0.0020129435006192,1730.78091606362
"VISl","idiosyncratic",1,1.255,1.26,0.00629550418696634,1730.78091606362
"VISl","idiosyncratic",1,1.26,1.265,0.00329629092193917,1730.78091606362
"VISl","idiosyncratic",1,1.265,1.27,0.00918298268512241,1730.78091606362
"VISl","idiosyncratic",1,1.27,1.275,0.00255645786662573,1730.78091606362
"VISl","idiosyncratic",1,1.275,1.28,0.011216932063249,1730.78091606362
"VISl","idiosyncratic",1,1.28,1.285,0.00163853385512136,1730.78091606362
"VISl","idiosyncratic",1,1.285,1.29,0.00452302778664904,1730.78091606362
"VISl","idiosyncratic",1,1.29,1.295,0.0015620799741306,1730.78091606362
"VISl","idiosyncratic",1,1.295,1.3,0.00106720044647357,1730.78091606362
"VISl","idiosyncratic",1,1.3,1.305,0.00112348345662161,1730.78091606362
"VISl","idiosyncratic",1,1.305,1.31,0.00154321579425909,1730.78091606362
"VISl","idiosyncratic",1,1.31,1.315,0.00437602107680335,1730.78091606362
"VISl","idiosyncratic",1,1.315,1.32,0.002143357044604,1730.78091606362
"VISl","idiosyncratic",1,1.32,1.325,0.00913023953237013,1730.78091606362
"VISl","idiosyncratic",1,1.325,1.33,0.00178826704005275,1730.78091606362
"VISl","idiosyncratic",1,1.33,1.335,-1.04648912934158e-05,1730.78091606362
"VISl","idiosyncratic",1,1.335,1.34,-0.00253663259479042,1730.78091606362
"VISl","idiosyncratic",1,1.34,1.345,0.00632530242345464,1730.78091606362
"VISl","idiosyncratic",1,1.345,1.35,-0.00305639595181018,1730.78091606362
"VISl","idiosyncratic",1,1.35,1.355,0.00610028411491581,1730.78091606362
"VISl","idiosyncratic",1,1.355,1.36,-0.00238738638768421,1730.78091606362
"VISl","idiosyncratic",1,1.36,1.365,0.00407732843085196,1730.78091606362
"VISl","idiosyncratic",1,1.365,1.37,0.0036021039806291,1730.78091606362
"VISl","idiosyncratic",1,1.37,1.375,0.00745888045059817,1730.78091606362
"VISl","idiosyncratic",1,1.375,1.38,-0.000168816542923556,1730.78091606362
"VISl","idiosyncratic",1,1.38,1.385,0.000733272974633215,1730.78091606362
"VISl","idiosyncratic",1,1.385,1.39,0.0014906374872804,1730.78091606362
"VISl","idiosyncratic",1,1.39,1.395,0.00382036986032475,1730.78091606362
"VISl","idiosyncratic",1,1.395,1.4,-0.00262286153039171,1730.78091606362
"VISl","idiosyncratic",1,1.4,1.405,-0.000825638197680223,1730.78091606362
"VISl","idiosyncratic",1,1.405,1.41,0.00360493658409666,1730.78091606362
"VISl","idiosyncratic",1,1.41,1.415,0.00105447318846985,1730.78091606362
"VISl","idiosyncratic",1,1.415,1.42,-0.000692915359802315,1730.78091606362
"VISl","idiosyncratic",1,1.42,1.425,0.00259067820051673,1730.78091606362
"VISl","idiosyncratic",1,1.425,1.43,0.0013316175076491,1730.78091606362
"VISl","idiosyncratic",1,1.43,1.435,0.004892204344629,1730.78091606362
"VISl","idiosyncratic",1,1.435,1.44,0.00231722251031574,1730.78091606362
"VISl","idiosyncratic",1,1.44,1.445,0.00317966182473506,1730.78091606362
"VISl","idiosyncratic",1,1.445,1.45,0.00155028590538819,1730.78091606362
"VISl","idiosyncratic",1,1.45,1.455,0.00503343646010146,1730.78091606362
"VISl","idiosyncratic",1,1.455,1.46,0.000694292104893801,1730.78091606362
"VISl","idiosyncratic",1,1.46,1.465,0.00225014826641201,1730.78091606362
"VISl","idiosyncratic",1,1.465,1.47,-0.00081664439137985,1730.78091606362
"VISl","idiosyncratic",1,1.47,1.475,0.00138074905453811,1730.78091606362
"VISl","idiosyncratic",1,1.475,1.48,0.00155249762671927,1730.78091606362
"VISl","idiosyncratic",1,1.48,1.485,0.0059351575864145,1730.78091606362
"VISl","idiosyncratic",1,1.485,1.49,-0.000373245618353724,1730.78091606362
"VISl","idiosyncratic",1,1.49,1.495,0.00516837014520377,1730.78091606362
"VISl","idiosyncratic",1,1.495,1.5,0.00406761726425686,1730.78091606362
"VISl","idiosyncratic",1,1.5,1.505,-7.72907973083381e-05,1730.78091606362
"VISl","idiosyncratic",1,1.505,1.51,0.000874781539932035,1730.78091606362
"VISl","idiosyncratic",1,1.51,1.515,0.00802356612932686,1730.78091606362
"VISl","idiosyncratic",1,1.515,1.52,0.00385159407591451,1730.78091606362
"VISl","idiosyncratic",1,1.52,1.525,0.000962248877045879,1730.78091606362
"VISl","idiosyncratic",1,1.525,1.53,0.00526757389726906,1730.78091606362
"VISl","idiosyncratic",1,1.53,1.535,-0.000340607038564755,1730.78091606362
"VISl","idiosyncratic",1,1.535,1.54,-0.00530570308173062,1730.78091606362
"VISl","idiosyncratic",1,1.54,1.545,0.00610391669662824,1730.78091606362
"VISl","idiosyncratic",1,1.545,1.55,0.00360927142770762,1730.78091606362
"VISl","idiosyncratic",1,1.55,1.555,0.00527934755449921,1730.78091606362
"VISl","idiosyncratic",1,1.555,1.56,0.00515137650518005,1730.78091606362
"VISl","idiosyncratic",1,1.56,1.565,0.00114062487959987,1730.78091606362
"VISl","idiosyncratic",1,1.565,1.57,0.000431067798470797,1730.78091606362
"VISl","idiosyncratic",1,1.57,1.575,-0.00169698350477088,1730.78091606362
"VISl","idiosyncratic",1,1.575,1.58,0.00064945630488833,1730.78091606362
"VISl","idiosyncratic",1,1.58,1.585,0.00294052816596091,1730.78091606362
"VISl","idiosyncratic",1,1.585,1.59,0.000454485537235483,1730.78091606362
"VISl","idiosyncratic",1,1.59,1.595,-0.00106028369542133,1730.78091606362
"VISl","idiosyncratic",1,1.595,1.6,0.000336751852745176,1730.78091606362
"VISl","idiosyncratic",1,1.6,1.605,-0.000953271591751514,1730.78091606362
"VISl","idiosyncratic",1,1.605,1.61,0.00453242263489451,1730.78091606362
"VISl","idiosyncratic",1,1.61,1.615,0.0011575847114601,1730.78091606362
"VISl","idiosyncratic",1,1.615,1.62,0.00131293029828505,1730.78091606362
"VISl","idiosyncratic",1,1.62,1.625,0.00375767053232712,1730.78091606362
"VISl","idiosyncratic",1,1.625,1.63,0.00102062464898711,1730.78091606362
"VISl","idiosyncratic",1,1.63,1.635,0.00565285226685597,1730.78091606362
"VISl","idiosyncratic",1,1.635,1.64,0.00567381117049892,1730.78091606362
"VISl","idiosyncratic",1,1.64,1.645,0.00696097606784196,1730.78091606362
"VISl","idiosyncratic",1,1.645,1.65,0.00503280675736506,1730.78091606362
"VISl","idiosyncratic",1,1.65,1.655,-0.00118601850647893,1730.78091606362
"VISl","idiosyncratic",1,1.655,1.66,0.00542244355251775,1730.78091606362
"VISl","idiosyncratic",1,1.66,1.665,0.00914776430026654,1730.78091606362
"VISl","idiosyncratic",1,1.665,1.67,0.00127700071479508,1730.78091606362
"VISl","idiosyncratic",1,1.67,1.675,0.00383045480701927,1730.78091606362
"VISl","idiosyncratic",1,1.675,1.68,0.00274672764421247,1730.78091606362
"VISl","idiosyncratic",1,1.68,1.685,0.00548504526293825,1730.78091606362
"VISl","idiosyncratic",1,1.685,1.69,0.00637678985033618,1730.78091606362
"VISl","idiosyncratic",1,1.69,1.695,0.00818400286836329,1730.78091606362
"VISl","idiosyncratic",1,1.695,1.7,0.00344869341995002,1730.78091606362
"VISl","idiosyncratic",1,1.7,1.705,0.0030284453604188,1730.78091606362
"VISl","idiosyncratic",1,1.705,1.71,0.00470113278463424,1730.78091606362
"VISl","idiosyncratic",1,1.71,1.715,0.00608222321046425,1730.78091606362
"VISl","idiosyncratic",1,1.715,1.72,0.000574351771396087,1730.78091606362
"VISl","idiosyncratic",1,1.72,1.725,0.00402483563984357,1730.78091606362
"VISl","idiosyncratic",1,1.725,1.73,0.00125344231676627,1730.78091606362
"VISl","idiosyncratic",1,1.73,1.735,-0.000553013183164808,1730.78091606362
"VISl","idiosyncratic",1,1.735,1.74,0.00316203681315819,1730.78091606362
"VISl","idiosyncratic",1,1.74,1.745,0.00168860781373903,1730.78091606362
"VISl","idiosyncratic",1,1.745,1.75,-0.00034816494254053,1730.78091606362
"VISl","idiosyncratic",1,1.75,1.755,0.00203565083216417,1730.78091606362
"VISl","idiosyncratic",1,1.755,1.76,0.00263545913767338,1730.78091606362
"VISl","idiosyncratic",1,1.76,1.765,0.00368129168682896,1730.78091606362
"VISl","idiosyncratic",1,1.765,1.77,0.000329856326941824,1730.78091606362
"VISl","idiosyncratic",1,1.77,1.775,0.0059376360928991,1730.78091606362
"VISl","idiosyncratic",1,1.775,1.78,0.000643818387202844,1730.78091606362
"VISl","idiosyncratic",1,1.78,1.785,0.0047715556836645,1730.78091606362
"VISl","idiosyncratic",1,1.785,1.79,0.00208581557489218,1730.78091606362
"VISl","idiosyncratic",1,1.79,1.795,0.0037285884688647,1730.78091606362
"VISl","idiosyncratic",1,1.795,1.8,0.000261196479361736,1730.78091606362
"VISl","idiosyncratic",1,1.8,1.805,0.000350822741636225,1730.78091606362
"VISl","idiosyncratic",1,1.805,1.81,-0.00119987659703313,1730.78091606362
"VISl","idiosyncratic",1,1.81,1.815,5.00089661807923e-05,1730.78091606362
"VISl","idiosyncratic",1,1.815,1.82,0.00171080704215276,1730.78091606362
"VISl","idiosyncratic",1,1.82,1.825,-0.000102454339163227,1730.78091606362
"VISl","idiosyncratic",1,1.825,1.83,0.00151760686547009,1730.78091606362
"VISl","idiosyncratic",1,1.83,1.835,-0.000600605457566905,1730.78091606362
"VISl","idiosyncratic",1,1.835,1.84,0.000424613909119076,1730.78091606362
"VISl","idiosyncratic",1,1.84,1.845,-0.00334036229995416,1730.78091606362
"VISl","idiosyncratic",1,1.845,1.85,-0.00130873694154032,1730.78091606362
"VISl","idiosyncratic",1,1.85,1.855,-0.000271848055655166,1730.78091606362
"VISl","idiosyncratic",1,1.855,1.86,-0.000327787664176737,1730.78091606362
"VISl","idiosyncratic",1,1.86,1.865,0.00315124112278609,1730.78091606362
"VISl","idiosyncratic",1,1.865,1.87,-0.00262576563523798,1730.78091606362
"VISl","idiosyncratic",1,1.87,1.875,-0.00112922259743509,1730.78091606362
"VISl","idiosyncratic",1,1.875,1.88,0.00424452914329931,1730.78091606362
"VISl","idiosyncratic",1,1.88,1.885,0.00284702285908578,1730.78091606362
"VISl","idiosyncratic",1,1.885,1.89,0.00319291602307681,1730.78091606362
"VISl","idiosyncratic",1,1.89,1.895,0.00365043662305564,1730.78091606362
"VISl","idiosyncratic",1,1.895,1.9,0.00588945948547215,1730.78091606362
"VISl","idiosyncratic",1,1.9,1.905,0.0010279525012975,1730.78091606362
"VISl","idiosyncratic",1,1.905,1.91,0.000629877126877787,1730.78091606362
"VISl","idiosyncratic",1,1.91,1.915,0.00274123493023226,1730.78091606362
"VISl","idiosyncratic",1,1.915,1.92,0.00328434363837404,1730.78091606362
"VISl","idiosyncratic",1,1.92,1.925,-0.00031903367313757,1730.78091606362
"VISl","idiosyncratic",1,1.925,1.93,0.00198053724575886,1730.78091606362
"VISl","idiosyncratic",1,1.93,1.935,0.00448269089984255,1730.78091606362
"VISl","idiosyncratic",1,1.935,1.94,0.00474292490294093,1730.78091606362
"VISl","idiosyncratic",1,1.94,1.945,0.00531869223664794,1730.78091606362
"VISl","idiosyncratic",1,1.945,1.95,0.00228455501701075,1730.78091606362
"VISl","idiosyncratic",1,1.95,1.955,0.00233571344475503,1730.78091606362
"VISl","idiosyncratic",1,1.955,1.96,0.00135688711237858,1730.78091606362
"VISl","idiosyncratic",1,1.96,1.965,8.50884997132262e-05,1730.78091606362
"VISl","idiosyncratic",1,1.965,1.97,0.00526602619394145,1730.78091606362
"VISl","idiosyncratic",1,1.97,1.975,0.00607959056622165,1730.78091606362
"VISl","idiosyncratic",1,1.975,1.98,0.00197410846495405,1730.78091606362
"VISl","idiosyncratic",1,1.98,1.985,0.00441783005811058,1730.78091606362
"VISl","idiosyncratic",1,1.985,1.99,-0.00186584435321802,1730.78091606362
"VISl","idiosyncratic",1,1.99,1.995,0.00493609643063486,1730.78091606362
"VISl","idiosyncratic",1,1.995,2,-0.000381423924967761,1730.78091606362
"VISl","idiosyncratic",2,0,0.005,-0.0209862747264096,26.7293333957364
"VISl","idiosyncratic",2,0.005,0.01,-0.0206943072184009,26.7293333957364
"VISl","idiosyncratic",2,0.01,0.015,0.00451747535065646,26.7293333957364
"VISl","idiosyncratic",2,0.015,0.02,-0.0121397067016694,26.7293333957364
"VISl","idiosyncratic",2,0.02,0.025,0.00534756404957088,26.7293333957364
"VISl","idiosyncratic",2,0.025,0.03,0.0620630324550726,26.7293333957364
"VISl","idiosyncratic",2,0.03,0.035,0.0173410135769514,26.7293333957364
"VISl","idiosyncratic",2,0.035,0.04,-0.00430631072567812,26.7293333957364
"VISl","idiosyncratic",2,0.04,0.045,-0.00148472238046148,26.7293333957364
"VISl","idiosyncratic",2,0.045,0.05,-0.00547958633961284,26.7293333957364
"VISl","idiosyncratic",2,0.05,0.055,0.00307151100623464,26.7293333957364
"VISl","idiosyncratic",2,0.055,0.06,0.0320058912218993,26.7293333957364
"VISl","idiosyncratic",2,0.06,0.065,0.00143057208208917,26.7293333957364
"VISl","idiosyncratic",2,0.065,0.07,0.0139324284235768,26.7293333957364
"VISl","idiosyncratic",2,0.07,0.075,0.0413986156375448,26.7293333957364
"VISl","idiosyncratic",2,0.075,0.08,0.0294039088175572,26.7293333957364
"VISl","idiosyncratic",2,0.08,0.085,0.0673133177859651,26.7293333957364
"VISl","idiosyncratic",2,0.085,0.09,-0.0506613535433013,26.7293333957364
"VISl","idiosyncratic",2,0.09,0.095,0.0469192629437092,26.7293333957364
"VISl","idiosyncratic",2,0.095,0.1,-0.00175879790814901,26.7293333957364
"VISl","idiosyncratic",2,0.1,0.105,-0.0253431968937935,26.7293333957364
"VISl","idiosyncratic",2,0.105,0.11,-0.0371788208262652,26.7293333957364
"VISl","idiosyncratic",2,0.11,0.115,0.0150489055495659,26.7293333957364
"VISl","idiosyncratic",2,0.115,0.12,-0.0100986172744507,26.7293333957364
"VISl","idiosyncratic",2,0.12,0.125,-0.00710697814869654,26.7293333957364
"VISl","idiosyncratic",2,0.125,0.13,-0.00926654982836794,26.7293333957364
"VISl","idiosyncratic",2,0.13,0.135,-0.00883131002943584,26.7293333957364
"VISl","idiosyncratic",2,0.135,0.14,-0.000494819842116412,26.7293333957364
"VISl","idiosyncratic",2,0.14,0.145,-0.0463355481387298,26.7293333957364
"VISl","idiosyncratic",2,0.145,0.15,0.0318830644832799,26.7293333957364
"VISl","idiosyncratic",2,0.15,0.155,0.000588644198508875,26.7293333957364
"VISl","idiosyncratic",2,0.155,0.16,0.0402264454619435,26.7293333957364
"VISl","idiosyncratic",2,0.16,0.165,0.104098668441993,26.7293333957364
"VISl","idiosyncratic",2,0.165,0.17,0.00499074129347815,26.7293333957364
"VISl","idiosyncratic",2,0.17,0.175,-0.0175250451608883,26.7293333957364
"VISl","idiosyncratic",2,0.175,0.18,0.00589403785298206,26.7293333957364
"VISl","idiosyncratic",2,0.18,0.185,0.0515825875897074,26.7293333957364
"VISl","idiosyncratic",2,0.185,0.19,0.0446592064148254,26.7293333957364
"VISl","idiosyncratic",2,0.19,0.195,-0.00780018917157826,26.7293333957364
"VISl","idiosyncratic",2,0.195,0.2,-0.00537950016720995,26.7293333957364
"VISl","idiosyncratic",2,0.2,0.205,-0.00934292543993476,26.7293333957364
"VISl","idiosyncratic",2,0.205,0.21,-0.00991254007733444,26.7293333957364
"VISl","idiosyncratic",2,0.21,0.215,0.0125977300054964,26.7293333957364
"VISl","idiosyncratic",2,0.215,0.22,-0.0526862450015096,26.7293333957364
"VISl","idiosyncratic",2,0.22,0.225,0.00454586267060175,26.7293333957364
"VISl","idiosyncratic",2,0.225,0.23,0.0258447396972795,26.7293333957364
"VISl","idiosyncratic",2,0.23,0.235,-0.0197446257830278,26.7293333957364
"VISl","idiosyncratic",2,0.235,0.24,0.0619106153915372,26.7293333957364
"VISl","idiosyncratic",2,0.24,0.245,-0.0811491672212173,26.7293333957364
"VISl","idiosyncratic",2,0.245,0.25,0.00423274574062771,26.7293333957364
"VISl","idiosyncratic",2,0.25,0.255,-0.00733098008194161,26.7293333957364
"VISl","idiosyncratic",2,0.255,0.26,0.0230051240449818,26.7293333957364
"VISl","idiosyncratic",2,0.26,0.265,-0.00278691649625989,26.7293333957364
"VISl","idiosyncratic",2,0.265,0.27,0.00448028822331648,26.7293333957364
"VISl","idiosyncratic",2,0.27,0.275,0.0557881643950817,26.7293333957364
"VISl","idiosyncratic",2,0.275,0.28,-0.0278437279656031,26.7293333957364
"VISl","idiosyncratic",2,0.28,0.285,0.00802325323289688,26.7293333957364
"VISl","idiosyncratic",2,0.285,0.29,-0.0156717134614076,26.7293333957364
"VISl","idiosyncratic",2,0.29,0.295,0.0340248816409912,26.7293333957364
"VISl","idiosyncratic",2,0.295,0.3,-0.0335366836988295,26.7293333957364
"VISl","idiosyncratic",2,0.3,0.305,0.000771581407548072,26.7293333957364
"VISl","idiosyncratic",2,0.305,0.31,0.00159350708842509,26.7293333957364
"VISl","idiosyncratic",2,0.31,0.315,-0.0133941597435469,26.7293333957364
"VISl","idiosyncratic",2,0.315,0.32,-0.000699213019920431,26.7293333957364
"VISl","idiosyncratic",2,0.32,0.325,0.0174709924511227,26.7293333957364
"VISl","idiosyncratic",2,0.325,0.33,-0.00886636567908744,26.7293333957364
"VISl","idiosyncratic",2,0.33,0.335,-0.0319688422680307,26.7293333957364
"VISl","idiosyncratic",2,0.335,0.34,-0.048213769418317,26.7293333957364
"VISl","idiosyncratic",2,0.34,0.345,0.000693286497486401,26.7293333957364
"VISl","idiosyncratic",2,0.345,0.35,0.018843201378519,26.7293333957364
"VISl","idiosyncratic",2,0.35,0.355,-0.0119186535470975,26.7293333957364
"VISl","idiosyncratic",2,0.355,0.36,0.0216244380495751,26.7293333957364
"VISl","idiosyncratic",2,0.36,0.365,0.0545683982750515,26.7293333957364
"VISl","idiosyncratic",2,0.365,0.37,-0.024763646289404,26.7293333957364
"VISl","idiosyncratic",2,0.37,0.375,0.0221328150700338,26.7293333957364
"VISl","idiosyncratic",2,0.375,0.38,0.0270274741019609,26.7293333957364
"VISl","idiosyncratic",2,0.38,0.385,0.00117466970174246,26.7293333957364
"VISl","idiosyncratic",2,0.385,0.39,0.0368178332057875,26.7293333957364
"VISl","idiosyncratic",2,0.39,0.395,0.00596241884862636,26.7293333957364
"VISl","idiosyncratic",2,0.395,0.4,-0.0405070512636963,26.7293333957364
"VISl","idiosyncratic",2,0.4,0.405,0.036588603119613,26.7293333957364
"VISl","idiosyncratic",2,0.405,0.41,-0.00867367128521479,26.7293333957364
"VISl","idiosyncratic",2,0.41,0.415,0.00771082742680351,26.7293333957364
"VISl","idiosyncratic",2,0.415,0.42,0.0297491979239505,26.7293333957364
"VISl","idiosyncratic",2,0.42,0.425,0.00575819242902509,26.7293333957364
"VISl","idiosyncratic",2,0.425,0.43,0.0148603481591598,26.7293333957364
"VISl","idiosyncratic",2,0.43,0.435,-0.00649065330835297,26.7293333957364
"VISl","idiosyncratic",2,0.435,0.44,0.0213894863889701,26.7293333957364
"VISl","idiosyncratic",2,0.44,0.445,-0.0373698243870775,26.7293333957364
"VISl","idiosyncratic",2,0.445,0.45,0.00697785574554455,26.7293333957364
"VISl","idiosyncratic",2,0.45,0.455,0.0262979554142516,26.7293333957364
"VISl","idiosyncratic",2,0.455,0.46,-0.0180909860409169,26.7293333957364
"VISl","idiosyncratic",2,0.46,0.465,0.0321899348014643,26.7293333957364
"VISl","idiosyncratic",2,0.465,0.47,0.0497586122111208,26.7293333957364
"VISl","idiosyncratic",2,0.47,0.475,-0.0178722839137939,26.7293333957364
"VISl","idiosyncratic",2,0.475,0.48,-0.0262618480222125,26.7293333957364
"VISl","idiosyncratic",2,0.48,0.485,-0.0181803544202682,26.7293333957364
"VISl","idiosyncratic",2,0.485,0.49,0.0616027810999987,26.7293333957364
"VISl","idiosyncratic",2,0.49,0.495,0.0126029349190336,26.7293333957364
"VISl","idiosyncratic",2,0.495,0.5,0.049502358749837,26.7293333957364
"VISl","idiosyncratic",2,0.5,0.505,0.0330592173793564,26.7293333957364
"VISl","idiosyncratic",2,0.505,0.51,0.0188888798152619,26.7293333957364
"VISl","idiosyncratic",2,0.51,0.515,0.0225087536940782,26.7293333957364
"VISl","idiosyncratic",2,0.515,0.52,-0.00102406055535309,26.7293333957364
"VISl","idiosyncratic",2,0.52,0.525,-0.0166406045232417,26.7293333957364
"VISl","idiosyncratic",2,0.525,0.53,-0.000159959989531222,26.7293333957364
"VISl","idiosyncratic",2,0.53,0.535,-0.0075274920224363,26.7293333957364
"VISl","idiosyncratic",2,0.535,0.54,-0.0286289832576869,26.7293333957364
"VISl","idiosyncratic",2,0.54,0.545,-0.0154609093710628,26.7293333957364
"VISl","idiosyncratic",2,0.545,0.55,0.0336561504274118,26.7293333957364
"VISl","idiosyncratic",2,0.55,0.555,0.0370934865728325,26.7293333957364
"VISl","idiosyncratic",2,0.555,0.56,0.0296786813421525,26.7293333957364
"VISl","idiosyncratic",2,0.56,0.565,-0.00702829650356407,26.7293333957364
"VISl","idiosyncratic",2,0.565,0.57,0.0838374416400116,26.7293333957364
"VISl","idiosyncratic",2,0.57,0.575,0.0245112672106941,26.7293333957364
"VISl","idiosyncratic",2,0.575,0.58,-0.0171555384588484,26.7293333957364
"VISl","idiosyncratic",2,0.58,0.585,-0.0847769319962649,26.7293333957364
"VISl","idiosyncratic",2,0.585,0.59,0.0459045187598081,26.7293333957364
"VISl","idiosyncratic",2,0.59,0.595,0.02667414935241,26.7293333957364
"VISl","idiosyncratic",2,0.595,0.6,0.013849287295277,26.7293333957364
"VISl","idiosyncratic",2,0.6,0.605,0.0359946572800516,26.7293333957364
"VISl","idiosyncratic",2,0.605,0.61,0.0167941860083106,26.7293333957364
"VISl","idiosyncratic",2,0.61,0.615,0.0443621840691517,26.7293333957364
"VISl","idiosyncratic",2,0.615,0.62,-0.0409765262466254,26.7293333957364
"VISl","idiosyncratic",2,0.62,0.625,0.0155666334929614,26.7293333957364
"VISl","idiosyncratic",2,0.625,0.63,0.0162841618382848,26.7293333957364
"VISl","idiosyncratic",2,0.63,0.635,-0.0399070145639968,26.7293333957364
"VISl","idiosyncratic",2,0.635,0.64,0.00893574278088249,26.7293333957364
"VISl","idiosyncratic",2,0.64,0.645,0.00598883814285589,26.7293333957364
"VISl","idiosyncratic",2,0.645,0.65,0.0180609138554678,26.7293333957364
"VISl","idiosyncratic",2,0.65,0.655,-0.00719938666691033,26.7293333957364
"VISl","idiosyncratic",2,0.655,0.66,0.0629805928137008,26.7293333957364
"VISl","idiosyncratic",2,0.66,0.665,0.029028271366204,26.7293333957364
"VISl","idiosyncratic",2,0.665,0.67,-0.00837664971568508,26.7293333957364
"VISl","idiosyncratic",2,0.67,0.675,-0.0330089125315484,26.7293333957364
"VISl","idiosyncratic",2,0.675,0.68,-0.0421420558662203,26.7293333957364
"VISl","idiosyncratic",2,0.68,0.685,-0.0168230203522253,26.7293333957364
"VISl","idiosyncratic",2,0.685,0.69,0.0602750490128432,26.7293333957364
"VISl","idiosyncratic",2,0.69,0.695,0.00347795759494129,26.7293333957364
"VISl","idiosyncratic",2,0.695,0.7,-0.0203053547684302,26.7293333957364
"VISl","idiosyncratic",2,0.7,0.705,-0.032978892630235,26.7293333957364
"VISl","idiosyncratic",2,0.705,0.71,0.00936055406226588,26.7293333957364
"VISl","idiosyncratic",2,0.71,0.715,-0.0128626779492474,26.7293333957364
"VISl","idiosyncratic",2,0.715,0.72,0.0557392692838897,26.7293333957364
"VISl","idiosyncratic",2,0.72,0.725,0.0200100094249918,26.7293333957364
"VISl","idiosyncratic",2,0.725,0.73,0.015306044194709,26.7293333957364
"VISl","idiosyncratic",2,0.73,0.735,0.0109475736953063,26.7293333957364
"VISl","idiosyncratic",2,0.735,0.74,0.0141431004102007,26.7293333957364
"VISl","idiosyncratic",2,0.74,0.745,-0.0856447090745739,26.7293333957364
"VISl","idiosyncratic",2,0.745,0.75,-0.0308444368492373,26.7293333957364
"VISl","idiosyncratic",2,0.75,0.755,0.0390232213429043,26.7293333957364
"VISl","idiosyncratic",2,0.755,0.76,-0.0563746280269837,26.7293333957364
"VISl","idiosyncratic",2,0.76,0.765,0.0113284418862645,26.7293333957364
"VISl","idiosyncratic",2,0.765,0.77,0.0198175464776941,26.7293333957364
"VISl","idiosyncratic",2,0.77,0.775,-0.0831962203212878,26.7293333957364
"VISl","idiosyncratic",2,0.775,0.78,0.0353830061249034,26.7293333957364
"VISl","idiosyncratic",2,0.78,0.785,-0.006415105932147,26.7293333957364
"VISl","idiosyncratic",2,0.785,0.79,-0.0300055121197917,26.7293333957364
"VISl","idiosyncratic",2,0.79,0.795,0.00366798119635958,26.7293333957364
"VISl","idiosyncratic",2,0.795,0.8,-0.00107356765663491,26.7293333957364
"VISl","idiosyncratic",2,0.8,0.805,-0.0472170180169875,26.7293333957364
"VISl","idiosyncratic",2,0.805,0.81,0.0335892795263628,26.7293333957364
"VISl","idiosyncratic",2,0.81,0.815,0.021611377098934,26.7293333957364
"VISl","idiosyncratic",2,0.815,0.82,0.00146416728357579,26.7293333957364
"VISl","idiosyncratic",2,0.82,0.825,0.0132172038657502,26.7293333957364
"VISl","idiosyncratic",2,0.825,0.83,0.0189265942934103,26.7293333957364
"VISl","idiosyncratic",2,0.83,0.835,0.0502441620502287,26.7293333957364
"VISl","idiosyncratic",2,0.835,0.84,0.010734957090182,26.7293333957364
"VISl","idiosyncratic",2,0.84,0.845,0.0329278776504573,26.7293333957364
"VISl","idiosyncratic",2,0.845,0.85,0.0387248269753079,26.7293333957364
"VISl","idiosyncratic",2,0.85,0.855,-0.0323275880723261,26.7293333957364
"VISl","idiosyncratic",2,0.855,0.86,0.0664349996851151,26.7293333957364
"VISl","idiosyncratic",2,0.86,0.865,-0.0449202272383677,26.7293333957364
"VISl","idiosyncratic",2,0.865,0.87,0.0251132586572986,26.7293333957364
"VISl","idiosyncratic",2,0.87,0.875,0.0216307159128976,26.7293333957364
"VISl","idiosyncratic",2,0.875,0.88,0.0186336890838068,26.7293333957364
"VISl","idiosyncratic",2,0.88,0.885,-0.0287777084480679,26.7293333957364
"VISl","idiosyncratic",2,0.885,0.89,0.040338747309462,26.7293333957364
"VISl","idiosyncratic",2,0.89,0.895,0.00837922899751642,26.7293333957364
"VISl","idiosyncratic",2,0.895,0.9,0.0321559518678942,26.7293333957364
"VISl","idiosyncratic",2,0.9,0.905,0.0278922816538034,26.7293333957364
"VISl","idiosyncratic",2,0.905,0.91,0.0399257583728476,26.7293333957364
"VISl","idiosyncratic",2,0.91,0.915,-0.0337324453017129,26.7293333957364
"VISl","idiosyncratic",2,0.915,0.92,0.0330340132460865,26.7293333957364
"VISl","idiosyncratic",2,0.92,0.925,0.0263740521005047,26.7293333957364
"VISl","idiosyncratic",2,0.925,0.93,-0.0095496544804019,26.7293333957364
"VISl","idiosyncratic",2,0.93,0.935,0.0236109982771329,26.7293333957364
"VISl","idiosyncratic",2,0.935,0.94,0.0214160003855473,26.7293333957364
"VISl","idiosyncratic",2,0.94,0.945,-0.0894257761644597,26.7293333957364
"VISl","idiosyncratic",2,0.945,0.95,-0.0315419863095046,26.7293333957364
"VISl","idiosyncratic",2,0.95,0.955,0.00992458176819833,26.7293333957364
"VISl","idiosyncratic",2,0.955,0.96,-0.0217417472529093,26.7293333957364
"VISl","idiosyncratic",2,0.96,0.965,-0.0416515172860151,26.7293333957364
"VISl","idiosyncratic",2,0.965,0.97,-0.0451938100835219,26.7293333957364
"VISl","idiosyncratic",2,0.97,0.975,0.0400233658342771,26.7293333957364
"VISl","idiosyncratic",2,0.975,0.98,-0.00607879541058332,26.7293333957364
"VISl","idiosyncratic",2,0.98,0.985,0.0066341256059731,26.7293333957364
"VISl","idiosyncratic",2,0.985,0.99,0.0631814924721645,26.7293333957364
"VISl","idiosyncratic",2,0.99,0.995,-0.0422939036047285,26.7293333957364
"VISl","idiosyncratic",2,0.995,1,-0.014039405278388,26.7293333957364
"VISl","idiosyncratic",2,1,1.005,0.0146978075133594,26.7293333957364
"VISl","idiosyncratic",2,1.005,1.01,0.0155427457089858,26.7293333957364
"VISl","idiosyncratic",2,1.01,1.015,0.00903825530093272,26.7293333957364
"VISl","idiosyncratic",2,1.015,1.02,-0.0531788029138599,26.7293333957364
"VISl","idiosyncratic",2,1.02,1.025,0.0089600149884439,26.7293333957364
"VISl","idiosyncratic",2,1.025,1.03,-0.0200296167309688,26.7293333957364
"VISl","idiosyncratic",2,1.03,1.035,-0.0229960169448833,26.7293333957364
"VISl","idiosyncratic",2,1.035,1.04,0.0265520189446152,26.7293333957364
"VISl","idiosyncratic",2,1.04,1.045,-0.0314408870917533,26.7293333957364
"VISl","idiosyncratic",2,1.045,1.05,-0.0313927245919057,26.7293333957364
"VISl","idiosyncratic",2,1.05,1.055,0.0568567352262469,26.7293333957364
"VISl","idiosyncratic",2,1.055,1.06,0.0102458278483475,26.7293333957364
"VISl","idiosyncratic",2,1.06,1.065,0.0280548769447184,26.7293333957364
"VISl","idiosyncratic",2,1.065,1.07,-0.0195488213141676,26.7293333957364
"VISl","idiosyncratic",2,1.07,1.075,-0.0174383075654706,26.7293333957364
"VISl","idiosyncratic",2,1.075,1.08,0.0428128958724568,26.7293333957364
"VISl","idiosyncratic",2,1.08,1.085,-0.0319181678291158,26.7293333957364
"VISl","idiosyncratic",2,1.085,1.09,0.0133788659169787,26.7293333957364
"VISl","idiosyncratic",2,1.09,1.095,-0.0593372084570902,26.7293333957364
"VISl","idiosyncratic",2,1.095,1.1,-0.00533691618755139,26.7293333957364
"VISl","idiosyncratic",2,1.1,1.105,-0.0255236802983608,26.7293333957364
"VISl","idiosyncratic",2,1.105,1.11,-0.0438847262158876,26.7293333957364
"VISl","idiosyncratic",2,1.11,1.115,0.0106934256124998,26.7293333957364
"VISl","idiosyncratic",2,1.115,1.12,0.000144443235589375,26.7293333957364
"VISl","idiosyncratic",2,1.12,1.125,-0.0270862549455531,26.7293333957364
"VISl","idiosyncratic",2,1.125,1.13,-0.0146627022126542,26.7293333957364
"VISl","idiosyncratic",2,1.13,1.135,-0.0392472378201227,26.7293333957364
"VISl","idiosyncratic",2,1.135,1.14,-0.00661678813720912,26.7293333957364
"VISl","idiosyncratic",2,1.14,1.145,-0.0335944261569021,26.7293333957364
"VISl","idiosyncratic",2,1.145,1.15,0.029992807110679,26.7293333957364
"VISl","idiosyncratic",2,1.15,1.155,0.0574169897389605,26.7293333957364
"VISl","idiosyncratic",2,1.155,1.16,0.00545231254008227,26.7293333957364
"VISl","idiosyncratic",2,1.16,1.165,-0.026686384973703,26.7293333957364
"VISl","idiosyncratic",2,1.165,1.17,-0.0180855193750726,26.7293333957364
"VISl","idiosyncratic",2,1.17,1.175,-0.114367268169828,26.7293333957364
"VISl","idiosyncratic",2,1.175,1.18,0.03560844691073,26.7293333957364
"VISl","idiosyncratic",2,1.18,1.185,-0.0879030041615235,26.7293333957364
"VISl","idiosyncratic",2,1.185,1.19,-0.019380636804517,26.7293333957364
"VISl","idiosyncratic",2,1.19,1.195,-0.0201395588172176,26.7293333957364
"VISl","idiosyncratic",2,1.195,1.2,-0.0289811558592438,26.7293333957364
"VISl","idiosyncratic",2,1.2,1.205,-0.00176359814030258,26.7293333957364
"VISl","idiosyncratic",2,1.205,1.21,-0.0440197679486308,26.7293333957364
"VISl","idiosyncratic",2,1.21,1.215,-0.0242160544928074,26.7293333957364
"VISl","idiosyncratic",2,1.215,1.22,-0.0185183741282509,26.7293333957364
"VISl","idiosyncratic",2,1.22,1.225,0.0562272264622083,26.7293333957364
"VISl","idiosyncratic",2,1.225,1.23,-0.045159234326438,26.7293333957364
"VISl","idiosyncratic",2,1.23,1.235,-0.0318206293083213,26.7293333957364
"VISl","idiosyncratic",2,1.235,1.24,-0.0417178894902674,26.7293333957364
"VISl","idiosyncratic",2,1.24,1.245,-0.0193670481284255,26.7293333957364
"VISl","idiosyncratic",2,1.245,1.25,-0.00782925436320892,26.7293333957364
"VISl","idiosyncratic",2,1.25,1.255,-0.022978910572727,26.7293333957364
"VISl","idiosyncratic",2,1.255,1.26,0.00645186025812067,26.7293333957364
"VISl","idiosyncratic",2,1.26,1.265,0.0319172569696747,26.7293333957364
"VISl","idiosyncratic",2,1.265,1.27,0.0290805673152147,26.7293333957364
"VISl","idiosyncratic",2,1.27,1.275,0.01849972115687,26.7293333957364
"VISl","idiosyncratic",2,1.275,1.28,-0.0190204627840051,26.7293333957364
"VISl","idiosyncratic",2,1.28,1.285,-0.0465841776104602,26.7293333957364
"VISl","idiosyncratic",2,1.285,1.29,-0.0480711011171379,26.7293333957364
"VISl","idiosyncratic",2,1.29,1.295,-0.0198895752873623,26.7293333957364
"VISl","idiosyncratic",2,1.295,1.3,0.0219330357831145,26.7293333957364
"VISl","idiosyncratic",2,1.3,1.305,-0.0270330990150153,26.7293333957364
"VISl","idiosyncratic",2,1.305,1.31,0.0207187282571888,26.7293333957364
"VISl","idiosyncratic",2,1.31,1.315,0.00765374742917896,26.7293333957364
"VISl","idiosyncratic",2,1.315,1.32,-0.0103263159633849,26.7293333957364
"VISl","idiosyncratic",2,1.32,1.325,0.0252006179207032,26.7293333957364
"VISl","idiosyncratic",2,1.325,1.33,-0.0331571882755313,26.7293333957364
"VISl","idiosyncratic",2,1.33,1.335,0.0229258693708581,26.7293333957364
"VISl","idiosyncratic",2,1.335,1.34,-0.00460009274304474,26.7293333957364
"VISl","idiosyncratic",2,1.34,1.345,-0.00410363308802458,26.7293333957364
"VISl","idiosyncratic",2,1.345,1.35,-0.00982917325881233,26.7293333957364
"VISl","idiosyncratic",2,1.35,1.355,-0.00289590616138041,26.7293333957364
"VISl","idiosyncratic",2,1.355,1.36,-0.0106791320025248,26.7293333957364
"VISl","idiosyncratic",2,1.36,1.365,0.00957944815619227,26.7293333957364
"VISl","idiosyncratic",2,1.365,1.37,-0.0856135581881897,26.7293333957364
"VISl","idiosyncratic",2,1.37,1.375,0.025074249821413,26.7293333957364
"VISl","idiosyncratic",2,1.375,1.38,-0.00982112886020792,26.7293333957364
"VISl","idiosyncratic",2,1.38,1.385,0.044024688282887,26.7293333957364
"VISl","idiosyncratic",2,1.385,1.39,-0.0399088324231372,26.7293333957364
"VISl","idiosyncratic",2,1.39,1.395,-0.0589236077311027,26.7293333957364
"VISl","idiosyncratic",2,1.395,1.4,0.000229214270515754,26.7293333957364
"VISl","idiosyncratic",2,1.4,1.405,-0.0320414808096902,26.7293333957364
"VISl","idiosyncratic",2,1.405,1.41,-0.0604093764378323,26.7293333957364
"VISl","idiosyncratic",2,1.41,1.415,-0.0153315164489201,26.7293333957364
"VISl","idiosyncratic",2,1.415,1.42,-0.0157202854482253,26.7293333957364
"VISl","idiosyncratic",2,1.42,1.425,-0.0130104580310723,26.7293333957364
"VISl","idiosyncratic",2,1.425,1.43,0.0263198330635924,26.7293333957364
"VISl","idiosyncratic",2,1.43,1.435,-0.0716525473964693,26.7293333957364
"VISl","idiosyncratic",2,1.435,1.44,-0.0133614995401296,26.7293333957364
"VISl","idiosyncratic",2,1.44,1.445,-0.0527511560099442,26.7293333957364
"VISl","idiosyncratic",2,1.445,1.45,-0.0522226355283153,26.7293333957364
"VISl","idiosyncratic",2,1.45,1.455,-0.0130086715626231,26.7293333957364
"VISl","idiosyncratic",2,1.455,1.46,0.00150803431093922,26.7293333957364
"VISl","idiosyncratic",2,1.46,1.465,0.0473747526673586,26.7293333957364
"VISl","idiosyncratic",2,1.465,1.47,-0.00470880248362052,26.7293333957364
"VISl","idiosyncratic",2,1.47,1.475,0.00581647911494318,26.7293333957364
"VISl","idiosyncratic",2,1.475,1.48,-0.0484854793473085,26.7293333957364
"VISl","idiosyncratic",2,1.48,1.485,0.0244181566466327,26.7293333957364
"VISl","idiosyncratic",2,1.485,1.49,-0.0224912290990383,26.7293333957364
"VISl","idiosyncratic",2,1.49,1.495,0.017719378671172,26.7293333957364
"VISl","idiosyncratic",2,1.495,1.5,0.0150764941594527,26.7293333957364
"VISl","idiosyncratic",2,1.5,1.505,-0.00914735847551602,26.7293333957364
"VISl","idiosyncratic",2,1.505,1.51,0.0372814037119852,26.7293333957364
"VISl","idiosyncratic",2,1.51,1.515,-0.0544000421130761,26.7293333957364
"VISl","idiosyncratic",2,1.515,1.52,0.0425652361129887,26.7293333957364
"VISl","idiosyncratic",2,1.52,1.525,-0.026271929224627,26.7293333957364
"VISl","idiosyncratic",2,1.525,1.53,-0.0475943143276553,26.7293333957364
"VISl","idiosyncratic",2,1.53,1.535,0.0140603613473112,26.7293333957364
"VISl","idiosyncratic",2,1.535,1.54,0.070375003827274,26.7293333957364
"VISl","idiosyncratic",2,1.54,1.545,-0.0281157541270398,26.7293333957364
"VISl","idiosyncratic",2,1.545,1.55,-0.0445639702549575,26.7293333957364
"VISl","idiosyncratic",2,1.55,1.555,-0.00451911408035191,26.7293333957364
"VISl","idiosyncratic",2,1.555,1.56,-0.0248308354715227,26.7293333957364
"VISl","idiosyncratic",2,1.56,1.565,-0.0303116591916687,26.7293333957364
"VISl","idiosyncratic",2,1.565,1.57,-0.0840844002974712,26.7293333957364
"VISl","idiosyncratic",2,1.57,1.575,-0.0425831054237615,26.7293333957364
"VISl","idiosyncratic",2,1.575,1.58,0.0321714397629888,26.7293333957364
"VISl","idiosyncratic",2,1.58,1.585,0.0223374884309382,26.7293333957364
"VISl","idiosyncratic",2,1.585,1.59,-0.0167951094022386,26.7293333957364
"VISl","idiosyncratic",2,1.59,1.595,-0.0376614455649348,26.7293333957364
"VISl","idiosyncratic",2,1.595,1.6,-0.0508934891548683,26.7293333957364
"VISl","idiosyncratic",2,1.6,1.605,-0.0259471447310085,26.7293333957364
"VISl","idiosyncratic",2,1.605,1.61,-0.0140117030843991,26.7293333957364
"VISl","idiosyncratic",2,1.61,1.615,0.012594353107115,26.7293333957364
"VISl","idiosyncratic",2,1.615,1.62,0.0140075883232614,26.7293333957364
"VISl","idiosyncratic",2,1.62,1.625,0.0279913334216164,26.7293333957364
"VISl","idiosyncratic",2,1.625,1.63,0.00693992633081014,26.7293333957364
"VISl","idiosyncratic",2,1.63,1.635,-0.0253525854776748,26.7293333957364
"VISl","idiosyncratic",2,1.635,1.64,-0.0672872741406549,26.7293333957364
"VISl","idiosyncratic",2,1.64,1.645,-0.0205937176812284,26.7293333957364
"VISl","idiosyncratic",2,1.645,1.65,-0.0348400297596442,26.7293333957364
"VISl","idiosyncratic",2,1.65,1.655,1.14321628198466e-05,26.7293333957364
"VISl","idiosyncratic",2,1.655,1.66,-0.0305716839086238,26.7293333957364
"VISl","idiosyncratic",2,1.66,1.665,-0.0701540882212927,26.7293333957364
"VISl","idiosyncratic",2,1.665,1.67,-0.01671086420062,26.7293333957364
"VISl","idiosyncratic",2,1.67,1.675,-0.0270233093395615,26.7293333957364
"VISl","idiosyncratic",2,1.675,1.68,-0.0758027231251894,26.7293333957364
"VISl","idiosyncratic",2,1.68,1.685,-0.0240833612405406,26.7293333957364
"VISl","idiosyncratic",2,1.685,1.69,-0.0689185245480587,26.7293333957364
"VISl","idiosyncratic",2,1.69,1.695,-0.0548564812509096,26.7293333957364
"VISl","idiosyncratic",2,1.695,1.7,-0.0153981240922352,26.7293333957364
"VISl","idiosyncratic",2,1.7,1.705,-0.0378056151707594,26.7293333957364
"VISl","idiosyncratic",2,1.705,1.71,-0.0116923848030419,26.7293333957364
"VISl","idiosyncratic",2,1.71,1.715,-0.0137545074168283,26.7293333957364
"VISl","idiosyncratic",2,1.715,1.72,0.00777438287652654,26.7293333957364
"VISl","idiosyncratic",2,1.72,1.725,-0.0440096327526162,26.7293333957364
"VISl","idiosyncratic",2,1.725,1.73,-0.0435079097776354,26.7293333957364
"VISl","idiosyncratic",2,1.73,1.735,0.00157922265399968,26.7293333957364
"VISl","idiosyncratic",2,1.735,1.74,0.0254709565406487,26.7293333957364
"VISl","idiosyncratic",2,1.74,1.745,-0.0294849665464115,26.7293333957364
"VISl","idiosyncratic",2,1.745,1.75,0.0226645131164147,26.7293333957364
"VISl","idiosyncratic",2,1.75,1.755,-0.0260871490822416,26.7293333957364
"VISl","idiosyncratic",2,1.755,1.76,0.0407370939666056,26.7293333957364
"VISl","idiosyncratic",2,1.76,1.765,0.0065729079847241,26.7293333957364
"VISl","idiosyncratic",2,1.765,1.77,-0.0303707188216058,26.7293333957364
"VISl","idiosyncratic",2,1.77,1.775,-0.0345510961126672,26.7293333957364
"VISl","idiosyncratic",2,1.775,1.78,0.00852110640946924,26.7293333957364
"VISl","idiosyncratic",2,1.78,1.785,0.0113565506073814,26.7293333957364
"VISl","idiosyncratic",2,1.785,1.79,-0.0305209106405098,26.7293333957364
"VISl","idiosyncratic",2,1.79,1.795,0.0210518353127864,26.7293333957364
"VISl","idiosyncratic",2,1.795,1.8,0.0294867210880385,26.7293333957364
"VISl","idiosyncratic",2,1.8,1.805,-0.0518467072737894,26.7293333957364
"VISl","idiosyncratic",2,1.805,1.81,-0.0505629942754555,26.7293333957364
"VISl","idiosyncratic",2,1.81,1.815,0.00216967201428275,26.7293333957364
"VISl","idiosyncratic",2,1.815,1.82,0.0108651637845099,26.7293333957364
"VISl","idiosyncratic",2,1.82,1.825,-0.00413049893485962,26.7293333957364
"VISl","idiosyncratic",2,1.825,1.83,0.0413724155876043,26.7293333957364
"VISl","idiosyncratic",2,1.83,1.835,0.0339864950170579,26.7293333957364
"VISl","idiosyncratic",2,1.835,1.84,0.00662348020602543,26.7293333957364
"VISl","idiosyncratic",2,1.84,1.845,-0.0485417890513371,26.7293333957364
"VISl","idiosyncratic",2,1.845,1.85,0.00665254525431558,26.7293333957364
"VISl","idiosyncratic",2,1.85,1.855,0.0284553799570635,26.7293333957364
"VISl","idiosyncratic",2,1.855,1.86,-0.0293654191538073,26.7293333957364
"VISl","idiosyncratic",2,1.86,1.865,-0.0456791237110854,26.7293333957364
"VISl","idiosyncratic",2,1.865,1.87,0.0122728779652979,26.7293333957364
"VISl","idiosyncratic",2,1.87,1.875,0.0286656632729028,26.7293333957364
"VISl","idiosyncratic",2,1.875,1.88,0.00221307133483339,26.7293333957364
"VISl","idiosyncratic",2,1.88,1.885,-0.00315687968690415,26.7293333957364
"VISl","idiosyncratic",2,1.885,1.89,0.00223786407893201,26.7293333957364
"VISl","idiosyncratic",2,1.89,1.895,0.00503728939951142,26.7293333957364
"VISl","idiosyncratic",2,1.895,1.9,-0.00731358332314769,26.7293333957364
"VISl","idiosyncratic",2,1.9,1.905,-0.00491518470732877,26.7293333957364
"VISl","idiosyncratic",2,1.905,1.91,-0.0336913754371428,26.7293333957364
"VISl","idiosyncratic",2,1.91,1.915,-0.0661678150147049,26.7293333957364
"VISl","idiosyncratic",2,1.915,1.92,-0.0244425375470423,26.7293333957364
"VISl","idiosyncratic",2,1.92,1.925,0.0226032359046224,26.7293333957364
"VISl","idiosyncratic",2,1.925,1.93,-0.024867018268246,26.7293333957364
"VISl","idiosyncratic",2,1.93,1.935,-0.0119782334487606,26.7293333957364
"VISl","idiosyncratic",2,1.935,1.94,-0.088383398489855,26.7293333957364
"VISl","idiosyncratic",2,1.94,1.945,-0.0456512904643298,26.7293333957364
"VISl","idiosyncratic",2,1.945,1.95,0.0199290078920373,26.7293333957364
"VISl","idiosyncratic",2,1.95,1.955,-0.0063774714990803,26.7293333957364
"VISl","idiosyncratic",2,1.955,1.96,0.0327571819643115,26.7293333957364
"VISl","idiosyncratic",2,1.96,1.965,-0.0242518797321709,26.7293333957364
"VISl","idiosyncratic",2,1.965,1.97,-0.00250288530482101,26.7293333957364
"VISl","idiosyncratic",2,1.97,1.975,0.0386094282632208,26.7293333957364
"VISl","idiosyncratic",2,1.975,1.98,0.000884777653935798,26.7293333957364
"VISl","idiosyncratic",2,1.98,1.985,0.0261947058629339,26.7293333957364
"VISl","idiosyncratic",2,1.985,1.99,0.0310094586913376,26.7293333957364
"VISl","idiosyncratic",2,1.99,1.995,-0.00425319304591487,26.7293333957364
"VISl","idiosyncratic",2,1.995,2,-0.00825920598535435,26.7293333957364
"VISl","idiosyncratic",3,0,0.005,-0.0197975507112059,4.94802219049936
"VISl","idiosyncratic",3,0.005,0.01,-0.0417662190874597,4.94802219049936
"VISl","idiosyncratic",3,0.01,0.015,0.121704379385308,4.94802219049936
"VISl","idiosyncratic",3,0.015,0.02,0.0116127607965867,4.94802219049936
"VISl","idiosyncratic",3,0.02,0.025,-0.0529546168245647,4.94802219049936
"VISl","idiosyncratic",3,0.025,0.03,0.0665949413286823,4.94802219049936
"VISl","idiosyncratic",3,0.03,0.035,0.0854662483687829,4.94802219049936
"VISl","idiosyncratic",3,0.035,0.04,-0.0916407294567427,4.94802219049936
"VISl","idiosyncratic",3,0.04,0.045,0.122988618883034,4.94802219049936
"VISl","idiosyncratic",3,0.045,0.05,-0.00650796810009743,4.94802219049936
"VISl","idiosyncratic",3,0.05,0.055,-0.11228557856176,4.94802219049936
"VISl","idiosyncratic",3,0.055,0.06,-0.00381673290798279,4.94802219049936
"VISl","idiosyncratic",3,0.06,0.065,0.0594062882330618,4.94802219049936
"VISl","idiosyncratic",3,0.065,0.07,0.00720912450261696,4.94802219049936
"VISl","idiosyncratic",3,0.07,0.075,0.0819028866732441,4.94802219049936
"VISl","idiosyncratic",3,0.075,0.08,-0.0409743043971399,4.94802219049936
"VISl","idiosyncratic",3,0.08,0.085,0.0301817352945532,4.94802219049936
"VISl","idiosyncratic",3,0.085,0.09,-0.0848452131500693,4.94802219049936
"VISl","idiosyncratic",3,0.09,0.095,-0.00260681694930642,4.94802219049936
"VISl","idiosyncratic",3,0.095,0.1,-0.0486506823431452,4.94802219049936
"VISl","idiosyncratic",3,0.1,0.105,-0.116044710623526,4.94802219049936
"VISl","idiosyncratic",3,0.105,0.11,-0.0668332856568141,4.94802219049936
"VISl","idiosyncratic",3,0.11,0.115,0.134849920348787,4.94802219049936
"VISl","idiosyncratic",3,0.115,0.12,0.0435849336548863,4.94802219049936
"VISl","idiosyncratic",3,0.12,0.125,0.0759775294501293,4.94802219049936
"VISl","idiosyncratic",3,0.125,0.13,0.167082079223253,4.94802219049936
"VISl","idiosyncratic",3,0.13,0.135,-0.175298883968235,4.94802219049936
"VISl","idiosyncratic",3,0.135,0.14,0.006196805232727,4.94802219049936
"VISl","idiosyncratic",3,0.14,0.145,-0.0615061375880382,4.94802219049936
"VISl","idiosyncratic",3,0.145,0.15,0.0628713978462199,4.94802219049936
"VISl","idiosyncratic",3,0.15,0.155,0.0291529248176359,4.94802219049936
"VISl","idiosyncratic",3,0.155,0.16,0.00956717761156764,4.94802219049936
"VISl","idiosyncratic",3,0.16,0.165,0.102606354804388,4.94802219049936
"VISl","idiosyncratic",3,0.165,0.17,-0.0328825142522685,4.94802219049936
"VISl","idiosyncratic",3,0.17,0.175,0.0361887226488665,4.94802219049936
"VISl","idiosyncratic",3,0.175,0.18,-0.0214116621134913,4.94802219049936
"VISl","idiosyncratic",3,0.18,0.185,0.165320009422935,4.94802219049936
"VISl","idiosyncratic",3,0.185,0.19,0.115883976123336,4.94802219049936
"VISl","idiosyncratic",3,0.19,0.195,-0.0375688720033102,4.94802219049936
"VISl","idiosyncratic",3,0.195,0.2,0.059111238668347,4.94802219049936
"VISl","idiosyncratic",3,0.2,0.205,-0.0615342620271603,4.94802219049936
"VISl","idiosyncratic",3,0.205,0.21,0.110119290781878,4.94802219049936
"VISl","idiosyncratic",3,0.21,0.215,-0.103140049638069,4.94802219049936
"VISl","idiosyncratic",3,0.215,0.22,-0.167782702052011,4.94802219049936
"VISl","idiosyncratic",3,0.22,0.225,0.0361169489980895,4.94802219049936
"VISl","idiosyncratic",3,0.225,0.23,0.030880971824997,4.94802219049936
"VISl","idiosyncratic",3,0.23,0.235,-0.166263866473791,4.94802219049936
"VISl","idiosyncratic",3,0.235,0.24,0.0389225821724644,4.94802219049936
"VISl","idiosyncratic",3,0.24,0.245,-0.0787974637611976,4.94802219049936
"VISl","idiosyncratic",3,0.245,0.25,0.100320959701506,4.94802219049936
"VISl","idiosyncratic",3,0.25,0.255,0.011025834774668,4.94802219049936
"VISl","idiosyncratic",3,0.255,0.26,0.103561195279665,4.94802219049936
"VISl","idiosyncratic",3,0.26,0.265,0.142747362721184,4.94802219049936
"VISl","idiosyncratic",3,0.265,0.27,-0.0209818714405527,4.94802219049936
"VISl","idiosyncratic",3,0.27,0.275,0.106662466301055,4.94802219049936
"VISl","idiosyncratic",3,0.275,0.28,0.0814642125592399,4.94802219049936
"VISl","idiosyncratic",3,0.28,0.285,0.148209176305452,4.94802219049936
"VISl","idiosyncratic",3,0.285,0.29,-0.0135189967579282,4.94802219049936
"VISl","idiosyncratic",3,0.29,0.295,0.129716966035212,4.94802219049936
"VISl","idiosyncratic",3,0.295,0.3,0.0149790292243757,4.94802219049936
"VISl","idiosyncratic",3,0.3,0.305,-0.00316149594707138,4.94802219049936
"VISl","idiosyncratic",3,0.305,0.31,0.0889330824184156,4.94802219049936
"VISl","idiosyncratic",3,0.31,0.315,-0.024179860700368,4.94802219049936
"VISl","idiosyncratic",3,0.315,0.32,0.0862667630753464,4.94802219049936
"VISl","idiosyncratic",3,0.32,0.325,-0.0941383655000978,4.94802219049936
"VISl","idiosyncratic",3,0.325,0.33,0.0817975612215929,4.94802219049936
"VISl","idiosyncratic",3,0.33,0.335,0.0709915820816458,4.94802219049936
"VISl","idiosyncratic",3,0.335,0.34,-0.0344468963508429,4.94802219049936
"VISl","idiosyncratic",3,0.34,0.345,-0.138302821659485,4.94802219049936
"VISl","idiosyncratic",3,0.345,0.35,-0.0237835635932373,4.94802219049936
"VISl","idiosyncratic",3,0.35,0.355,0.0307588809294141,4.94802219049936
"VISl","idiosyncratic",3,0.355,0.36,0.0314384285779492,4.94802219049936
"VISl","idiosyncratic",3,0.36,0.365,0.0620113045748369,4.94802219049936
"VISl","idiosyncratic",3,0.365,0.37,-0.0336208348574325,4.94802219049936
"VISl","idiosyncratic",3,0.37,0.375,0.0103304634988823,4.94802219049936
"VISl","idiosyncratic",3,0.375,0.38,-0.0721543104371862,4.94802219049936
"VISl","idiosyncratic",3,0.38,0.385,0.0256752923293246,4.94802219049936
"VISl","idiosyncratic",3,0.385,0.39,-0.002769666729177,4.94802219049936
"VISl","idiosyncratic",3,0.39,0.395,-0.0155115515813755,4.94802219049936
"VISl","idiosyncratic",3,0.395,0.4,-0.0780130985766363,4.94802219049936
"VISl","idiosyncratic",3,0.4,0.405,0.0510690980941213,4.94802219049936
"VISl","idiosyncratic",3,0.405,0.41,-0.00501849047725167,4.94802219049936
"VISl","idiosyncratic",3,0.41,0.415,-0.0941600612548072,4.94802219049936
"VISl","idiosyncratic",3,0.415,0.42,-0.00639744274914344,4.94802219049936
"VISl","idiosyncratic",3,0.42,0.425,-0.0531436199467855,4.94802219049936
"VISl","idiosyncratic",3,0.425,0.43,-0.0341897708595845,4.94802219049936
"VISl","idiosyncratic",3,0.43,0.435,0.047331743317625,4.94802219049936
"VISl","idiosyncratic",3,0.435,0.44,-0.140236425156244,4.94802219049936
"VISl","idiosyncratic",3,0.44,0.445,-0.00539844740799444,4.94802219049936
"VISl","idiosyncratic",3,0.445,0.45,0.125762008617106,4.94802219049936
"VISl","idiosyncratic",3,0.45,0.455,0.0135578967616162,4.94802219049936
"VISl","idiosyncratic",3,0.455,0.46,0.0104261360449786,4.94802219049936
"VISl","idiosyncratic",3,0.46,0.465,0.0458096061613679,4.94802219049936
"VISl","idiosyncratic",3,0.465,0.47,0.0687638764607934,4.94802219049936
"VISl","idiosyncratic",3,0.47,0.475,-0.0109238828165967,4.94802219049936
"VISl","idiosyncratic",3,0.475,0.48,0.0822194147273021,4.94802219049936
"VISl","idiosyncratic",3,0.48,0.485,-0.0407522736687778,4.94802219049936
"VISl","idiosyncratic",3,0.485,0.49,0.0781596016571624,4.94802219049936
"VISl","idiosyncratic",3,0.49,0.495,0.0658746738547253,4.94802219049936
"VISl","idiosyncratic",3,0.495,0.5,0.0478510839414665,4.94802219049936
"VISl","idiosyncratic",3,0.5,0.505,0.0809177331975861,4.94802219049936
"VISl","idiosyncratic",3,0.505,0.51,0.0354562715111664,4.94802219049936
"VISl","idiosyncratic",3,0.51,0.515,-0.126026949282218,4.94802219049936
"VISl","idiosyncratic",3,0.515,0.52,-0.0203421608026086,4.94802219049936
"VISl","idiosyncratic",3,0.52,0.525,-0.101377615630842,4.94802219049936
"VISl","idiosyncratic",3,0.525,0.53,-0.0888289216012244,4.94802219049936
"VISl","idiosyncratic",3,0.53,0.535,-0.0213224989949903,4.94802219049936
"VISl","idiosyncratic",3,0.535,0.54,-0.0340951259153842,4.94802219049936
"VISl","idiosyncratic",3,0.54,0.545,-0.144215096884719,4.94802219049936
"VISl","idiosyncratic",3,0.545,0.55,-0.0780555328286729,4.94802219049936
"VISl","idiosyncratic",3,0.55,0.555,0.0637533241655698,4.94802219049936
"VISl","idiosyncratic",3,0.555,0.56,0.0270443603065782,4.94802219049936
"VISl","idiosyncratic",3,0.56,0.565,-0.0232691401168104,4.94802219049936
"VISl","idiosyncratic",3,0.565,0.57,0.0568533388269218,4.94802219049936
"VISl","idiosyncratic",3,0.57,0.575,-0.0322957811259273,4.94802219049936
"VISl","idiosyncratic",3,0.575,0.58,0.109758964830554,4.94802219049936
"VISl","idiosyncratic",3,0.58,0.585,-0.0649389384368434,4.94802219049936
"VISl","idiosyncratic",3,0.585,0.59,0.00025425933550971,4.94802219049936
"VISl","idiosyncratic",3,0.59,0.595,0.0642133781591563,4.94802219049936
"VISl","idiosyncratic",3,0.595,0.6,-0.0557475909162886,4.94802219049936
"VISl","idiosyncratic",3,0.6,0.605,0.017311793892516,4.94802219049936
"VISl","idiosyncratic",3,0.605,0.61,-0.0245550359243706,4.94802219049936
"VISl","idiosyncratic",3,0.61,0.615,0.0198214219121027,4.94802219049936
"VISl","idiosyncratic",3,0.615,0.62,-0.0731398908231181,4.94802219049936
"VISl","idiosyncratic",3,0.62,0.625,-0.0992724287236367,4.94802219049936
"VISl","idiosyncratic",3,0.625,0.63,-0.0195114414205245,4.94802219049936
"VISl","idiosyncratic",3,0.63,0.635,-0.0760348033825131,4.94802219049936
"VISl","idiosyncratic",3,0.635,0.64,0.11983490032412,4.94802219049936
"VISl","idiosyncratic",3,0.64,0.645,0.00914249472037743,4.94802219049936
"VISl","idiosyncratic",3,0.645,0.65,-0.0414910725080889,4.94802219049936
"VISl","idiosyncratic",3,0.65,0.655,-0.00506623364081293,4.94802219049936
"VISl","idiosyncratic",3,0.655,0.66,0.0884658967283463,4.94802219049936
"VISl","idiosyncratic",3,0.66,0.665,0.0477854628027496,4.94802219049936
"VISl","idiosyncratic",3,0.665,0.67,-0.0515096502488389,4.94802219049936
"VISl","idiosyncratic",3,0.67,0.675,0.0537991980546316,4.94802219049936
"VISl","idiosyncratic",3,0.675,0.68,-0.148729264062102,4.94802219049936
"VISl","idiosyncratic",3,0.68,0.685,0.00151621072152563,4.94802219049936
"VISl","idiosyncratic",3,0.685,0.69,-0.0685300261268368,4.94802219049936
"VISl","idiosyncratic",3,0.69,0.695,0.0219523102724354,4.94802219049936
"VISl","idiosyncratic",3,0.695,0.7,-0.0522268364331137,4.94802219049936
"VISl","idiosyncratic",3,0.7,0.705,-0.0728555004989438,4.94802219049936
"VISl","idiosyncratic",3,0.705,0.71,0.0128494470061271,4.94802219049936
"VISl","idiosyncratic",3,0.71,0.715,-0.0238589818733319,4.94802219049936
"VISl","idiosyncratic",3,0.715,0.72,0.0488336797004844,4.94802219049936
"VISl","idiosyncratic",3,0.72,0.725,-0.0528066050428679,4.94802219049936
"VISl","idiosyncratic",3,0.725,0.73,-0.0365252519765329,4.94802219049936
"VISl","idiosyncratic",3,0.73,0.735,-0.047055484337482,4.94802219049936
"VISl","idiosyncratic",3,0.735,0.74,-0.0338870393319844,4.94802219049936
"VISl","idiosyncratic",3,0.74,0.745,-0.011003608432531,4.94802219049936
"VISl","idiosyncratic",3,0.745,0.75,-0.103856595671561,4.94802219049936
"VISl","idiosyncratic",3,0.75,0.755,0.0951463103051468,4.94802219049936
"VISl","idiosyncratic",3,0.755,0.76,-0.0282164875670698,4.94802219049936
"VISl","idiosyncratic",3,0.76,0.765,-0.00627149668928917,4.94802219049936
"VISl","idiosyncratic",3,0.765,0.77,-0.0326860120667178,4.94802219049936
"VISl","idiosyncratic",3,0.77,0.775,-0.137018666352125,4.94802219049936
"VISl","idiosyncratic",3,0.775,0.78,-0.0154176474276502,4.94802219049936
"VISl","idiosyncratic",3,0.78,0.785,-0.0881667899870096,4.94802219049936
"VISl","idiosyncratic",3,0.785,0.79,-0.0267003525207914,4.94802219049936
"VISl","idiosyncratic",3,0.79,0.795,-0.0070709304698935,4.94802219049936
"VISl","idiosyncratic",3,0.795,0.8,-0.0326164132248071,4.94802219049936
"VISl","idiosyncratic",3,0.8,0.805,0.0561794738015171,4.94802219049936
"VISl","idiosyncratic",3,0.805,0.81,-0.0640370596880901,4.94802219049936
"VISl","idiosyncratic",3,0.81,0.815,-0.110910288418694,4.94802219049936
"VISl","idiosyncratic",3,0.815,0.82,-0.0891882156866617,4.94802219049936
"VISl","idiosyncratic",3,0.82,0.825,0.0402204996819402,4.94802219049936
"VISl","idiosyncratic",3,0.825,0.83,0.0435661635367337,4.94802219049936
"VISl","idiosyncratic",3,0.83,0.835,0.00126334070329481,4.94802219049936
"VISl","idiosyncratic",3,0.835,0.84,0.0112980050973852,4.94802219049936
"VISl","idiosyncratic",3,0.84,0.845,-0.068893615343974,4.94802219049936
"VISl","idiosyncratic",3,0.845,0.85,-0.0576739732188984,4.94802219049936
"VISl","idiosyncratic",3,0.85,0.855,-0.0612028521430563,4.94802219049936
"VISl","idiosyncratic",3,0.855,0.86,0.0763608437161082,4.94802219049936
"VISl","idiosyncratic",3,0.86,0.865,-0.187998558726761,4.94802219049936
"VISl","idiosyncratic",3,0.865,0.87,0.140184140696051,4.94802219049936
"VISl","idiosyncratic",3,0.87,0.875,-0.0746665136113733,4.94802219049936
"VISl","idiosyncratic",3,0.875,0.88,-0.0381430741469566,4.94802219049936
"VISl","idiosyncratic",3,0.88,0.885,-0.081968406745178,4.94802219049936
"VISl","idiosyncratic",3,0.885,0.89,0.0135153034434649,4.94802219049936
"VISl","idiosyncratic",3,0.89,0.895,0.0038433259897695,4.94802219049936
"VISl","idiosyncratic",3,0.895,0.9,-0.0734718652432014,4.94802219049936
"VISl","idiosyncratic",3,0.9,0.905,-0.0164112847223092,4.94802219049936
"VISl","idiosyncratic",3,0.905,0.91,0.0266372160409211,4.94802219049936
"VISl","idiosyncratic",3,0.91,0.915,-0.134903306193885,4.94802219049936
"VISl","idiosyncratic",3,0.915,0.92,0.0685340089614749,4.94802219049936
"VISl","idiosyncratic",3,0.92,0.925,-0.060115768965893,4.94802219049936
"VISl","idiosyncratic",3,0.925,0.93,0.023027909467166,4.94802219049936
"VISl","idiosyncratic",3,0.93,0.935,-0.116031917783569,4.94802219049936
"VISl","idiosyncratic",3,0.935,0.94,0.0373198364866284,4.94802219049936
"VISl","idiosyncratic",3,0.94,0.945,-0.0430877825291069,4.94802219049936
"VISl","idiosyncratic",3,0.945,0.95,-0.058051380445215,4.94802219049936
"VISl","idiosyncratic",3,0.95,0.955,-0.137253255719834,4.94802219049936
"VISl","idiosyncratic",3,0.955,0.96,-0.0768337750071401,4.94802219049936
"VISl","idiosyncratic",3,0.96,0.965,0.038341705238476,4.94802219049936
"VISl","idiosyncratic",3,0.965,0.97,-0.098735409812382,4.94802219049936
"VISl","idiosyncratic",3,0.97,0.975,0.0824684564301812,4.94802219049936
"VISl","idiosyncratic",3,0.975,0.98,-0.0144356213386205,4.94802219049936
"VISl","idiosyncratic",3,0.98,0.985,-0.0417901908019871,4.94802219049936
"VISl","idiosyncratic",3,0.985,0.99,0.0307266277787259,4.94802219049936
"VISl","idiosyncratic",3,0.99,0.995,-0.130124032670361,4.94802219049936
"VISl","idiosyncratic",3,0.995,1,0.0413427756978693,4.94802219049936
"VISl","idiosyncratic",3,1,1.005,0.0388415232153261,4.94802219049936
"VISl","idiosyncratic",3,1.005,1.01,-0.127118465307967,4.94802219049936
"VISl","idiosyncratic",3,1.01,1.015,-0.0157788735243558,4.94802219049936
"VISl","idiosyncratic",3,1.015,1.02,-0.0327649485924733,4.94802219049936
"VISl","idiosyncratic",3,1.02,1.025,0.0803226279748297,4.94802219049936
"VISl","idiosyncratic",3,1.025,1.03,-0.0215684134968621,4.94802219049936
"VISl","idiosyncratic",3,1.03,1.035,0.00051062478714492,4.94802219049936
"VISl","idiosyncratic",3,1.035,1.04,-0.0354764416643962,4.94802219049936
"VISl","idiosyncratic",3,1.04,1.045,0.00519265055743756,4.94802219049936
"VISl","idiosyncratic",3,1.045,1.05,0.0844202717937654,4.94802219049936
"VISl","idiosyncratic",3,1.05,1.055,0.104255790452473,4.94802219049936
"VISl","idiosyncratic",3,1.055,1.06,0.0411501126332834,4.94802219049936
"VISl","idiosyncratic",3,1.06,1.065,-0.0785502201573502,4.94802219049936
"VISl","idiosyncratic",3,1.065,1.07,-0.0338855320739713,4.94802219049936
"VISl","idiosyncratic",3,1.07,1.075,-0.037350897945523,4.94802219049936
"VISl","idiosyncratic",3,1.075,1.08,0.0407666468129353,4.94802219049936
"VISl","idiosyncratic",3,1.08,1.085,0.0195128913114191,4.94802219049936
"VISl","idiosyncratic",3,1.085,1.09,-0.00244669302230061,4.94802219049936
"VISl","idiosyncratic",3,1.09,1.095,0.0368038992774455,4.94802219049936
"VISl","idiosyncratic",3,1.095,1.1,-0.00530803516140543,4.94802219049936
"VISl","idiosyncratic",3,1.1,1.105,0.00187435572711769,4.94802219049936
"VISl","idiosyncratic",3,1.105,1.11,-0.0148451132615821,4.94802219049936
"VISl","idiosyncratic",3,1.11,1.115,-0.0685119403186665,4.94802219049936
"VISl","idiosyncratic",3,1.115,1.12,0.104892207962942,4.94802219049936
"VISl","idiosyncratic",3,1.12,1.125,-0.0703363198724996,4.94802219049936
"VISl","idiosyncratic",3,1.125,1.13,0.048294107232639,4.94802219049936
"VISl","idiosyncratic",3,1.13,1.135,0.0651733361720777,4.94802219049936
"VISl","idiosyncratic",3,1.135,1.14,-0.0323255595087764,4.94802219049936
"VISl","idiosyncratic",3,1.14,1.145,-0.0671785588716469,4.94802219049936
"VISl","idiosyncratic",3,1.145,1.15,0.0674427747890902,4.94802219049936
"VISl","idiosyncratic",3,1.15,1.155,0.137950854537813,4.94802219049936
"VISl","idiosyncratic",3,1.155,1.16,0.1239740957356,4.94802219049936
"VISl","idiosyncratic",3,1.16,1.165,-0.127099266982749,4.94802219049936
"VISl","idiosyncratic",3,1.165,1.17,0.0563060833921186,4.94802219049936
"VISl","idiosyncratic",3,1.17,1.175,-0.051463869919255,4.94802219049936
"VISl","idiosyncratic",3,1.175,1.18,0.0579735694292312,4.94802219049936
"VISl","idiosyncratic",3,1.18,1.185,-0.0127170563589144,4.94802219049936
"VISl","idiosyncratic",3,1.185,1.19,0.0208791396011758,4.94802219049936
"VISl","idiosyncratic",3,1.19,1.195,0.108026596378937,4.94802219049936
"VISl","idiosyncratic",3,1.195,1.2,-0.0649912610141763,4.94802219049936
"VISl","idiosyncratic",3,1.2,1.205,-0.0411922113774686,4.94802219049936
"VISl","idiosyncratic",3,1.205,1.21,-0.137868225543811,4.94802219049936
"VISl","idiosyncratic",3,1.21,1.215,0.00215081546524631,4.94802219049936
"VISl","idiosyncratic",3,1.215,1.22,0.0426887192558554,4.94802219049936
"VISl","idiosyncratic",3,1.22,1.225,0.137778323555116,4.94802219049936
"VISl","idiosyncratic",3,1.225,1.23,-0.01379452921767,4.94802219049936
"VISl","idiosyncratic",3,1.23,1.235,0.0213752568235702,4.94802219049936
"VISl","idiosyncratic",3,1.235,1.24,0.0685155799766108,4.94802219049936
"VISl","idiosyncratic",3,1.24,1.245,0.0539439236470054,4.94802219049936
"VISl","idiosyncratic",3,1.245,1.25,0.0385273380439072,4.94802219049936
"VISl","idiosyncratic",3,1.25,1.255,0.00564807317182403,4.94802219049936
"VISl","idiosyncratic",3,1.255,1.26,0.0899709136507461,4.94802219049936
"VISl","idiosyncratic",3,1.26,1.265,0.0156000716271207,4.94802219049936
"VISl","idiosyncratic",3,1.265,1.27,0.0825880909408138,4.94802219049936
"VISl","idiosyncratic",3,1.27,1.275,0.000223906050061728,4.94802219049936
"VISl","idiosyncratic",3,1.275,1.28,0.0190335814276272,4.94802219049936
"VISl","idiosyncratic",3,1.28,1.285,-0.0207252022272175,4.94802219049936
"VISl","idiosyncratic",3,1.285,1.29,-0.00676108323362395,4.94802219049936
"VISl","idiosyncratic",3,1.29,1.295,0.0524217054357695,4.94802219049936
"VISl","idiosyncratic",3,1.295,1.3,0.0956854273431019,4.94802219049936
"VISl","idiosyncratic",3,1.3,1.305,0.0449874253393197,4.94802219049936
"VISl","idiosyncratic",3,1.305,1.31,0.0859841527911209,4.94802219049936
"VISl","idiosyncratic",3,1.31,1.315,0.0701951884497992,4.94802219049936
"VISl","idiosyncratic",3,1.315,1.32,0.0349535905087178,4.94802219049936
"VISl","idiosyncratic",3,1.32,1.325,0.0932499260926148,4.94802219049936
"VISl","idiosyncratic",3,1.325,1.33,0.0440895381987921,4.94802219049936
"VISl","idiosyncratic",3,1.33,1.335,0.0735061870419186,4.94802219049936
"VISl","idiosyncratic",3,1.335,1.34,-0.166866447283386,4.94802219049936
"VISl","idiosyncratic",3,1.34,1.345,0.067802805468409,4.94802219049936
"VISl","idiosyncratic",3,1.345,1.35,-0.00339161992379249,4.94802219049936
"VISl","idiosyncratic",3,1.35,1.355,0.0237127323100497,4.94802219049936
"VISl","idiosyncratic",3,1.355,1.36,0.0105400628614103,4.94802219049936
"VISl","idiosyncratic",3,1.36,1.365,0.23096828268741,4.94802219049936
"VISl","idiosyncratic",3,1.365,1.37,-0.0400490193692077,4.94802219049936
"VISl","idiosyncratic",3,1.37,1.375,-0.00596156360142641,4.94802219049936
"VISl","idiosyncratic",3,1.375,1.38,0.0876787086853573,4.94802219049936
"VISl","idiosyncratic",3,1.38,1.385,-0.0463823858535883,4.94802219049936
"VISl","idiosyncratic",3,1.385,1.39,-0.0461498082202826,4.94802219049936
"VISl","idiosyncratic",3,1.39,1.395,-0.0608371467099251,4.94802219049936
"VISl","idiosyncratic",3,1.395,1.4,0.158120459962134,4.94802219049936
"VISl","idiosyncratic",3,1.4,1.405,-0.0979100891695804,4.94802219049936
"VISl","idiosyncratic",3,1.405,1.41,-0.116681343334645,4.94802219049936
"VISl","idiosyncratic",3,1.41,1.415,0.0228117901307542,4.94802219049936
"VISl","idiosyncratic",3,1.415,1.42,0.0304774556202516,4.94802219049936
"VISl","idiosyncratic",3,1.42,1.425,0.0176268749046688,4.94802219049936
"VISl","idiosyncratic",3,1.425,1.43,0.0602862127768237,4.94802219049936
"VISl","idiosyncratic",3,1.43,1.435,0.0161994902577119,4.94802219049936
"VISl","idiosyncratic",3,1.435,1.44,0.0799329594951584,4.94802219049936
"VISl","idiosyncratic",3,1.44,1.445,0.0260459207866784,4.94802219049936
"VISl","idiosyncratic",3,1.445,1.45,-0.142189868317569,4.94802219049936
"VISl","idiosyncratic",3,1.45,1.455,-0.0875819893377486,4.94802219049936
"VISl","idiosyncratic",3,1.455,1.46,0.0569889400084963,4.94802219049936
"VISl","idiosyncratic",3,1.46,1.465,0.0520677638064788,4.94802219049936
"VISl","idiosyncratic",3,1.465,1.47,0.0199130771535344,4.94802219049936
"VISl","idiosyncratic",3,1.47,1.475,0.147132161444191,4.94802219049936
"VISl","idiosyncratic",3,1.475,1.48,-0.00872743702792189,4.94802219049936
"VISl","idiosyncratic",3,1.48,1.485,-0.0289706499383572,4.94802219049936
"VISl","idiosyncratic",3,1.485,1.49,-0.0851479823393634,4.94802219049936
"VISl","idiosyncratic",3,1.49,1.495,0.100680458515541,4.94802219049936
"VISl","idiosyncratic",3,1.495,1.5,0.034156935393521,4.94802219049936
"VISl","idiosyncratic",3,1.5,1.505,-0.0555153678656628,4.94802219049936
"VISl","idiosyncratic",3,1.505,1.51,0.0650707625697091,4.94802219049936
"VISl","idiosyncratic",3,1.51,1.515,-0.0730948629310917,4.94802219049936
"VISl","idiosyncratic",3,1.515,1.52,0.143572231948769,4.94802219049936
"VISl","idiosyncratic",3,1.52,1.525,0.115579796644092,4.94802219049936
"VISl","idiosyncratic",3,1.525,1.53,0.0298957497415383,4.94802219049936
"VISl","idiosyncratic",3,1.53,1.535,0.0220198587740976,4.94802219049936
"VISl","idiosyncratic",3,1.535,1.54,0.0890470479901393,4.94802219049936
"VISl","idiosyncratic",3,1.54,1.545,0.0802410418225885,4.94802219049936
"VISl","idiosyncratic",3,1.545,1.55,-0.0494402395866419,4.94802219049936
"VISl","idiosyncratic",3,1.55,1.555,-0.0446684022897341,4.94802219049936
"VISl","idiosyncratic",3,1.555,1.56,0.035877537665399,4.94802219049936
"VISl","idiosyncratic",3,1.56,1.565,-0.0565384393415106,4.94802219049936
"VISl","idiosyncratic",3,1.565,1.57,-0.0873058778857327,4.94802219049936
"VISl","idiosyncratic",3,1.57,1.575,-0.0284184439336754,4.94802219049936
"VISl","idiosyncratic",3,1.575,1.58,0.0558831285578716,4.94802219049936
"VISl","idiosyncratic",3,1.58,1.585,0.0909263061214431,4.94802219049936
"VISl","idiosyncratic",3,1.585,1.59,0.0407068979575111,4.94802219049936
"VISl","idiosyncratic",3,1.59,1.595,-0.0117664945781573,4.94802219049936
"VISl","idiosyncratic",3,1.595,1.6,-0.00504136030665969,4.94802219049936
"VISl","idiosyncratic",3,1.6,1.605,-0.0739139785273913,4.94802219049936
"VISl","idiosyncratic",3,1.605,1.61,-0.013876343277455,4.94802219049936
"VISl","idiosyncratic",3,1.61,1.615,-0.00499179992449605,4.94802219049936
"VISl","idiosyncratic",3,1.615,1.62,-0.0127601939423581,4.94802219049936
"VISl","idiosyncratic",3,1.62,1.625,0.00947465939508674,4.94802219049936
"VISl","idiosyncratic",3,1.625,1.63,-0.00437683359219765,4.94802219049936
"VISl","idiosyncratic",3,1.63,1.635,-0.0107834856752523,4.94802219049936
"VISl","idiosyncratic",3,1.635,1.64,0.0798852134577346,4.94802219049936
"VISl","idiosyncratic",3,1.64,1.645,-0.00318384015427575,4.94802219049936
"VISl","idiosyncratic",3,1.645,1.65,-0.0358265075240976,4.94802219049936
"VISl","idiosyncratic",3,1.65,1.655,0.0366174786445708,4.94802219049936
"VISl","idiosyncratic",3,1.655,1.66,-0.114712140410913,4.94802219049936
"VISl","idiosyncratic",3,1.66,1.665,-0.0375685671753476,4.94802219049936
"VISl","idiosyncratic",3,1.665,1.67,-0.0711918252573009,4.94802219049936
"VISl","idiosyncratic",3,1.67,1.675,0.0592768571573491,4.94802219049936
"VISl","idiosyncratic",3,1.675,1.68,-0.144537512893257,4.94802219049936
"VISl","idiosyncratic",3,1.68,1.685,-0.0483910159140137,4.94802219049936
"VISl","idiosyncratic",3,1.685,1.69,0.0890010073545778,4.94802219049936
"VISl","idiosyncratic",3,1.69,1.695,-0.200769577863171,4.94802219049936
"VISl","idiosyncratic",3,1.695,1.7,0.0261497107691628,4.94802219049936
"VISl","idiosyncratic",3,1.7,1.705,0.0471760614765851,4.94802219049936
"VISl","idiosyncratic",3,1.705,1.71,-0.101148961218744,4.94802219049936
"VISl","idiosyncratic",3,1.71,1.715,0.0161502073014217,4.94802219049936
"VISl","idiosyncratic",3,1.715,1.72,-0.00471283066515116,4.94802219049936
"VISl","idiosyncratic",3,1.72,1.725,0.024818625043992,4.94802219049936
"VISl","idiosyncratic",3,1.725,1.73,-0.125859603594002,4.94802219049936
"VISl","idiosyncratic",3,1.73,1.735,-0.0225573022806141,4.94802219049936
"VISl","idiosyncratic",3,1.735,1.74,-0.0284351530628975,4.94802219049936
"VISl","idiosyncratic",3,1.74,1.745,-0.154260355489409,4.94802219049936
"VISl","idiosyncratic",3,1.745,1.75,-0.0614675550152186,4.94802219049936
"VISl","idiosyncratic",3,1.75,1.755,-0.070977692614917,4.94802219049936
"VISl","idiosyncratic",3,1.755,1.76,0.0411439097070663,4.94802219049936
"VISl","idiosyncratic",3,1.76,1.765,-0.0570043594592745,4.94802219049936
"VISl","idiosyncratic",3,1.765,1.77,0.0828421760983563,4.94802219049936
"VISl","idiosyncratic",3,1.77,1.775,0.0480925168107784,4.94802219049936
"VISl","idiosyncratic",3,1.775,1.78,0.122609842160772,4.94802219049936
"VISl","idiosyncratic",3,1.78,1.785,-0.0469631325753664,4.94802219049936
"VISl","idiosyncratic",3,1.785,1.79,-0.0577655239718184,4.94802219049936
"VISl","idiosyncratic",3,1.79,1.795,0.104725493496654,4.94802219049936
"VISl","idiosyncratic",3,1.795,1.8,0.057239417339142,4.94802219049936
"VISl","idiosyncratic",3,1.8,1.805,-0.0784241274560945,4.94802219049936
"VISl","idiosyncratic",3,1.805,1.81,-0.105290182090058,4.94802219049936
"VISl","idiosyncratic",3,1.81,1.815,0.0784731605474895,4.94802219049936
"VISl","idiosyncratic",3,1.815,1.82,-0.0646300579794787,4.94802219049936
"VISl","idiosyncratic",3,1.82,1.825,-0.0559343872071406,4.94802219049936
"VISl","idiosyncratic",3,1.825,1.83,-0.0351570643091945,4.94802219049936
"VISl","idiosyncratic",3,1.83,1.835,0.042417712310895,4.94802219049936
"VISl","idiosyncratic",3,1.835,1.84,0.10501888384805,4.94802219049936
"VISl","idiosyncratic",3,1.84,1.845,-0.0279894424994696,4.94802219049936
"VISl","idiosyncratic",3,1.845,1.85,0.029418057198206,4.94802219049936
"VISl","idiosyncratic",3,1.85,1.855,-0.0138599774539489,4.94802219049936
"VISl","idiosyncratic",3,1.855,1.86,-0.0748502921032212,4.94802219049936
"VISl","idiosyncratic",3,1.86,1.865,-0.00860531330386268,4.94802219049936
"VISl","idiosyncratic",3,1.865,1.87,-0.0588603824169329,4.94802219049936
"VISl","idiosyncratic",3,1.87,1.875,-0.00347283245889617,4.94802219049936
"VISl","idiosyncratic",3,1.875,1.88,0.0390026522265866,4.94802219049936
"VISl","idiosyncratic",3,1.88,1.885,-0.0439435018941604,4.94802219049936
"VISl","idiosyncratic",3,1.885,1.89,-0.0711019490749754,4.94802219049936
"VISl","idiosyncratic",3,1.89,1.895,-0.0448683486924976,4.94802219049936
"VISl","idiosyncratic",3,1.895,1.9,-0.00914006397967598,4.94802219049936
"VISl","idiosyncratic",3,1.9,1.905,-0.169656166817451,4.94802219049936
"VISl","idiosyncratic",3,1.905,1.91,-0.0645901667590491,4.94802219049936
"VISl","idiosyncratic",3,1.91,1.915,0.0774833145587621,4.94802219049936
"VISl","idiosyncratic",3,1.915,1.92,-0.180929613711475,4.94802219049936
"VISl","idiosyncratic",3,1.92,1.925,-0.0616779709622286,4.94802219049936
"VISl","idiosyncratic",3,1.925,1.93,-0.159590178666329,4.94802219049936
"VISl","idiosyncratic",3,1.93,1.935,-0.0224675334130168,4.94802219049936
"VISl","idiosyncratic",3,1.935,1.94,-0.159680248672376,4.94802219049936
"VISl","idiosyncratic",3,1.94,1.945,-0.0839366738420092,4.94802219049936
"VISl","idiosyncratic",3,1.945,1.95,-0.062518000332566,4.94802219049936
"VISl","idiosyncratic",3,1.95,1.955,-0.0247738143934575,4.94802219049936
"VISl","idiosyncratic",3,1.955,1.96,-0.0109087724127663,4.94802219049936
"VISl","idiosyncratic",3,1.96,1.965,-0.0502098976007379,4.94802219049936
"VISl","idiosyncratic",3,1.965,1.97,-0.124852779696135,4.94802219049936
"VISl","idiosyncratic",3,1.97,1.975,-0.0108040760899193,4.94802219049936
"VISl","idiosyncratic",3,1.975,1.98,0.0416370147146428,4.94802219049936
"VISl","idiosyncratic",3,1.98,1.985,-0.106929559173569,4.94802219049936
"VISl","idiosyncratic",3,1.985,1.99,-0.0570922116357033,4.94802219049936
"VISl","idiosyncratic",3,1.99,1.995,0.0282853977759969,4.94802219049936
"VISl","idiosyncratic",3,1.995,2,-0.0905013718243037,4.94802219049936
"VISrl","idiosyncratic",1,0,0.005,0.00657531850075244,4612.93045971169
"VISrl","idiosyncratic",1,0.005,0.01,0.00377693958810564,4612.93045971169
"VISrl","idiosyncratic",1,0.01,0.015,0.00629336464143315,4612.93045971169
"VISrl","idiosyncratic",1,0.015,0.02,0.0031904780802508,4612.93045971169
"VISrl","idiosyncratic",1,0.02,0.025,-0.000135991104668397,4612.93045971169
"VISrl","idiosyncratic",1,0.025,0.03,0.00204950161874931,4612.93045971169
"VISrl","idiosyncratic",1,0.03,0.035,0.00251141991210569,4612.93045971169
"VISrl","idiosyncratic",1,0.035,0.04,0.00535991118392638,4612.93045971169
"VISrl","idiosyncratic",1,0.04,0.045,0.00183204341638627,4612.93045971169
"VISrl","idiosyncratic",1,0.045,0.05,0.000984210954926325,4612.93045971169
"VISrl","idiosyncratic",1,0.05,0.055,0.000700893369056155,4612.93045971169
"VISrl","idiosyncratic",1,0.055,0.06,0.00439949794806627,4612.93045971169
"VISrl","idiosyncratic",1,0.06,0.065,0.00010000272220239,4612.93045971169
"VISrl","idiosyncratic",1,0.065,0.07,0.000554685374275832,4612.93045971169
"VISrl","idiosyncratic",1,0.07,0.075,0.00213035419024227,4612.93045971169
"VISrl","idiosyncratic",1,0.075,0.08,0.0056679747723446,4612.93045971169
"VISrl","idiosyncratic",1,0.08,0.085,0.00131644539658638,4612.93045971169
"VISrl","idiosyncratic",1,0.085,0.09,0.00790525041594911,4612.93045971169
"VISrl","idiosyncratic",1,0.09,0.095,-0.00246847837618421,4612.93045971169
"VISrl","idiosyncratic",1,0.095,0.1,0.00660281334329228,4612.93045971169
"VISrl","idiosyncratic",1,0.1,0.105,-0.0013748178794985,4612.93045971169
"VISrl","idiosyncratic",1,0.105,0.11,0.00492931403108292,4612.93045971169
"VISrl","idiosyncratic",1,0.11,0.115,-0.00146552244533556,4612.93045971169
"VISrl","idiosyncratic",1,0.115,0.12,0.0104609261954258,4612.93045971169
"VISrl","idiosyncratic",1,0.12,0.125,0.00493724908510272,4612.93045971169
"VISrl","idiosyncratic",1,0.125,0.13,0.0117035972947931,4612.93045971169
"VISrl","idiosyncratic",1,0.13,0.135,0.00259173792463818,4612.93045971169
"VISrl","idiosyncratic",1,0.135,0.14,0.0103014266582791,4612.93045971169
"VISrl","idiosyncratic",1,0.14,0.145,0.00334489964851591,4612.93045971169
"VISrl","idiosyncratic",1,0.145,0.15,0.00868732466930877,4612.93045971169
"VISrl","idiosyncratic",1,0.15,0.155,0.000311015584516322,4612.93045971169
"VISrl","idiosyncratic",1,0.155,0.16,0.00719177952897246,4612.93045971169
"VISrl","idiosyncratic",1,0.16,0.165,0.00255041765188851,4612.93045971169
"VISrl","idiosyncratic",1,0.165,0.17,0.00626621436647837,4612.93045971169
"VISrl","idiosyncratic",1,0.17,0.175,0.00655641313071123,4612.93045971169
"VISrl","idiosyncratic",1,0.175,0.18,-0.00261623951194187,4612.93045971169
"VISrl","idiosyncratic",1,0.18,0.185,0.00865353152958781,4612.93045971169
"VISrl","idiosyncratic",1,0.185,0.19,-0.00125506216175261,4612.93045971169
"VISrl","idiosyncratic",1,0.19,0.195,0.00537948002954053,4612.93045971169
"VISrl","idiosyncratic",1,0.195,0.2,0.00216761560081952,4612.93045971169
"VISrl","idiosyncratic",1,0.2,0.205,0.00348703141278719,4612.93045971169
"VISrl","idiosyncratic",1,0.205,0.21,0.00237747892529272,4612.93045971169
"VISrl","idiosyncratic",1,0.21,0.215,0.00538249973121419,4612.93045971169
"VISrl","idiosyncratic",1,0.215,0.22,0.00496255318604924,4612.93045971169
"VISrl","idiosyncratic",1,0.22,0.225,0.00458681657615098,4612.93045971169
"VISrl","idiosyncratic",1,0.225,0.23,0.00510213068282991,4612.93045971169
"VISrl","idiosyncratic",1,0.23,0.235,0.00439252653295336,4612.93045971169
"VISrl","idiosyncratic",1,0.235,0.24,0.0007599012032522,4612.93045971169
"VISrl","idiosyncratic",1,0.24,0.245,0.00126237351994787,4612.93045971169
"VISrl","idiosyncratic",1,0.245,0.25,0.00308737336734335,4612.93045971169
"VISrl","idiosyncratic",1,0.25,0.255,0.00583127137703046,4612.93045971169
"VISrl","idiosyncratic",1,0.255,0.26,-0.00281227763552394,4612.93045971169
"VISrl","idiosyncratic",1,0.26,0.265,0.00476558586265488,4612.93045971169
"VISrl","idiosyncratic",1,0.265,0.27,0.00360671540042615,4612.93045971169
"VISrl","idiosyncratic",1,0.27,0.275,-0.00124420888834062,4612.93045971169
"VISrl","idiosyncratic",1,0.275,0.28,0.00223822194873843,4612.93045971169
"VISrl","idiosyncratic",1,0.28,0.285,0.0068193899667234,4612.93045971169
"VISrl","idiosyncratic",1,0.285,0.29,0.00467297278495196,4612.93045971169
"VISrl","idiosyncratic",1,0.29,0.295,0.00131456726084297,4612.93045971169
"VISrl","idiosyncratic",1,0.295,0.3,-0.000483725593857787,4612.93045971169
"VISrl","idiosyncratic",1,0.3,0.305,-0.000166223477708061,4612.93045971169
"VISrl","idiosyncratic",1,0.305,0.31,-0.00114436245071758,4612.93045971169
"VISrl","idiosyncratic",1,0.31,0.315,0.000889574957373379,4612.93045971169
"VISrl","idiosyncratic",1,0.315,0.32,0.00322207516193238,4612.93045971169
"VISrl","idiosyncratic",1,0.32,0.325,0.00186153364785349,4612.93045971169
"VISrl","idiosyncratic",1,0.325,0.33,0.00419671724052476,4612.93045971169
"VISrl","idiosyncratic",1,0.33,0.335,-0.00346151217457985,4612.93045971169
"VISrl","idiosyncratic",1,0.335,0.34,-0.000448779170838437,4612.93045971169
"VISrl","idiosyncratic",1,0.34,0.345,-0.00207511358187876,4612.93045971169
"VISrl","idiosyncratic",1,0.345,0.35,-0.00103607226045666,4612.93045971169
"VISrl","idiosyncratic",1,0.35,0.355,0.00485635200820891,4612.93045971169
"VISrl","idiosyncratic",1,0.355,0.36,0.000199318067277243,4612.93045971169
"VISrl","idiosyncratic",1,0.36,0.365,0.000553250244859804,4612.93045971169
"VISrl","idiosyncratic",1,0.365,0.37,-0.00637579789648249,4612.93045971169
"VISrl","idiosyncratic",1,0.37,0.375,-0.000598422589263209,4612.93045971169
"VISrl","idiosyncratic",1,0.375,0.38,0.00484488952614848,4612.93045971169
"VISrl","idiosyncratic",1,0.38,0.385,0.00131741372586713,4612.93045971169
"VISrl","idiosyncratic",1,0.385,0.39,-0.001707459438096,4612.93045971169
"VISrl","idiosyncratic",1,0.39,0.395,-0.0022030161092744,4612.93045971169
"VISrl","idiosyncratic",1,0.395,0.4,-0.000594315649717431,4612.93045971169
"VISrl","idiosyncratic",1,0.4,0.405,0.000563257437025316,4612.93045971169
"VISrl","idiosyncratic",1,0.405,0.41,-0.00116381184851033,4612.93045971169
"VISrl","idiosyncratic",1,0.41,0.415,0.00287516501922708,4612.93045971169
"VISrl","idiosyncratic",1,0.415,0.42,0.0023629850693894,4612.93045971169
"VISrl","idiosyncratic",1,0.42,0.425,0.00272601826272181,4612.93045971169
"VISrl","idiosyncratic",1,0.425,0.43,0.00387224550140017,4612.93045971169
"VISrl","idiosyncratic",1,0.43,0.435,0.00263557257318681,4612.93045971169
"VISrl","idiosyncratic",1,0.435,0.44,-0.00186861490428311,4612.93045971169
"VISrl","idiosyncratic",1,0.44,0.445,-5.93146919107279e-05,4612.93045971169
"VISrl","idiosyncratic",1,0.445,0.45,-0.00328439243521814,4612.93045971169
"VISrl","idiosyncratic",1,0.45,0.455,-0.000204829600256778,4612.93045971169
"VISrl","idiosyncratic",1,0.455,0.46,0.00121206538365826,4612.93045971169
"VISrl","idiosyncratic",1,0.46,0.465,0.00326442488770209,4612.93045971169
"VISrl","idiosyncratic",1,0.465,0.47,0.00548831069610428,4612.93045971169
"VISrl","idiosyncratic",1,0.47,0.475,0.0070289377594509,4612.93045971169
"VISrl","idiosyncratic",1,0.475,0.48,0.0016477262234624,4612.93045971169
"VISrl","idiosyncratic",1,0.48,0.485,0.00270921454453052,4612.93045971169
"VISrl","idiosyncratic",1,0.485,0.49,-0.00390328165446652,4612.93045971169
"VISrl","idiosyncratic",1,0.49,0.495,0.000684274552603725,4612.93045971169
"VISrl","idiosyncratic",1,0.495,0.5,0.000176840687210938,4612.93045971169
"VISrl","idiosyncratic",1,0.5,0.505,0.00236448449946386,4612.93045971169
"VISrl","idiosyncratic",1,0.505,0.51,1.2669629854245e-05,4612.93045971169
"VISrl","idiosyncratic",1,0.51,0.515,0.00429346125365279,4612.93045971169
"VISrl","idiosyncratic",1,0.515,0.52,0.00353142896735537,4612.93045971169
"VISrl","idiosyncratic",1,0.52,0.525,0.00730212973777022,4612.93045971169
"VISrl","idiosyncratic",1,0.525,0.53,0.000357026602931132,4612.93045971169
"VISrl","idiosyncratic",1,0.53,0.535,3.95596357541383e-05,4612.93045971169
"VISrl","idiosyncratic",1,0.535,0.54,-0.00224603779688992,4612.93045971169
"VISrl","idiosyncratic",1,0.54,0.545,0.00607788599116188,4612.93045971169
"VISrl","idiosyncratic",1,0.545,0.55,-0.00206664977184257,4612.93045971169
"VISrl","idiosyncratic",1,0.55,0.555,0.0016441854682831,4612.93045971169
"VISrl","idiosyncratic",1,0.555,0.56,0.00666928944790041,4612.93045971169
"VISrl","idiosyncratic",1,0.56,0.565,0.000366042034712188,4612.93045971169
"VISrl","idiosyncratic",1,0.565,0.57,0.00435674920550866,4612.93045971169
"VISrl","idiosyncratic",1,0.57,0.575,0.00263076364320919,4612.93045971169
"VISrl","idiosyncratic",1,0.575,0.58,0.00527389607044854,4612.93045971169
"VISrl","idiosyncratic",1,0.58,0.585,0.00574642384661334,4612.93045971169
"VISrl","idiosyncratic",1,0.585,0.59,0.000880951251319484,4612.93045971169
"VISrl","idiosyncratic",1,0.59,0.595,0.00293040551508117,4612.93045971169
"VISrl","idiosyncratic",1,0.595,0.6,-0.00137929052370439,4612.93045971169
"VISrl","idiosyncratic",1,0.6,0.605,0.00352863677703713,4612.93045971169
"VISrl","idiosyncratic",1,0.605,0.61,0.00812913573868496,4612.93045971169
"VISrl","idiosyncratic",1,0.61,0.615,0.00443136321363247,4612.93045971169
"VISrl","idiosyncratic",1,0.615,0.62,0.00539666687107704,4612.93045971169
"VISrl","idiosyncratic",1,0.62,0.625,0.00743751443855889,4612.93045971169
"VISrl","idiosyncratic",1,0.625,0.63,0.00318347639386801,4612.93045971169
"VISrl","idiosyncratic",1,0.63,0.635,0.00475299241422955,4612.93045971169
"VISrl","idiosyncratic",1,0.635,0.64,-0.000167954728681641,4612.93045971169
"VISrl","idiosyncratic",1,0.64,0.645,0.000201428221539235,4612.93045971169
"VISrl","idiosyncratic",1,0.645,0.65,0.00137677668101899,4612.93045971169
"VISrl","idiosyncratic",1,0.65,0.655,0.00681919752690452,4612.93045971169
"VISrl","idiosyncratic",1,0.655,0.66,0.00426135487109075,4612.93045971169
"VISrl","idiosyncratic",1,0.66,0.665,0.00232597288432862,4612.93045971169
"VISrl","idiosyncratic",1,0.665,0.67,0.00590160280285607,4612.93045971169
"VISrl","idiosyncratic",1,0.67,0.675,0.00531537515996788,4612.93045971169
"VISrl","idiosyncratic",1,0.675,0.68,0.00218200568500077,4612.93045971169
"VISrl","idiosyncratic",1,0.68,0.685,0.00316573650459018,4612.93045971169
"VISrl","idiosyncratic",1,0.685,0.69,0.0050844998887053,4612.93045971169
"VISrl","idiosyncratic",1,0.69,0.695,0.00633970378772836,4612.93045971169
"VISrl","idiosyncratic",1,0.695,0.7,0.00533841466963736,4612.93045971169
"VISrl","idiosyncratic",1,0.7,0.705,-0.00122914459186402,4612.93045971169
"VISrl","idiosyncratic",1,0.705,0.71,0.00106614200746968,4612.93045971169
"VISrl","idiosyncratic",1,0.71,0.715,0.0117211504319705,4612.93045971169
"VISrl","idiosyncratic",1,0.715,0.72,0.00669532556806762,4612.93045971169
"VISrl","idiosyncratic",1,0.72,0.725,0.00365318409615822,4612.93045971169
"VISrl","idiosyncratic",1,0.725,0.73,0.000885447768646519,4612.93045971169
"VISrl","idiosyncratic",1,0.73,0.735,0.00147028589702231,4612.93045971169
"VISrl","idiosyncratic",1,0.735,0.74,0.00234440449346701,4612.93045971169
"VISrl","idiosyncratic",1,0.74,0.745,-0.000358760814331782,4612.93045971169
"VISrl","idiosyncratic",1,0.745,0.75,0.00443764891034548,4612.93045971169
"VISrl","idiosyncratic",1,0.75,0.755,0.00906971299825993,4612.93045971169
"VISrl","idiosyncratic",1,0.755,0.76,0.00436754442690462,4612.93045971169
"VISrl","idiosyncratic",1,0.76,0.765,0.00281396277628188,4612.93045971169
"VISrl","idiosyncratic",1,0.765,0.77,0.000417562538888194,4612.93045971169
"VISrl","idiosyncratic",1,0.77,0.775,0.00548584136988328,4612.93045971169
"VISrl","idiosyncratic",1,0.775,0.78,0.00629005743238525,4612.93045971169
"VISrl","idiosyncratic",1,0.78,0.785,0.000619928585760099,4612.93045971169
"VISrl","idiosyncratic",1,0.785,0.79,0.00653242196597048,4612.93045971169
"VISrl","idiosyncratic",1,0.79,0.795,0.00379723628414919,4612.93045971169
"VISrl","idiosyncratic",1,0.795,0.8,-0.00154245163539607,4612.93045971169
"VISrl","idiosyncratic",1,0.8,0.805,0.00184344448316581,4612.93045971169
"VISrl","idiosyncratic",1,0.805,0.81,0.00338664803625122,4612.93045971169
"VISrl","idiosyncratic",1,0.81,0.815,0.000718413914374272,4612.93045971169
"VISrl","idiosyncratic",1,0.815,0.82,0.00641733884132334,4612.93045971169
"VISrl","idiosyncratic",1,0.82,0.825,-0.00162704984561851,4612.93045971169
"VISrl","idiosyncratic",1,0.825,0.83,0.00199860078217662,4612.93045971169
"VISrl","idiosyncratic",1,0.83,0.835,0.00814666776612699,4612.93045971169
"VISrl","idiosyncratic",1,0.835,0.84,0.00471318294302098,4612.93045971169
"VISrl","idiosyncratic",1,0.84,0.845,0.00414475052574242,4612.93045971169
"VISrl","idiosyncratic",1,0.845,0.85,0.00201815404996147,4612.93045971169
"VISrl","idiosyncratic",1,0.85,0.855,-0.000298374788284705,4612.93045971169
"VISrl","idiosyncratic",1,0.855,0.86,0.0025070335526538,4612.93045971169
"VISrl","idiosyncratic",1,0.86,0.865,0.00604558766198304,4612.93045971169
"VISrl","idiosyncratic",1,0.865,0.87,0.00224427205368427,4612.93045971169
"VISrl","idiosyncratic",1,0.87,0.875,0.00667393739823646,4612.93045971169
"VISrl","idiosyncratic",1,0.875,0.88,0.00472734473458447,4612.93045971169
"VISrl","idiosyncratic",1,0.88,0.885,0.00459097236802658,4612.93045971169
"VISrl","idiosyncratic",1,0.885,0.89,0.00855024083312456,4612.93045971169
"VISrl","idiosyncratic",1,0.89,0.895,0.00499331827820049,4612.93045971169
"VISrl","idiosyncratic",1,0.895,0.9,0.00379608258755126,4612.93045971169
"VISrl","idiosyncratic",1,0.9,0.905,0.00247574656021932,4612.93045971169
"VISrl","idiosyncratic",1,0.905,0.91,0.00667591771232101,4612.93045971169
"VISrl","idiosyncratic",1,0.91,0.915,0.00754081091190117,4612.93045971169
"VISrl","idiosyncratic",1,0.915,0.92,0.00617193825224704,4612.93045971169
"VISrl","idiosyncratic",1,0.92,0.925,0.00336918218462556,4612.93045971169
"VISrl","idiosyncratic",1,0.925,0.93,0.00614157268966997,4612.93045971169
"VISrl","idiosyncratic",1,0.93,0.935,0.00807184742579792,4612.93045971169
"VISrl","idiosyncratic",1,0.935,0.94,0.0046383765902166,4612.93045971169
"VISrl","idiosyncratic",1,0.94,0.945,0.00494990663741224,4612.93045971169
"VISrl","idiosyncratic",1,0.945,0.95,0.000924120341608048,4612.93045971169
"VISrl","idiosyncratic",1,0.95,0.955,0.00879915326056935,4612.93045971169
"VISrl","idiosyncratic",1,0.955,0.96,0.00811604935278287,4612.93045971169
"VISrl","idiosyncratic",1,0.96,0.965,0.00488144551008818,4612.93045971169
"VISrl","idiosyncratic",1,0.965,0.97,0.00748511897152138,4612.93045971169
"VISrl","idiosyncratic",1,0.97,0.975,0.00126915282298623,4612.93045971169
"VISrl","idiosyncratic",1,0.975,0.98,0.00435042650899398,4612.93045971169
"VISrl","idiosyncratic",1,0.98,0.985,0.00208320118140859,4612.93045971169
"VISrl","idiosyncratic",1,0.985,0.99,-3.14773355426512e-05,4612.93045971169
"VISrl","idiosyncratic",1,0.99,0.995,0.00393329883358751,4612.93045971169
"VISrl","idiosyncratic",1,0.995,1,0.00659008056907395,4612.93045971169
"VISrl","idiosyncratic",1,1,1.005,0.00509354559714104,4612.93045971169
"VISrl","idiosyncratic",1,1.005,1.01,0.00150070687754056,4612.93045971169
"VISrl","idiosyncratic",1,1.01,1.015,0.0017007901884144,4612.93045971169
"VISrl","idiosyncratic",1,1.015,1.02,0.00660674372043402,4612.93045971169
"VISrl","idiosyncratic",1,1.02,1.025,0.00479567822618121,4612.93045971169
"VISrl","idiosyncratic",1,1.025,1.03,0.00658437660358135,4612.93045971169
"VISrl","idiosyncratic",1,1.03,1.035,0.00695115237299382,4612.93045971169
"VISrl","idiosyncratic",1,1.035,1.04,0.00360434687149691,4612.93045971169
"VISrl","idiosyncratic",1,1.04,1.045,0.00565596874974494,4612.93045971169
"VISrl","idiosyncratic",1,1.045,1.05,0.00411656385843862,4612.93045971169
"VISrl","idiosyncratic",1,1.05,1.055,0.00755532718894159,4612.93045971169
"VISrl","idiosyncratic",1,1.055,1.06,0.00358327309689832,4612.93045971169
"VISrl","idiosyncratic",1,1.06,1.065,0.00202247578831904,4612.93045971169
"VISrl","idiosyncratic",1,1.065,1.07,0.001939465168879,4612.93045971169
"VISrl","idiosyncratic",1,1.07,1.075,0.00529430473239501,4612.93045971169
"VISrl","idiosyncratic",1,1.075,1.08,0.00674665375855199,4612.93045971169
"VISrl","idiosyncratic",1,1.08,1.085,0.00667105875227603,4612.93045971169
"VISrl","idiosyncratic",1,1.085,1.09,0.0047741992992052,4612.93045971169
"VISrl","idiosyncratic",1,1.09,1.095,0.00532521630309268,4612.93045971169
"VISrl","idiosyncratic",1,1.095,1.1,0.000429531082645207,4612.93045971169
"VISrl","idiosyncratic",1,1.1,1.105,0.00842330327706575,4612.93045971169
"VISrl","idiosyncratic",1,1.105,1.11,0.00668848776982978,4612.93045971169
"VISrl","idiosyncratic",1,1.11,1.115,0.00179171478637996,4612.93045971169
"VISrl","idiosyncratic",1,1.115,1.12,0.00305309244778518,4612.93045971169
"VISrl","idiosyncratic",1,1.12,1.125,0.00400738327831873,4612.93045971169
"VISrl","idiosyncratic",1,1.125,1.13,0.00426722486979592,4612.93045971169
"VISrl","idiosyncratic",1,1.13,1.135,0.00575863699225265,4612.93045971169
"VISrl","idiosyncratic",1,1.135,1.14,0.00544265699618074,4612.93045971169
"VISrl","idiosyncratic",1,1.14,1.145,-0.00052198551855398,4612.93045971169
"VISrl","idiosyncratic",1,1.145,1.15,0.00187516111954888,4612.93045971169
"VISrl","idiosyncratic",1,1.15,1.155,-0.00228129978803571,4612.93045971169
"VISrl","idiosyncratic",1,1.155,1.16,-0.00164650511128472,4612.93045971169
"VISrl","idiosyncratic",1,1.16,1.165,0.00618354132567989,4612.93045971169
"VISrl","idiosyncratic",1,1.165,1.17,-0.0022273350261911,4612.93045971169
"VISrl","idiosyncratic",1,1.17,1.175,0.00677512910962652,4612.93045971169
"VISrl","idiosyncratic",1,1.175,1.18,0.00736708276584419,4612.93045971169
"VISrl","idiosyncratic",1,1.18,1.185,0.0037641207511091,4612.93045971169
"VISrl","idiosyncratic",1,1.185,1.19,0.00121494879220796,4612.93045971169
"VISrl","idiosyncratic",1,1.19,1.195,0.000951858204680023,4612.93045971169
"VISrl","idiosyncratic",1,1.195,1.2,0.00867104944263108,4612.93045971169
"VISrl","idiosyncratic",1,1.2,1.205,0.00408610643750029,4612.93045971169
"VISrl","idiosyncratic",1,1.205,1.21,0.00520427956896719,4612.93045971169
"VISrl","idiosyncratic",1,1.21,1.215,0.00592353643899723,4612.93045971169
"VISrl","idiosyncratic",1,1.215,1.22,0.0071281958706878,4612.93045971169
"VISrl","idiosyncratic",1,1.22,1.225,0.00409008642149922,4612.93045971169
"VISrl","idiosyncratic",1,1.225,1.23,0.00272366303208371,4612.93045971169
"VISrl","idiosyncratic",1,1.23,1.235,0.00554120364952981,4612.93045971169
"VISrl","idiosyncratic",1,1.235,1.24,0.00317582961982976,4612.93045971169
"VISrl","idiosyncratic",1,1.24,1.245,0.00630365885180895,4612.93045971169
"VISrl","idiosyncratic",1,1.245,1.25,0.00590648010896699,4612.93045971169
"VISrl","idiosyncratic",1,1.25,1.255,-0.00487705302611696,4612.93045971169
"VISrl","idiosyncratic",1,1.255,1.26,0.00149983971954215,4612.93045971169
"VISrl","idiosyncratic",1,1.26,1.265,0.00632628374609057,4612.93045971169
"VISrl","idiosyncratic",1,1.265,1.27,0.00495687663884081,4612.93045971169
"VISrl","idiosyncratic",1,1.27,1.275,0.00331147427340583,4612.93045971169
"VISrl","idiosyncratic",1,1.275,1.28,0.001321201602831,4612.93045971169
"VISrl","idiosyncratic",1,1.28,1.285,0.00646286770924487,4612.93045971169
"VISrl","idiosyncratic",1,1.285,1.29,-0.000613480351928986,4612.93045971169
"VISrl","idiosyncratic",1,1.29,1.295,0.00140484990994993,4612.93045971169
"VISrl","idiosyncratic",1,1.295,1.3,0.00237982507272005,4612.93045971169
"VISrl","idiosyncratic",1,1.3,1.305,0.000974003282476432,4612.93045971169
"VISrl","idiosyncratic",1,1.305,1.31,0.00151418821278282,4612.93045971169
"VISrl","idiosyncratic",1,1.31,1.315,0.00671907976636599,4612.93045971169
"VISrl","idiosyncratic",1,1.315,1.32,0.00363156926806318,4612.93045971169
"VISrl","idiosyncratic",1,1.32,1.325,0.0015490452307988,4612.93045971169
"VISrl","idiosyncratic",1,1.325,1.33,0.0016693011476695,4612.93045971169
"VISrl","idiosyncratic",1,1.33,1.335,0.00322538387189664,4612.93045971169
"VISrl","idiosyncratic",1,1.335,1.34,0.00253614464626239,4612.93045971169
"VISrl","idiosyncratic",1,1.34,1.345,0.000477275460490589,4612.93045971169
"VISrl","idiosyncratic",1,1.345,1.35,0.00384982036516679,4612.93045971169
"VISrl","idiosyncratic",1,1.35,1.355,0.00160325745634415,4612.93045971169
"VISrl","idiosyncratic",1,1.355,1.36,-0.00373657328521915,4612.93045971169
"VISrl","idiosyncratic",1,1.36,1.365,0.00397214012678926,4612.93045971169
"VISrl","idiosyncratic",1,1.365,1.37,0.00321463572794589,4612.93045971169
"VISrl","idiosyncratic",1,1.37,1.375,-0.00193022552496369,4612.93045971169
"VISrl","idiosyncratic",1,1.375,1.38,0.00363962381294336,4612.93045971169
"VISrl","idiosyncratic",1,1.38,1.385,0.00116275692344359,4612.93045971169
"VISrl","idiosyncratic",1,1.385,1.39,0.00341473010217597,4612.93045971169
"VISrl","idiosyncratic",1,1.39,1.395,0.00814425392015061,4612.93045971169
"VISrl","idiosyncratic",1,1.395,1.4,0.00402553121030791,4612.93045971169
"VISrl","idiosyncratic",1,1.4,1.405,0.00477093734619027,4612.93045971169
"VISrl","idiosyncratic",1,1.405,1.41,0.000856080356482325,4612.93045971169
"VISrl","idiosyncratic",1,1.41,1.415,0.000144103550637653,4612.93045971169
"VISrl","idiosyncratic",1,1.415,1.42,0.00677754885871484,4612.93045971169
"VISrl","idiosyncratic",1,1.42,1.425,0.00146446760181185,4612.93045971169
"VISrl","idiosyncratic",1,1.425,1.43,0.00160922021200249,4612.93045971169
"VISrl","idiosyncratic",1,1.43,1.435,0.00116567458764083,4612.93045971169
"VISrl","idiosyncratic",1,1.435,1.44,0.00066735339864632,4612.93045971169
"VISrl","idiosyncratic",1,1.44,1.445,0.00317407411368209,4612.93045971169
"VISrl","idiosyncratic",1,1.445,1.45,0.00235616815871753,4612.93045971169
"VISrl","idiosyncratic",1,1.45,1.455,0.00703043454151264,4612.93045971169
"VISrl","idiosyncratic",1,1.455,1.46,0.0028899279791903,4612.93045971169
"VISrl","idiosyncratic",1,1.46,1.465,-0.000671041365989722,4612.93045971169
"VISrl","idiosyncratic",1,1.465,1.47,0.00539538718072963,4612.93045971169
"VISrl","idiosyncratic",1,1.47,1.475,0.00532221848479242,4612.93045971169
"VISrl","idiosyncratic",1,1.475,1.48,0.0067090024536568,4612.93045971169
"VISrl","idiosyncratic",1,1.48,1.485,0.00100026795732622,4612.93045971169
"VISrl","idiosyncratic",1,1.485,1.49,0.000458541888334163,4612.93045971169
"VISrl","idiosyncratic",1,1.49,1.495,0.00079519751026158,4612.93045971169
"VISrl","idiosyncratic",1,1.495,1.5,0.00390212649209087,4612.93045971169
"VISrl","idiosyncratic",1,1.5,1.505,-0.00108038294871671,4612.93045971169
"VISrl","idiosyncratic",1,1.505,1.51,0.00690860057306197,4612.93045971169
"VISrl","idiosyncratic",1,1.51,1.515,0.00221296448471053,4612.93045971169
"VISrl","idiosyncratic",1,1.515,1.52,-0.00377922880365233,4612.93045971169
"VISrl","idiosyncratic",1,1.52,1.525,0.00313529569088666,4612.93045971169
"VISrl","idiosyncratic",1,1.525,1.53,0.00155079088374344,4612.93045971169
"VISrl","idiosyncratic",1,1.53,1.535,0.00480245475530627,4612.93045971169
"VISrl","idiosyncratic",1,1.535,1.54,0.00323438796468078,4612.93045971169
"VISrl","idiosyncratic",1,1.54,1.545,0.00350021123946975,4612.93045971169
"VISrl","idiosyncratic",1,1.545,1.55,0.00655348727397786,4612.93045971169
"VISrl","idiosyncratic",1,1.55,1.555,0.00263322881886774,4612.93045971169
"VISrl","idiosyncratic",1,1.555,1.56,0.00655335406091528,4612.93045971169
"VISrl","idiosyncratic",1,1.56,1.565,-0.0034650583847633,4612.93045971169
"VISrl","idiosyncratic",1,1.565,1.57,-0.0026902988954437,4612.93045971169
"VISrl","idiosyncratic",1,1.57,1.575,-0.00275502420032769,4612.93045971169
"VISrl","idiosyncratic",1,1.575,1.58,0.00600315270223284,4612.93045971169
"VISrl","idiosyncratic",1,1.58,1.585,0.0054157958857437,4612.93045971169
"VISrl","idiosyncratic",1,1.585,1.59,-0.00406803955478596,4612.93045971169
"VISrl","idiosyncratic",1,1.59,1.595,-0.000209340236184241,4612.93045971169
"VISrl","idiosyncratic",1,1.595,1.6,0.000548864570820373,4612.93045971169
"VISrl","idiosyncratic",1,1.6,1.605,0.00168682109976781,4612.93045971169
"VISrl","idiosyncratic",1,1.605,1.61,0.00497542205581902,4612.93045971169
"VISrl","idiosyncratic",1,1.61,1.615,0.00231496228996475,4612.93045971169
"VISrl","idiosyncratic",1,1.615,1.62,0.000729410896225136,4612.93045971169
"VISrl","idiosyncratic",1,1.62,1.625,0.00203101861500365,4612.93045971169
"VISrl","idiosyncratic",1,1.625,1.63,-0.00378912132556863,4612.93045971169
"VISrl","idiosyncratic",1,1.63,1.635,-0.000999502690177123,4612.93045971169
"VISrl","idiosyncratic",1,1.635,1.64,0.00173811777433619,4612.93045971169
"VISrl","idiosyncratic",1,1.64,1.645,0.00493924464974183,4612.93045971169
"VISrl","idiosyncratic",1,1.645,1.65,0.00389160932322463,4612.93045971169
"VISrl","idiosyncratic",1,1.65,1.655,0.00353182138181651,4612.93045971169
"VISrl","idiosyncratic",1,1.655,1.66,0.00799008130125345,4612.93045971169
"VISrl","idiosyncratic",1,1.66,1.665,0.000471046562964483,4612.93045971169
"VISrl","idiosyncratic",1,1.665,1.67,3.65122681731389e-05,4612.93045971169
"VISrl","idiosyncratic",1,1.67,1.675,0.00590887977321897,4612.93045971169
"VISrl","idiosyncratic",1,1.675,1.68,0.00158518271373498,4612.93045971169
"VISrl","idiosyncratic",1,1.68,1.685,0.00149873569266035,4612.93045971169
"VISrl","idiosyncratic",1,1.685,1.69,0.00642141531215601,4612.93045971169
"VISrl","idiosyncratic",1,1.69,1.695,0.00735616582280851,4612.93045971169
"VISrl","idiosyncratic",1,1.695,1.7,0.00653382295179727,4612.93045971169
"VISrl","idiosyncratic",1,1.7,1.705,0.00127096467509635,4612.93045971169
"VISrl","idiosyncratic",1,1.705,1.71,0.0014287290183348,4612.93045971169
"VISrl","idiosyncratic",1,1.71,1.715,0.00541976440259195,4612.93045971169
"VISrl","idiosyncratic",1,1.715,1.72,0.00261889171055074,4612.93045971169
"VISrl","idiosyncratic",1,1.72,1.725,0.00481215799332047,4612.93045971169
"VISrl","idiosyncratic",1,1.725,1.73,0.00264418175376835,4612.93045971169
"VISrl","idiosyncratic",1,1.73,1.735,-0.000177463055999416,4612.93045971169
"VISrl","idiosyncratic",1,1.735,1.74,0.00560561238109081,4612.93045971169
"VISrl","idiosyncratic",1,1.74,1.745,-0.00207772831892039,4612.93045971169
"VISrl","idiosyncratic",1,1.745,1.75,0.0029007763609008,4612.93045971169
"VISrl","idiosyncratic",1,1.75,1.755,-0.00288437909510986,4612.93045971169
"VISrl","idiosyncratic",1,1.755,1.76,0.00549054539578497,4612.93045971169
"VISrl","idiosyncratic",1,1.76,1.765,0.00824776396769833,4612.93045971169
"VISrl","idiosyncratic",1,1.765,1.77,-0.00218891751803274,4612.93045971169
"VISrl","idiosyncratic",1,1.77,1.775,0.0030524261333551,4612.93045971169
"VISrl","idiosyncratic",1,1.775,1.78,0.00207274473049712,4612.93045971169
"VISrl","idiosyncratic",1,1.78,1.785,0.00291043964428472,4612.93045971169
"VISrl","idiosyncratic",1,1.785,1.79,0.000230448434579422,4612.93045971169
"VISrl","idiosyncratic",1,1.79,1.795,0.00108490559107155,4612.93045971169
"VISrl","idiosyncratic",1,1.795,1.8,0.00595611945012742,4612.93045971169
"VISrl","idiosyncratic",1,1.8,1.805,-0.0010519514134264,4612.93045971169
"VISrl","idiosyncratic",1,1.805,1.81,0.00582776423732922,4612.93045971169
"VISrl","idiosyncratic",1,1.81,1.815,0.00407177192202868,4612.93045971169
"VISrl","idiosyncratic",1,1.815,1.82,0.00588363372002365,4612.93045971169
"VISrl","idiosyncratic",1,1.82,1.825,0.000139600907836268,4612.93045971169
"VISrl","idiosyncratic",1,1.825,1.83,0.00372693850092909,4612.93045971169
"VISrl","idiosyncratic",1,1.83,1.835,0.00132730809852677,4612.93045971169
"VISrl","idiosyncratic",1,1.835,1.84,0.00131445223931648,4612.93045971169
"VISrl","idiosyncratic",1,1.84,1.845,-0.000452109719531579,4612.93045971169
"VISrl","idiosyncratic",1,1.845,1.85,0.00229666630018199,4612.93045971169
"VISrl","idiosyncratic",1,1.85,1.855,0.00110203268165865,4612.93045971169
"VISrl","idiosyncratic",1,1.855,1.86,-0.00244506114992182,4612.93045971169
"VISrl","idiosyncratic",1,1.86,1.865,0.00433325158528897,4612.93045971169
"VISrl","idiosyncratic",1,1.865,1.87,0.00579379074828412,4612.93045971169
"VISrl","idiosyncratic",1,1.87,1.875,0.00176515183498771,4612.93045971169
"VISrl","idiosyncratic",1,1.875,1.88,0.000428114685647296,4612.93045971169
"VISrl","idiosyncratic",1,1.88,1.885,-0.000713758833409406,4612.93045971169
"VISrl","idiosyncratic",1,1.885,1.89,0.00630329882383451,4612.93045971169
"VISrl","idiosyncratic",1,1.89,1.895,0.00486579017291877,4612.93045971169
"VISrl","idiosyncratic",1,1.895,1.9,0.00252687708646793,4612.93045971169
"VISrl","idiosyncratic",1,1.9,1.905,0.00275947971036183,4612.93045971169
"VISrl","idiosyncratic",1,1.905,1.91,0.00523171552514157,4612.93045971169
"VISrl","idiosyncratic",1,1.91,1.915,0.00180601873304398,4612.93045971169
"VISrl","idiosyncratic",1,1.915,1.92,0.00204293725558036,4612.93045971169
"VISrl","idiosyncratic",1,1.92,1.925,0.00153098500831583,4612.93045971169
"VISrl","idiosyncratic",1,1.925,1.93,-0.00122097702946755,4612.93045971169
"VISrl","idiosyncratic",1,1.93,1.935,0.00402889699153741,4612.93045971169
"VISrl","idiosyncratic",1,1.935,1.94,-0.00238474831324931,4612.93045971169
"VISrl","idiosyncratic",1,1.94,1.945,-0.00599822976235265,4612.93045971169
"VISrl","idiosyncratic",1,1.945,1.95,0.0017753769293849,4612.93045971169
"VISrl","idiosyncratic",1,1.95,1.955,0.00559025538566549,4612.93045971169
"VISrl","idiosyncratic",1,1.955,1.96,0.00346167104920436,4612.93045971169
"VISrl","idiosyncratic",1,1.96,1.965,0.000827697752285639,4612.93045971169
"VISrl","idiosyncratic",1,1.965,1.97,0.00337335816956252,4612.93045971169
"VISrl","idiosyncratic",1,1.97,1.975,-0.000364587398734351,4612.93045971169
"VISrl","idiosyncratic",1,1.975,1.98,0.0010422668069463,4612.93045971169
"VISrl","idiosyncratic",1,1.98,1.985,-0.00125253919593571,4612.93045971169
"VISrl","idiosyncratic",1,1.985,1.99,0.00251803606108103,4612.93045971169
"VISrl","idiosyncratic",1,1.99,1.995,0.0051544110445283,4612.93045971169
"VISrl","idiosyncratic",1,1.995,2,0.000174775193466425,4612.93045971169
"VISrl","idiosyncratic",2,0,0.005,0.00641423752050243,102.253720094542
"VISrl","idiosyncratic",2,0.005,0.01,0.0115005921980205,102.253720094542
"VISrl","idiosyncratic",2,0.01,0.015,0.0377473090227703,102.253720094542
"VISrl","idiosyncratic",2,0.015,0.02,0.0495269113378336,102.253720094542
"VISrl","idiosyncratic",2,0.02,0.025,0.0490540882390032,102.253720094542
"VISrl","idiosyncratic",2,0.025,0.03,0.0254787895088429,102.253720094542
"VISrl","idiosyncratic",2,0.03,0.035,0.0268043899881748,102.253720094542
"VISrl","idiosyncratic",2,0.035,0.04,0.027412559286774,102.253720094542
"VISrl","idiosyncratic",2,0.04,0.045,0.0101266104737898,102.253720094542
"VISrl","idiosyncratic",2,0.045,0.05,0.00452193255210093,102.253720094542
"VISrl","idiosyncratic",2,0.05,0.055,0.0520141890209677,102.253720094542
"VISrl","idiosyncratic",2,0.055,0.06,0.0113214589681886,102.253720094542
"VISrl","idiosyncratic",2,0.06,0.065,0.0453880255411982,102.253720094542
"VISrl","idiosyncratic",2,0.065,0.07,0.0377764045181506,102.253720094542
"VISrl","idiosyncratic",2,0.07,0.075,0.0253211014002483,102.253720094542
"VISrl","idiosyncratic",2,0.075,0.08,-0.0182763665110064,102.253720094542
"VISrl","idiosyncratic",2,0.08,0.085,0.00290779360203547,102.253720094542
"VISrl","idiosyncratic",2,0.085,0.09,-0.00682288036208967,102.253720094542
"VISrl","idiosyncratic",2,0.09,0.095,-0.0260352751479337,102.253720094542
"VISrl","idiosyncratic",2,0.095,0.1,0.00623354421176731,102.253720094542
"VISrl","idiosyncratic",2,0.1,0.105,-0.0341216677782341,102.253720094542
"VISrl","idiosyncratic",2,0.105,0.11,0.0204301224444303,102.253720094542
"VISrl","idiosyncratic",2,0.11,0.115,-0.0108378969933749,102.253720094542
"VISrl","idiosyncratic",2,0.115,0.12,-0.01444884540804,102.253720094542
"VISrl","idiosyncratic",2,0.12,0.125,0.00593670145655556,102.253720094542
"VISrl","idiosyncratic",2,0.125,0.13,0.0160020352843907,102.253720094542
"VISrl","idiosyncratic",2,0.13,0.135,-0.00417841849104517,102.253720094542
"VISrl","idiosyncratic",2,0.135,0.14,0.019607290822854,102.253720094542
"VISrl","idiosyncratic",2,0.14,0.145,0.0268668859693312,102.253720094542
"VISrl","idiosyncratic",2,0.145,0.15,0.043600390944343,102.253720094542
"VISrl","idiosyncratic",2,0.15,0.155,0.0172911388704868,102.253720094542
"VISrl","idiosyncratic",2,0.155,0.16,0.00835682634316981,102.253720094542
"VISrl","idiosyncratic",2,0.16,0.165,-0.000279549688108782,102.253720094542
"VISrl","idiosyncratic",2,0.165,0.17,0.0744276268760771,102.253720094542
"VISrl","idiosyncratic",2,0.17,0.175,0.0284987573371579,102.253720094542
"VISrl","idiosyncratic",2,0.175,0.18,0.0128827107451335,102.253720094542
"VISrl","idiosyncratic",2,0.18,0.185,0.0174179417813681,102.253720094542
"VISrl","idiosyncratic",2,0.185,0.19,-0.00905148314638815,102.253720094542
"VISrl","idiosyncratic",2,0.19,0.195,0.0203650428874186,102.253720094542
"VISrl","idiosyncratic",2,0.195,0.2,0.0236727746133204,102.253720094542
"VISrl","idiosyncratic",2,0.2,0.205,-0.0118811889083744,102.253720094542
"VISrl","idiosyncratic",2,0.205,0.21,-0.00803472238532454,102.253720094542
"VISrl","idiosyncratic",2,0.21,0.215,-0.0192859836319782,102.253720094542
"VISrl","idiosyncratic",2,0.215,0.22,-0.00547546364040774,102.253720094542
"VISrl","idiosyncratic",2,0.22,0.225,-0.0129701379114432,102.253720094542
"VISrl","idiosyncratic",2,0.225,0.23,-0.0175537712140393,102.253720094542
"VISrl","idiosyncratic",2,0.23,0.235,-0.00478300826226885,102.253720094542
"VISrl","idiosyncratic",2,0.235,0.24,0.018515216252303,102.253720094542
"VISrl","idiosyncratic",2,0.24,0.245,-0.00623519022903751,102.253720094542
"VISrl","idiosyncratic",2,0.245,0.25,0.0110027903733474,102.253720094542
"VISrl","idiosyncratic",2,0.25,0.255,0.00949493984098626,102.253720094542
"VISrl","idiosyncratic",2,0.255,0.26,0.0206101491708474,102.253720094542
"VISrl","idiosyncratic",2,0.26,0.265,0.00730021242336432,102.253720094542
"VISrl","idiosyncratic",2,0.265,0.27,0.00293520885220677,102.253720094542
"VISrl","idiosyncratic",2,0.27,0.275,-0.025189601192549,102.253720094542
"VISrl","idiosyncratic",2,0.275,0.28,-0.0159293741342162,102.253720094542
"VISrl","idiosyncratic",2,0.28,0.285,0.00430409320893277,102.253720094542
"VISrl","idiosyncratic",2,0.285,0.29,-0.0147571412370134,102.253720094542
"VISrl","idiosyncratic",2,0.29,0.295,-0.00978053828832448,102.253720094542
"VISrl","idiosyncratic",2,0.295,0.3,-0.0481581780465288,102.253720094542
"VISrl","idiosyncratic",2,0.3,0.305,-0.0071141817722139,102.253720094542
"VISrl","idiosyncratic",2,0.305,0.31,-3.06447383834341e-05,102.253720094542
"VISrl","idiosyncratic",2,0.31,0.315,0.0131264820634694,102.253720094542
"VISrl","idiosyncratic",2,0.315,0.32,0.0425288934743986,102.253720094542
"VISrl","idiosyncratic",2,0.32,0.325,0.00266134483312896,102.253720094542
"VISrl","idiosyncratic",2,0.325,0.33,0.0140297870252867,102.253720094542
"VISrl","idiosyncratic",2,0.33,0.335,0.0147490101874747,102.253720094542
"VISrl","idiosyncratic",2,0.335,0.34,-0.00949330572890039,102.253720094542
"VISrl","idiosyncratic",2,0.34,0.345,0.00895873749167553,102.253720094542
"VISrl","idiosyncratic",2,0.345,0.35,-0.00909627310217753,102.253720094542
"VISrl","idiosyncratic",2,0.35,0.355,0.0477376497219223,102.253720094542
"VISrl","idiosyncratic",2,0.355,0.36,0.0124828716426559,102.253720094542
"VISrl","idiosyncratic",2,0.36,0.365,0.0129782662502964,102.253720094542
"VISrl","idiosyncratic",2,0.365,0.37,-0.0235543802683148,102.253720094542
"VISrl","idiosyncratic",2,0.37,0.375,0.044660253757877,102.253720094542
"VISrl","idiosyncratic",2,0.375,0.38,-0.00965752827668809,102.253720094542
"VISrl","idiosyncratic",2,0.38,0.385,0.0249698799006438,102.253720094542
"VISrl","idiosyncratic",2,0.385,0.39,-0.017100447463506,102.253720094542
"VISrl","idiosyncratic",2,0.39,0.395,0.0196687211146152,102.253720094542
"VISrl","idiosyncratic",2,0.395,0.4,0.00267345813470965,102.253720094542
"VISrl","idiosyncratic",2,0.4,0.405,-0.0257285015291924,102.253720094542
"VISrl","idiosyncratic",2,0.405,0.41,-0.011385083042915,102.253720094542
"VISrl","idiosyncratic",2,0.41,0.415,0.00238552560829164,102.253720094542
"VISrl","idiosyncratic",2,0.415,0.42,0.00280477295906101,102.253720094542
"VISrl","idiosyncratic",2,0.42,0.425,0.00254024512655304,102.253720094542
"VISrl","idiosyncratic",2,0.425,0.43,-0.0172644466037822,102.253720094542
"VISrl","idiosyncratic",2,0.43,0.435,-0.0171589086150334,102.253720094542
"VISrl","idiosyncratic",2,0.435,0.44,-0.0243736576930431,102.253720094542
"VISrl","idiosyncratic",2,0.44,0.445,-0.00767382592750887,102.253720094542
"VISrl","idiosyncratic",2,0.445,0.45,-0.0315158366589752,102.253720094542
"VISrl","idiosyncratic",2,0.45,0.455,0.00544641072011798,102.253720094542
"VISrl","idiosyncratic",2,0.455,0.46,0.014934660793725,102.253720094542
"VISrl","idiosyncratic",2,0.46,0.465,0.00324075634863874,102.253720094542
"VISrl","idiosyncratic",2,0.465,0.47,-0.0541269829434659,102.253720094542
"VISrl","idiosyncratic",2,0.47,0.475,-0.00528413026027741,102.253720094542
"VISrl","idiosyncratic",2,0.475,0.48,-0.0262479625599767,102.253720094542
"VISrl","idiosyncratic",2,0.48,0.485,0.00309358416689676,102.253720094542
"VISrl","idiosyncratic",2,0.485,0.49,-0.0222822667334271,102.253720094542
"VISrl","idiosyncratic",2,0.49,0.495,0.0036031726466379,102.253720094542
"VISrl","idiosyncratic",2,0.495,0.5,0.040345122961054,102.253720094542
"VISrl","idiosyncratic",2,0.5,0.505,-0.018307563426429,102.253720094542
"VISrl","idiosyncratic",2,0.505,0.51,-0.00256366472274816,102.253720094542
"VISrl","idiosyncratic",2,0.51,0.515,0.0121115612141821,102.253720094542
"VISrl","idiosyncratic",2,0.515,0.52,0.000271367954802537,102.253720094542
"VISrl","idiosyncratic",2,0.52,0.525,-0.000271070226955605,102.253720094542
"VISrl","idiosyncratic",2,0.525,0.53,-0.0362876524087127,102.253720094542
"VISrl","idiosyncratic",2,0.53,0.535,0.0114869813454023,102.253720094542
"VISrl","idiosyncratic",2,0.535,0.54,-0.0224368086953402,102.253720094542
"VISrl","idiosyncratic",2,0.54,0.545,0.00380533261629878,102.253720094542
"VISrl","idiosyncratic",2,0.545,0.55,-0.00384037348613053,102.253720094542
"VISrl","idiosyncratic",2,0.55,0.555,-0.0035437324432897,102.253720094542
"VISrl","idiosyncratic",2,0.555,0.56,0.0257879297276817,102.253720094542
"VISrl","idiosyncratic",2,0.56,0.565,0.00892932998898865,102.253720094542
"VISrl","idiosyncratic",2,0.565,0.57,0.00138408023305192,102.253720094542
"VISrl","idiosyncratic",2,0.57,0.575,0.0231570134804897,102.253720094542
"VISrl","idiosyncratic",2,0.575,0.58,0.0229768637525217,102.253720094542
"VISrl","idiosyncratic",2,0.58,0.585,0.0547840773085347,102.253720094542
"VISrl","idiosyncratic",2,0.585,0.59,0.00358993122822049,102.253720094542
"VISrl","idiosyncratic",2,0.59,0.595,-0.0134097744562521,102.253720094542
"VISrl","idiosyncratic",2,0.595,0.6,-0.0160824026852266,102.253720094542
"VISrl","idiosyncratic",2,0.6,0.605,-0.00210355947221696,102.253720094542
"VISrl","idiosyncratic",2,0.605,0.61,0.0216704186914015,102.253720094542
"VISrl","idiosyncratic",2,0.61,0.615,-0.0016703449418215,102.253720094542
"VISrl","idiosyncratic",2,0.615,0.62,-0.0561203927299369,102.253720094542
"VISrl","idiosyncratic",2,0.62,0.625,0.0248263801353552,102.253720094542
"VISrl","idiosyncratic",2,0.625,0.63,-0.00228762410365979,102.253720094542
"VISrl","idiosyncratic",2,0.63,0.635,-0.0224015321731017,102.253720094542
"VISrl","idiosyncratic",2,0.635,0.64,0.0166654617934582,102.253720094542
"VISrl","idiosyncratic",2,0.64,0.645,-0.041936302102386,102.253720094542
"VISrl","idiosyncratic",2,0.645,0.65,0.00543534607978191,102.253720094542
"VISrl","idiosyncratic",2,0.65,0.655,0.0182732005843177,102.253720094542
"VISrl","idiosyncratic",2,0.655,0.66,0.0187084935471524,102.253720094542
"VISrl","idiosyncratic",2,0.66,0.665,-0.0283661202912657,102.253720094542
"VISrl","idiosyncratic",2,0.665,0.67,0.00409141335605701,102.253720094542
"VISrl","idiosyncratic",2,0.67,0.675,-0.010927243318762,102.253720094542
"VISrl","idiosyncratic",2,0.675,0.68,-0.0100837663060079,102.253720094542
"VISrl","idiosyncratic",2,0.68,0.685,0.0274001122193729,102.253720094542
"VISrl","idiosyncratic",2,0.685,0.69,0.00862054343477547,102.253720094542
"VISrl","idiosyncratic",2,0.69,0.695,-0.0139287601503344,102.253720094542
"VISrl","idiosyncratic",2,0.695,0.7,0.0105054426683635,102.253720094542
"VISrl","idiosyncratic",2,0.7,0.705,-0.0267107951749586,102.253720094542
"VISrl","idiosyncratic",2,0.705,0.71,-0.00409586909743642,102.253720094542
"VISrl","idiosyncratic",2,0.71,0.715,0.0310528058905659,102.253720094542
"VISrl","idiosyncratic",2,0.715,0.72,0.0338513858487676,102.253720094542
"VISrl","idiosyncratic",2,0.72,0.725,0.0424437878142313,102.253720094542
"VISrl","idiosyncratic",2,0.725,0.73,0.0178688226306183,102.253720094542
"VISrl","idiosyncratic",2,0.73,0.735,0.00807196116636311,102.253720094542
"VISrl","idiosyncratic",2,0.735,0.74,0.030992447627718,102.253720094542
"VISrl","idiosyncratic",2,0.74,0.745,-0.00826489795140262,102.253720094542
"VISrl","idiosyncratic",2,0.745,0.75,0.00488982091369805,102.253720094542
"VISrl","idiosyncratic",2,0.75,0.755,0.0306609847466586,102.253720094542
"VISrl","idiosyncratic",2,0.755,0.76,0.0390569358590611,102.253720094542
"VISrl","idiosyncratic",2,0.76,0.765,-0.0117445543714254,102.253720094542
"VISrl","idiosyncratic",2,0.765,0.77,0.0122958396473488,102.253720094542
"VISrl","idiosyncratic",2,0.77,0.775,-0.0197431010289485,102.253720094542
"VISrl","idiosyncratic",2,0.775,0.78,0.0238649021023892,102.253720094542
"VISrl","idiosyncratic",2,0.78,0.785,-0.00209097099774191,102.253720094542
"VISrl","idiosyncratic",2,0.785,0.79,0.00282012877519233,102.253720094542
"VISrl","idiosyncratic",2,0.79,0.795,0.0317346724683505,102.253720094542
"VISrl","idiosyncratic",2,0.795,0.8,-0.0034519073651107,102.253720094542
"VISrl","idiosyncratic",2,0.8,0.805,0.0216543845464584,102.253720094542
"VISrl","idiosyncratic",2,0.805,0.81,0.00717552573736802,102.253720094542
"VISrl","idiosyncratic",2,0.81,0.815,0.000224287232156173,102.253720094542
"VISrl","idiosyncratic",2,0.815,0.82,0.0301463326514203,102.253720094542
"VISrl","idiosyncratic",2,0.82,0.825,-0.000858111710744458,102.253720094542
"VISrl","idiosyncratic",2,0.825,0.83,0.0237593415072761,102.253720094542
"VISrl","idiosyncratic",2,0.83,0.835,0.0153766275598337,102.253720094542
"VISrl","idiosyncratic",2,0.835,0.84,-0.0227056332779157,102.253720094542
"VISrl","idiosyncratic",2,0.84,0.845,0.011427315902957,102.253720094542
"VISrl","idiosyncratic",2,0.845,0.85,0.00910425680533877,102.253720094542
"VISrl","idiosyncratic",2,0.85,0.855,-0.0217521832885879,102.253720094542
"VISrl","idiosyncratic",2,0.855,0.86,0.000179181075914858,102.253720094542
"VISrl","idiosyncratic",2,0.86,0.865,0.0558075744028207,102.253720094542
"VISrl","idiosyncratic",2,0.865,0.87,-0.00197380735380126,102.253720094542
"VISrl","idiosyncratic",2,0.87,0.875,0.0299119636550058,102.253720094542
"VISrl","idiosyncratic",2,0.875,0.88,0.00145680314384178,102.253720094542
"VISrl","idiosyncratic",2,0.88,0.885,0.0165329406312859,102.253720094542
"VISrl","idiosyncratic",2,0.885,0.89,0.00978878365266611,102.253720094542
"VISrl","idiosyncratic",2,0.89,0.895,-0.0173219243458131,102.253720094542
"VISrl","idiosyncratic",2,0.895,0.9,0.0364917416013344,102.253720094542
"VISrl","idiosyncratic",2,0.9,0.905,0.0183222582344116,102.253720094542
"VISrl","idiosyncratic",2,0.905,0.91,-0.00200644227114322,102.253720094542
"VISrl","idiosyncratic",2,0.91,0.915,0.000903361467223807,102.253720094542
"VISrl","idiosyncratic",2,0.915,0.92,0.00902100337185119,102.253720094542
"VISrl","idiosyncratic",2,0.92,0.925,0.0282016499367708,102.253720094542
"VISrl","idiosyncratic",2,0.925,0.93,0.0278648107922543,102.253720094542
"VISrl","idiosyncratic",2,0.93,0.935,-0.0428892661224374,102.253720094542
"VISrl","idiosyncratic",2,0.935,0.94,0.00868410294048783,102.253720094542
"VISrl","idiosyncratic",2,0.94,0.945,-0.00724087313498467,102.253720094542
"VISrl","idiosyncratic",2,0.945,0.95,0.0033950336262647,102.253720094542
"VISrl","idiosyncratic",2,0.95,0.955,-0.00325072880292865,102.253720094542
"VISrl","idiosyncratic",2,0.955,0.96,0.0197022472121255,102.253720094542
"VISrl","idiosyncratic",2,0.96,0.965,-0.0168150713844086,102.253720094542
"VISrl","idiosyncratic",2,0.965,0.97,-0.0256195239497117,102.253720094542
"VISrl","idiosyncratic",2,0.97,0.975,-0.00238276804515136,102.253720094542
"VISrl","idiosyncratic",2,0.975,0.98,0.0388148038624174,102.253720094542
"VISrl","idiosyncratic",2,0.98,0.985,0.0253555625689519,102.253720094542
"VISrl","idiosyncratic",2,0.985,0.99,0.0107862693472167,102.253720094542
"VISrl","idiosyncratic",2,0.99,0.995,0.0231252667154105,102.253720094542
"VISrl","idiosyncratic",2,0.995,1,-0.00461850992752844,102.253720094542
"VISrl","idiosyncratic",2,1,1.005,0.0216573140008316,102.253720094542
"VISrl","idiosyncratic",2,1.005,1.01,-0.00328553426262745,102.253720094542
"VISrl","idiosyncratic",2,1.01,1.015,-0.0173183593954371,102.253720094542
"VISrl","idiosyncratic",2,1.015,1.02,-0.0435153859446984,102.253720094542
"VISrl","idiosyncratic",2,1.02,1.025,3.91917121955743e-05,102.253720094542
"VISrl","idiosyncratic",2,1.025,1.03,0.0206680934419812,102.253720094542
"VISrl","idiosyncratic",2,1.03,1.035,-0.0118009554595542,102.253720094542
"VISrl","idiosyncratic",2,1.035,1.04,-0.0444596355556586,102.253720094542
"VISrl","idiosyncratic",2,1.04,1.045,-0.0314183428282729,102.253720094542
"VISrl","idiosyncratic",2,1.045,1.05,-0.00441433103174438,102.253720094542
"VISrl","idiosyncratic",2,1.05,1.055,0.0238682542050633,102.253720094542
"VISrl","idiosyncratic",2,1.055,1.06,0.0333121835041872,102.253720094542
"VISrl","idiosyncratic",2,1.06,1.065,-0.00491432716906104,102.253720094542
"VISrl","idiosyncratic",2,1.065,1.07,-0.00357776268567878,102.253720094542
"VISrl","idiosyncratic",2,1.07,1.075,-0.0095555392702007,102.253720094542
"VISrl","idiosyncratic",2,1.075,1.08,0.0297887152210359,102.253720094542
"VISrl","idiosyncratic",2,1.08,1.085,0.0169553031928327,102.253720094542
"VISrl","idiosyncratic",2,1.085,1.09,-0.000166940753258071,102.253720094542
"VISrl","idiosyncratic",2,1.09,1.095,-0.00625817763707848,102.253720094542
"VISrl","idiosyncratic",2,1.095,1.1,-0.018121603647629,102.253720094542
"VISrl","idiosyncratic",2,1.1,1.105,-0.00537034222874944,102.253720094542
"VISrl","idiosyncratic",2,1.105,1.11,-0.0251617555816874,102.253720094542
"VISrl","idiosyncratic",2,1.11,1.115,-0.00493806607724867,102.253720094542
"VISrl","idiosyncratic",2,1.115,1.12,-0.0263322702820359,102.253720094542
"VISrl","idiosyncratic",2,1.12,1.125,-0.0335296453841454,102.253720094542
"VISrl","idiosyncratic",2,1.125,1.13,0.00115725559106306,102.253720094542
"VISrl","idiosyncratic",2,1.13,1.135,-0.0455388885198715,102.253720094542
"VISrl","idiosyncratic",2,1.135,1.14,0.0052164303012685,102.253720094542
"VISrl","idiosyncratic",2,1.14,1.145,-0.034941017451443,102.253720094542
"VISrl","idiosyncratic",2,1.145,1.15,-0.0345802507822435,102.253720094542
"VISrl","idiosyncratic",2,1.15,1.155,-0.0347619369514544,102.253720094542
"VISrl","idiosyncratic",2,1.155,1.16,-0.0163768592524194,102.253720094542
"VISrl","idiosyncratic",2,1.16,1.165,0.0356690529940814,102.253720094542
"VISrl","idiosyncratic",2,1.165,1.17,-0.000709332941363661,102.253720094542
"VISrl","idiosyncratic",2,1.17,1.175,0.0123605153318643,102.253720094542
"VISrl","idiosyncratic",2,1.175,1.18,-0.0503996246396893,102.253720094542
"VISrl","idiosyncratic",2,1.18,1.185,-0.00290708833033648,102.253720094542
"VISrl","idiosyncratic",2,1.185,1.19,-0.0507550928892996,102.253720094542
"VISrl","idiosyncratic",2,1.19,1.195,0.0178828531999869,102.253720094542
"VISrl","idiosyncratic",2,1.195,1.2,-0.00902055761787235,102.253720094542
"VISrl","idiosyncratic",2,1.2,1.205,-0.000679104408556674,102.253720094542
"VISrl","idiosyncratic",2,1.205,1.21,-0.0174927888690112,102.253720094542
"VISrl","idiosyncratic",2,1.21,1.215,-0.0272803851412091,102.253720094542
"VISrl","idiosyncratic",2,1.215,1.22,-0.084553679807288,102.253720094542
"VISrl","idiosyncratic",2,1.22,1.225,0.011574031753684,102.253720094542
"VISrl","idiosyncratic",2,1.225,1.23,-0.0277950941464025,102.253720094542
"VISrl","idiosyncratic",2,1.23,1.235,-0.00458789469402399,102.253720094542
"VISrl","idiosyncratic",2,1.235,1.24,-0.00957971950491054,102.253720094542
"VISrl","idiosyncratic",2,1.24,1.245,0.0349869464750131,102.253720094542
"VISrl","idiosyncratic",2,1.245,1.25,-0.00701312330702286,102.253720094542
"VISrl","idiosyncratic",2,1.25,1.255,-0.035053375679563,102.253720094542
"VISrl","idiosyncratic",2,1.255,1.26,-0.021223476381279,102.253720094542
"VISrl","idiosyncratic",2,1.26,1.265,-0.0201761538893122,102.253720094542
"VISrl","idiosyncratic",2,1.265,1.27,-0.0251142840158003,102.253720094542
"VISrl","idiosyncratic",2,1.27,1.275,-0.0287103571414752,102.253720094542
"VISrl","idiosyncratic",2,1.275,1.28,-0.0404782889710326,102.253720094542
"VISrl","idiosyncratic",2,1.28,1.285,-0.0228639375544447,102.253720094542
"VISrl","idiosyncratic",2,1.285,1.29,-0.0184547955724707,102.253720094542
"VISrl","idiosyncratic",2,1.29,1.295,-0.0422948865519008,102.253720094542
"VISrl","idiosyncratic",2,1.295,1.3,-0.0422775619312171,102.253720094542
"VISrl","idiosyncratic",2,1.3,1.305,-0.0397735675754714,102.253720094542
"VISrl","idiosyncratic",2,1.305,1.31,-0.020654222718743,102.253720094542
"VISrl","idiosyncratic",2,1.31,1.315,0.0190885500503178,102.253720094542
"VISrl","idiosyncratic",2,1.315,1.32,-0.0341785758231151,102.253720094542
"VISrl","idiosyncratic",2,1.32,1.325,0.00741591236383382,102.253720094542
"VISrl","idiosyncratic",2,1.325,1.33,-0.00962204790031168,102.253720094542
"VISrl","idiosyncratic",2,1.33,1.335,-0.00909731354440382,102.253720094542
"VISrl","idiosyncratic",2,1.335,1.34,-0.0138705336071047,102.253720094542
"VISrl","idiosyncratic",2,1.34,1.345,-0.0316016666262074,102.253720094542
"VISrl","idiosyncratic",2,1.345,1.35,-0.00368531619263079,102.253720094542
"VISrl","idiosyncratic",2,1.35,1.355,-0.0218765353521151,102.253720094542
"VISrl","idiosyncratic",2,1.355,1.36,-0.00516331494886915,102.253720094542
"VISrl","idiosyncratic",2,1.36,1.365,0.0188870163742753,102.253720094542
"VISrl","idiosyncratic",2,1.365,1.37,-0.0046657801514263,102.253720094542
"VISrl","idiosyncratic",2,1.37,1.375,-0.00938379603821349,102.253720094542
"VISrl","idiosyncratic",2,1.375,1.38,-0.00691970187595642,102.253720094542
"VISrl","idiosyncratic",2,1.38,1.385,-0.0684237512482929,102.253720094542
"VISrl","idiosyncratic",2,1.385,1.39,-0.042287483662253,102.253720094542
"VISrl","idiosyncratic",2,1.39,1.395,0.0241045393807892,102.253720094542
"VISrl","idiosyncratic",2,1.395,1.4,-0.00162595272323308,102.253720094542
"VISrl","idiosyncratic",2,1.4,1.405,0.0346685160780154,102.253720094542
"VISrl","idiosyncratic",2,1.405,1.41,0.00633447840400704,102.253720094542
"VISrl","idiosyncratic",2,1.41,1.415,0.00722103355803128,102.253720094542
"VISrl","idiosyncratic",2,1.415,1.42,0.0155970477622674,102.253720094542
"VISrl","idiosyncratic",2,1.42,1.425,0.0176289781480122,102.253720094542
"VISrl","idiosyncratic",2,1.425,1.43,0.0159092612910955,102.253720094542
"VISrl","idiosyncratic",2,1.43,1.435,-0.0221920419778542,102.253720094542
"VISrl","idiosyncratic",2,1.435,1.44,-0.0289232310106024,102.253720094542
"VISrl","idiosyncratic",2,1.44,1.445,-0.00356060164532329,102.253720094542
"VISrl","idiosyncratic",2,1.445,1.45,-0.00133429999098031,102.253720094542
"VISrl","idiosyncratic",2,1.45,1.455,-0.0378710609878397,102.253720094542
"VISrl","idiosyncratic",2,1.455,1.46,0.0211073987067437,102.253720094542
"VISrl","idiosyncratic",2,1.46,1.465,-0.0184058325809351,102.253720094542
"VISrl","idiosyncratic",2,1.465,1.47,-0.0148382065635068,102.253720094542
"VISrl","idiosyncratic",2,1.47,1.475,-0.0656278608354675,102.253720094542
"VISrl","idiosyncratic",2,1.475,1.48,-0.0230599893653448,102.253720094542
"VISrl","idiosyncratic",2,1.48,1.485,-0.0436270135703046,102.253720094542
"VISrl","idiosyncratic",2,1.485,1.49,-0.0185275214378626,102.253720094542
"VISrl","idiosyncratic",2,1.49,1.495,0.0132194864137535,102.253720094542
"VISrl","idiosyncratic",2,1.495,1.5,-0.0464204283907657,102.253720094542
"VISrl","idiosyncratic",2,1.5,1.505,-0.0275920534957973,102.253720094542
"VISrl","idiosyncratic",2,1.505,1.51,-0.0105574272516471,102.253720094542
"VISrl","idiosyncratic",2,1.51,1.515,-0.0297424496726649,102.253720094542
"VISrl","idiosyncratic",2,1.515,1.52,-0.000755493919428585,102.253720094542
"VISrl","idiosyncratic",2,1.52,1.525,-0.0373648959820005,102.253720094542
"VISrl","idiosyncratic",2,1.525,1.53,0.00881137546554911,102.253720094542
"VISrl","idiosyncratic",2,1.53,1.535,-0.0176667010656739,102.253720094542
"VISrl","idiosyncratic",2,1.535,1.54,-0.0108137750322984,102.253720094542
"VISrl","idiosyncratic",2,1.54,1.545,-0.0174841048232681,102.253720094542
"VISrl","idiosyncratic",2,1.545,1.55,0.00500475409915169,102.253720094542
"VISrl","idiosyncratic",2,1.55,1.555,-0.0250207038514287,102.253720094542
"VISrl","idiosyncratic",2,1.555,1.56,-0.00425908648238771,102.253720094542
"VISrl","idiosyncratic",2,1.56,1.565,-0.0119179401471778,102.253720094542
"VISrl","idiosyncratic",2,1.565,1.57,-0.00882137745504569,102.253720094542
"VISrl","idiosyncratic",2,1.57,1.575,-0.0229609422872429,102.253720094542
"VISrl","idiosyncratic",2,1.575,1.58,-0.0104194098286618,102.253720094542
"VISrl","idiosyncratic",2,1.58,1.585,-0.0445183066029892,102.253720094542
"VISrl","idiosyncratic",2,1.585,1.59,-0.0267874102338551,102.253720094542
"VISrl","idiosyncratic",2,1.59,1.595,0.0294460126318943,102.253720094542
"VISrl","idiosyncratic",2,1.595,1.6,-0.0200259058281378,102.253720094542
"VISrl","idiosyncratic",2,1.6,1.605,-0.00713211382212303,102.253720094542
"VISrl","idiosyncratic",2,1.605,1.61,-0.0142130820610702,102.253720094542
"VISrl","idiosyncratic",2,1.61,1.615,-0.0462211900963315,102.253720094542
"VISrl","idiosyncratic",2,1.615,1.62,-0.0244570886050903,102.253720094542
"VISrl","idiosyncratic",2,1.62,1.625,0.00907115406155601,102.253720094542
"VISrl","idiosyncratic",2,1.625,1.63,0.013982776453222,102.253720094542
"VISrl","idiosyncratic",2,1.63,1.635,-0.000798506292011669,102.253720094542
"VISrl","idiosyncratic",2,1.635,1.64,-0.038528997429786,102.253720094542
"VISrl","idiosyncratic",2,1.64,1.645,0.00279682824375749,102.253720094542
"VISrl","idiosyncratic",2,1.645,1.65,0.0664004609850189,102.253720094542
"VISrl","idiosyncratic",2,1.65,1.655,-0.0166754475139981,102.253720094542
"VISrl","idiosyncratic",2,1.655,1.66,0.00950746627275972,102.253720094542
"VISrl","idiosyncratic",2,1.66,1.665,0.0330113268911456,102.253720094542
"VISrl","idiosyncratic",2,1.665,1.67,0.0438824706897259,102.253720094542
"VISrl","idiosyncratic",2,1.67,1.675,-0.00648411694428236,102.253720094542
"VISrl","idiosyncratic",2,1.675,1.68,-0.00152841703198908,102.253720094542
"VISrl","idiosyncratic",2,1.68,1.685,0.0205568184671568,102.253720094542
"VISrl","idiosyncratic",2,1.685,1.69,-0.0190809704271138,102.253720094542
"VISrl","idiosyncratic",2,1.69,1.695,-0.0108051463993338,102.253720094542
"VISrl","idiosyncratic",2,1.695,1.7,0.0124619192902446,102.253720094542
"VISrl","idiosyncratic",2,1.7,1.705,-0.036988451184065,102.253720094542
"VISrl","idiosyncratic",2,1.705,1.71,-0.0357452632295956,102.253720094542
"VISrl","idiosyncratic",2,1.71,1.715,-0.0376223457033728,102.253720094542
"VISrl","idiosyncratic",2,1.715,1.72,-0.0194847475459204,102.253720094542
"VISrl","idiosyncratic",2,1.72,1.725,0.000146724272472198,102.253720094542
"VISrl","idiosyncratic",2,1.725,1.73,-0.0355758837636342,102.253720094542
"VISrl","idiosyncratic",2,1.73,1.735,-0.0130309918914886,102.253720094542
"VISrl","idiosyncratic",2,1.735,1.74,-0.0467785071011474,102.253720094542
"VISrl","idiosyncratic",2,1.74,1.745,-0.0388747724501072,102.253720094542
"VISrl","idiosyncratic",2,1.745,1.75,-0.0203312585575723,102.253720094542
"VISrl","idiosyncratic",2,1.75,1.755,-0.0378879214156943,102.253720094542
"VISrl","idiosyncratic",2,1.755,1.76,-0.0268469905500018,102.253720094542
"VISrl","idiosyncratic",2,1.76,1.765,-0.028998084575344,102.253720094542
"VISrl","idiosyncratic",2,1.765,1.77,-0.0646598557207684,102.253720094542
"VISrl","idiosyncratic",2,1.77,1.775,-0.00404182031037659,102.253720094542
"VISrl","idiosyncratic",2,1.775,1.78,-0.0294489431389042,102.253720094542
"VISrl","idiosyncratic",2,1.78,1.785,0.00527006104009953,102.253720094542
"VISrl","idiosyncratic",2,1.785,1.79,-0.0697099261927101,102.253720094542
"VISrl","idiosyncratic",2,1.79,1.795,-0.0213385738232837,102.253720094542
"VISrl","idiosyncratic",2,1.795,1.8,-0.029183049836915,102.253720094542
"VISrl","idiosyncratic",2,1.8,1.805,-0.0251070366701259,102.253720094542
"VISrl","idiosyncratic",2,1.805,1.81,0.0123137502859425,102.253720094542
"VISrl","idiosyncratic",2,1.81,1.815,-0.0146708845288741,102.253720094542
"VISrl","idiosyncratic",2,1.815,1.82,-0.0101487592784997,102.253720094542
"VISrl","idiosyncratic",2,1.82,1.825,-0.0181752777040398,102.253720094542
"VISrl","idiosyncratic",2,1.825,1.83,-0.0224513583165371,102.253720094542
"VISrl","idiosyncratic",2,1.83,1.835,-0.000978785070285149,102.253720094542
"VISrl","idiosyncratic",2,1.835,1.84,0.0020329681724891,102.253720094542
"VISrl","idiosyncratic",2,1.84,1.845,0.0111985838154267,102.253720094542
"VISrl","idiosyncratic",2,1.845,1.85,-0.0187181123115363,102.253720094542
"VISrl","idiosyncratic",2,1.85,1.855,-0.0130923662874016,102.253720094542
"VISrl","idiosyncratic",2,1.855,1.86,-0.0034555408252972,102.253720094542
"VISrl","idiosyncratic",2,1.86,1.865,-0.0218881877074151,102.253720094542
"VISrl","idiosyncratic",2,1.865,1.87,-0.00780631013434574,102.253720094542
"VISrl","idiosyncratic",2,1.87,1.875,0.00398721706633376,102.253720094542
"VISrl","idiosyncratic",2,1.875,1.88,-0.010070520167996,102.253720094542
"VISrl","idiosyncratic",2,1.88,1.885,-0.00415524183087168,102.253720094542
"VISrl","idiosyncratic",2,1.885,1.89,0.017787341600604,102.253720094542
"VISrl","idiosyncratic",2,1.89,1.895,0.0236985864211736,102.253720094542
"VISrl","idiosyncratic",2,1.895,1.9,0.0144361463320166,102.253720094542
"VISrl","idiosyncratic",2,1.9,1.905,-0.0200038913704599,102.253720094542
"VISrl","idiosyncratic",2,1.905,1.91,0.00945670431920753,102.253720094542
"VISrl","idiosyncratic",2,1.91,1.915,-0.00583505348578162,102.253720094542
"VISrl","idiosyncratic",2,1.915,1.92,-0.0159330116518532,102.253720094542
"VISrl","idiosyncratic",2,1.92,1.925,-0.0324571084942697,102.253720094542
"VISrl","idiosyncratic",2,1.925,1.93,0.0134235926862873,102.253720094542
"VISrl","idiosyncratic",2,1.93,1.935,-0.046172239143675,102.253720094542
"VISrl","idiosyncratic",2,1.935,1.94,-0.0096087025800573,102.253720094542
"VISrl","idiosyncratic",2,1.94,1.945,-0.0330093111432983,102.253720094542
"VISrl","idiosyncratic",2,1.945,1.95,-0.00199542778705353,102.253720094542
"VISrl","idiosyncratic",2,1.95,1.955,-0.0161538132417864,102.253720094542
"VISrl","idiosyncratic",2,1.955,1.96,-0.0588310121620177,102.253720094542
"VISrl","idiosyncratic",2,1.96,1.965,-0.0183647009867218,102.253720094542
"VISrl","idiosyncratic",2,1.965,1.97,0.0179412128883119,102.253720094542
"VISrl","idiosyncratic",2,1.97,1.975,-0.0180686378698534,102.253720094542
"VISrl","idiosyncratic",2,1.975,1.98,-0.0380986026310421,102.253720094542
"VISrl","idiosyncratic",2,1.98,1.985,-0.0343930484680977,102.253720094542
"VISrl","idiosyncratic",2,1.985,1.99,0.00264285711221945,102.253720094542
"VISrl","idiosyncratic",2,1.99,1.995,-0.0415881037708556,102.253720094542
"VISrl","idiosyncratic",2,1.995,2,0.0137633380762145,102.253720094542
"VISrl","idiosyncratic",3,0,0.005,0.0250110364267758,22.4524835860192
"VISrl","idiosyncratic",3,0.005,0.01,0.0862679255175989,22.4524835860192
"VISrl","idiosyncratic",3,0.01,0.015,0.175754581552583,22.4524835860192
"VISrl","idiosyncratic",3,0.015,0.02,0.0457030740463832,22.4524835860192
"VISrl","idiosyncratic",3,0.02,0.025,0.0721057517176919,22.4524835860192
"VISrl","idiosyncratic",3,0.025,0.03,0.110773981880626,22.4524835860192
"VISrl","idiosyncratic",3,0.03,0.035,0.0590758151957298,22.4524835860192
"VISrl","idiosyncratic",3,0.035,0.04,0.0815898984533848,22.4524835860192
"VISrl","idiosyncratic",3,0.04,0.045,0.000934203881300943,22.4524835860192
"VISrl","idiosyncratic",3,0.045,0.05,0.0437184722273467,22.4524835860192
"VISrl","idiosyncratic",3,0.05,0.055,0.102243075750945,22.4524835860192
"VISrl","idiosyncratic",3,0.055,0.06,0.103186347385837,22.4524835860192
"VISrl","idiosyncratic",3,0.06,0.065,0.00047995475533924,22.4524835860192
"VISrl","idiosyncratic",3,0.065,0.07,0.0964838649240271,22.4524835860192
"VISrl","idiosyncratic",3,0.07,0.075,0.0121221473652591,22.4524835860192
"VISrl","idiosyncratic",3,0.075,0.08,-0.0103513116821443,22.4524835860192
"VISrl","idiosyncratic",3,0.08,0.085,0.0434327270660215,22.4524835860192
"VISrl","idiosyncratic",3,0.085,0.09,0.00642329205621817,22.4524835860192
"VISrl","idiosyncratic",3,0.09,0.095,-0.0821828238589645,22.4524835860192
"VISrl","idiosyncratic",3,0.095,0.1,-0.00789138228548303,22.4524835860192
"VISrl","idiosyncratic",3,0.1,0.105,-0.0106536995338674,22.4524835860192
"VISrl","idiosyncratic",3,0.105,0.11,0.071624087671832,22.4524835860192
"VISrl","idiosyncratic",3,0.11,0.115,-0.0175945844074954,22.4524835860192
"VISrl","idiosyncratic",3,0.115,0.12,0.0674843174298232,22.4524835860192
"VISrl","idiosyncratic",3,0.12,0.125,-0.0512567116682427,22.4524835860192
"VISrl","idiosyncratic",3,0.125,0.13,0.0817709136295381,22.4524835860192
"VISrl","idiosyncratic",3,0.13,0.135,0.0100975255006852,22.4524835860192
"VISrl","idiosyncratic",3,0.135,0.14,0.034761885021499,22.4524835860192
"VISrl","idiosyncratic",3,0.14,0.145,0.107311819075045,22.4524835860192
"VISrl","idiosyncratic",3,0.145,0.15,0.0941941726432063,22.4524835860192
"VISrl","idiosyncratic",3,0.15,0.155,-0.0406665862768056,22.4524835860192
"VISrl","idiosyncratic",3,0.155,0.16,-0.0120131559566707,22.4524835860192
"VISrl","idiosyncratic",3,0.16,0.165,-0.0573304145649287,22.4524835860192
"VISrl","idiosyncratic",3,0.165,0.17,-0.00729278980392123,22.4524835860192
"VISrl","idiosyncratic",3,0.17,0.175,0.0666012168851271,22.4524835860192
"VISrl","idiosyncratic",3,0.175,0.18,0.0149132948335273,22.4524835860192
"VISrl","idiosyncratic",3,0.18,0.185,0.0325252271814731,22.4524835860192
"VISrl","idiosyncratic",3,0.185,0.19,0.066697734096832,22.4524835860192
"VISrl","idiosyncratic",3,0.19,0.195,0.0640848904889542,22.4524835860192
"VISrl","idiosyncratic",3,0.195,0.2,0.0589728305705361,22.4524835860192
"VISrl","idiosyncratic",3,0.2,0.205,-0.148841109464251,22.4524835860192
"VISrl","idiosyncratic",3,0.205,0.21,0.0119560924449609,22.4524835860192
"VISrl","idiosyncratic",3,0.21,0.215,-0.0303414256110803,22.4524835860192
"VISrl","idiosyncratic",3,0.215,0.22,-0.00858666283215892,22.4524835860192
"VISrl","idiosyncratic",3,0.22,0.225,-0.0239554253224399,22.4524835860192
"VISrl","idiosyncratic",3,0.225,0.23,0.0177403378033714,22.4524835860192
"VISrl","idiosyncratic",3,0.23,0.235,0.0367003497606211,22.4524835860192
"VISrl","idiosyncratic",3,0.235,0.24,-0.026467684087663,22.4524835860192
"VISrl","idiosyncratic",3,0.24,0.245,0.0527597918908489,22.4524835860192
"VISrl","idiosyncratic",3,0.245,0.25,0.0665707155277493,22.4524835860192
"VISrl","idiosyncratic",3,0.25,0.255,0.000480904192462051,22.4524835860192
"VISrl","idiosyncratic",3,0.255,0.26,0.108077383696726,22.4524835860192
"VISrl","idiosyncratic",3,0.26,0.265,0.0660922794050081,22.4524835860192
"VISrl","idiosyncratic",3,0.265,0.27,-0.0162915771482592,22.4524835860192
"VISrl","idiosyncratic",3,0.27,0.275,-0.0149959591371718,22.4524835860192
"VISrl","idiosyncratic",3,0.275,0.28,-0.0583807640117482,22.4524835860192
"VISrl","idiosyncratic",3,0.28,0.285,0.0882936779147527,22.4524835860192
"VISrl","idiosyncratic",3,0.285,0.29,0.0850951413129832,22.4524835860192
"VISrl","idiosyncratic",3,0.29,0.295,-0.128028953622052,22.4524835860192
"VISrl","idiosyncratic",3,0.295,0.3,-0.0606636386108887,22.4524835860192
"VISrl","idiosyncratic",3,0.3,0.305,-0.0186177429427083,22.4524835860192
"VISrl","idiosyncratic",3,0.305,0.31,0.0303030805201214,22.4524835860192
"VISrl","idiosyncratic",3,0.31,0.315,0.0500847298607678,22.4524835860192
"VISrl","idiosyncratic",3,0.315,0.32,0.00837198393592509,22.4524835860192
"VISrl","idiosyncratic",3,0.32,0.325,-0.120393910196526,22.4524835860192
"VISrl","idiosyncratic",3,0.325,0.33,-0.0146903711645388,22.4524835860192
"VISrl","idiosyncratic",3,0.33,0.335,-0.0178891377653718,22.4524835860192
"VISrl","idiosyncratic",3,0.335,0.34,0.00308526154357169,22.4524835860192
"VISrl","idiosyncratic",3,0.34,0.345,-0.0731318703615376,22.4524835860192
"VISrl","idiosyncratic",3,0.345,0.35,-0.0716754379247855,22.4524835860192
"VISrl","idiosyncratic",3,0.35,0.355,0.0323477171899704,22.4524835860192
"VISrl","idiosyncratic",3,0.355,0.36,-0.0460893448015778,22.4524835860192
"VISrl","idiosyncratic",3,0.36,0.365,-0.0229775971414587,22.4524835860192
"VISrl","idiosyncratic",3,0.365,0.37,-0.043455113140767,22.4524835860192
"VISrl","idiosyncratic",3,0.37,0.375,0.00841823769018757,22.4524835860192
"VISrl","idiosyncratic",3,0.375,0.38,0.0145244792641648,22.4524835860192
"VISrl","idiosyncratic",3,0.38,0.385,-0.0661723452675311,22.4524835860192
"VISrl","idiosyncratic",3,0.385,0.39,-0.0474123085768117,22.4524835860192
"VISrl","idiosyncratic",3,0.39,0.395,-0.0290330582886309,22.4524835860192
"VISrl","idiosyncratic",3,0.395,0.4,-0.0274374883648338,22.4524835860192
"VISrl","idiosyncratic",3,0.4,0.405,-0.0810715663532964,22.4524835860192
"VISrl","idiosyncratic",3,0.405,0.41,-0.030169621082302,22.4524835860192
"VISrl","idiosyncratic",3,0.41,0.415,0.132734875775534,22.4524835860192
"VISrl","idiosyncratic",3,0.415,0.42,-0.024870227868353,22.4524835860192
"VISrl","idiosyncratic",3,0.42,0.425,-0.0758419437186715,22.4524835860192
"VISrl","idiosyncratic",3,0.425,0.43,-0.0986769041932782,22.4524835860192
"VISrl","idiosyncratic",3,0.43,0.435,0.0367611435478306,22.4524835860192
"VISrl","idiosyncratic",3,0.435,0.44,-0.0587059440698151,22.4524835860192
"VISrl","idiosyncratic",3,0.44,0.445,-0.00767100868781789,22.4524835860192
"VISrl","idiosyncratic",3,0.445,0.45,-0.0882297991285182,22.4524835860192
"VISrl","idiosyncratic",3,0.45,0.455,-0.0458787522158659,22.4524835860192
"VISrl","idiosyncratic",3,0.455,0.46,0.0296289011727409,22.4524835860192
"VISrl","idiosyncratic",3,0.46,0.465,0.0237975536513907,22.4524835860192
"VISrl","idiosyncratic",3,0.465,0.47,-0.0736548118612504,22.4524835860192
"VISrl","idiosyncratic",3,0.47,0.475,-0.0884223827328104,22.4524835860192
"VISrl","idiosyncratic",3,0.475,0.48,-0.0975868090217529,22.4524835860192
"VISrl","idiosyncratic",3,0.48,0.485,0.0425396465977034,22.4524835860192
"VISrl","idiosyncratic",3,0.485,0.49,-0.00447104116290942,22.4524835860192
"VISrl","idiosyncratic",3,0.49,0.495,0.0530824872277087,22.4524835860192
"VISrl","idiosyncratic",3,0.495,0.5,0.00806227632356959,22.4524835860192
"VISrl","idiosyncratic",3,0.5,0.505,-0.146010884214318,22.4524835860192
"VISrl","idiosyncratic",3,0.505,0.51,0.10958679048557,22.4524835860192
"VISrl","idiosyncratic",3,0.51,0.515,0.0399226475548715,22.4524835860192
"VISrl","idiosyncratic",3,0.515,0.52,0.0476297317729388,22.4524835860192
"VISrl","idiosyncratic",3,0.52,0.525,-0.0105072501788994,22.4524835860192
"VISrl","idiosyncratic",3,0.525,0.53,-0.0935026497197183,22.4524835860192
"VISrl","idiosyncratic",3,0.53,0.535,-0.0135209515468135,22.4524835860192
"VISrl","idiosyncratic",3,0.535,0.54,-0.0340852097810923,22.4524835860192
"VISrl","idiosyncratic",3,0.54,0.545,0.0158905819784103,22.4524835860192
"VISrl","idiosyncratic",3,0.545,0.55,0.0106528942131944,22.4524835860192
"VISrl","idiosyncratic",3,0.55,0.555,-0.101514267466636,22.4524835860192
"VISrl","idiosyncratic",3,0.555,0.56,-0.0395767662916919,22.4524835860192
"VISrl","idiosyncratic",3,0.56,0.565,0.00498644790105046,22.4524835860192
"VISrl","idiosyncratic",3,0.565,0.57,-0.114594980950433,22.4524835860192
"VISrl","idiosyncratic",3,0.57,0.575,0.00558191117939294,22.4524835860192
"VISrl","idiosyncratic",3,0.575,0.58,-0.0282592601178822,22.4524835860192
"VISrl","idiosyncratic",3,0.58,0.585,0.0608080336106276,22.4524835860192
"VISrl","idiosyncratic",3,0.585,0.59,0.0212001708645836,22.4524835860192
"VISrl","idiosyncratic",3,0.59,0.595,-0.0830778412412781,22.4524835860192
"VISrl","idiosyncratic",3,0.595,0.6,0.00266462403789119,22.4524835860192
"VISrl","idiosyncratic",3,0.6,0.605,-0.0324941659069238,22.4524835860192
"VISrl","idiosyncratic",3,0.605,0.61,-0.00888031138748535,22.4524835860192
"VISrl","idiosyncratic",3,0.61,0.615,-0.0116046989034008,22.4524835860192
"VISrl","idiosyncratic",3,0.615,0.62,-0.0358814893572237,22.4524835860192
"VISrl","idiosyncratic",3,0.62,0.625,0.00412640822004201,22.4524835860192
"VISrl","idiosyncratic",3,0.625,0.63,-0.0121488320766362,22.4524835860192
"VISrl","idiosyncratic",3,0.63,0.635,-0.0462352833130346,22.4524835860192
"VISrl","idiosyncratic",3,0.635,0.64,-0.0727606977880155,22.4524835860192
"VISrl","idiosyncratic",3,0.64,0.645,-0.0175591098856664,22.4524835860192
"VISrl","idiosyncratic",3,0.645,0.65,0.0622595520602599,22.4524835860192
"VISrl","idiosyncratic",3,0.65,0.655,-0.0623608755613612,22.4524835860192
"VISrl","idiosyncratic",3,0.655,0.66,-0.0015653325682165,22.4524835860192
"VISrl","idiosyncratic",3,0.66,0.665,0.00336848688178774,22.4524835860192
"VISrl","idiosyncratic",3,0.665,0.67,-0.0308077097963004,22.4524835860192
"VISrl","idiosyncratic",3,0.67,0.675,0.0423294142028423,22.4524835860192
"VISrl","idiosyncratic",3,0.675,0.68,0.0663340713414678,22.4524835860192
"VISrl","idiosyncratic",3,0.68,0.685,-0.0162021285646237,22.4524835860192
"VISrl","idiosyncratic",3,0.685,0.69,0.107122761767592,22.4524835860192
"VISrl","idiosyncratic",3,0.69,0.695,0.0486105584924776,22.4524835860192
"VISrl","idiosyncratic",3,0.695,0.7,0.0217524471785565,22.4524835860192
"VISrl","idiosyncratic",3,0.7,0.705,0.0213802878672688,22.4524835860192
"VISrl","idiosyncratic",3,0.705,0.71,-0.0516202216912147,22.4524835860192
"VISrl","idiosyncratic",3,0.71,0.715,-0.00286835461905127,22.4524835860192
"VISrl","idiosyncratic",3,0.715,0.72,0.00780829503866126,22.4524835860192
"VISrl","idiosyncratic",3,0.72,0.725,0.0183917873110872,22.4524835860192
"VISrl","idiosyncratic",3,0.725,0.73,-0.0177849012029896,22.4524835860192
"VISrl","idiosyncratic",3,0.73,0.735,-0.0156262525196941,22.4524835860192
"VISrl","idiosyncratic",3,0.735,0.74,-0.0563698545272127,22.4524835860192
"VISrl","idiosyncratic",3,0.74,0.745,-0.023392246959939,22.4524835860192
"VISrl","idiosyncratic",3,0.745,0.75,-0.024184867778112,22.4524835860192
"VISrl","idiosyncratic",3,0.75,0.755,0.0161803014901906,22.4524835860192
"VISrl","idiosyncratic",3,0.755,0.76,-0.0189581347955264,22.4524835860192
"VISrl","idiosyncratic",3,0.76,0.765,-0.0753728049313936,22.4524835860192
"VISrl","idiosyncratic",3,0.765,0.77,-0.00326927932100163,22.4524835860192
"VISrl","idiosyncratic",3,0.77,0.775,-0.0593793680163996,22.4524835860192
"VISrl","idiosyncratic",3,0.775,0.78,0.0287542804022011,22.4524835860192
"VISrl","idiosyncratic",3,0.78,0.785,-0.0766090103609714,22.4524835860192
"VISrl","idiosyncratic",3,0.785,0.79,-0.0206225482070767,22.4524835860192
"VISrl","idiosyncratic",3,0.79,0.795,-0.0345194516914974,22.4524835860192
"VISrl","idiosyncratic",3,0.795,0.8,-0.0911567224843693,22.4524835860192
"VISrl","idiosyncratic",3,0.8,0.805,0.0281023441269732,22.4524835860192
"VISrl","idiosyncratic",3,0.805,0.81,-0.0710736135672075,22.4524835860192
"VISrl","idiosyncratic",3,0.81,0.815,-0.0413563350403977,22.4524835860192
"VISrl","idiosyncratic",3,0.815,0.82,-0.0587056960103154,22.4524835860192
"VISrl","idiosyncratic",3,0.82,0.825,-0.0648847237854104,22.4524835860192
"VISrl","idiosyncratic",3,0.825,0.83,0.103591577852406,22.4524835860192
"VISrl","idiosyncratic",3,0.83,0.835,-0.00736960750474758,22.4524835860192
"VISrl","idiosyncratic",3,0.835,0.84,-0.0804895519689153,22.4524835860192
"VISrl","idiosyncratic",3,0.84,0.845,-0.0163724652709599,22.4524835860192
"VISrl","idiosyncratic",3,0.845,0.85,-0.0203663225609608,22.4524835860192
"VISrl","idiosyncratic",3,0.85,0.855,-0.0654878158481438,22.4524835860192
"VISrl","idiosyncratic",3,0.855,0.86,0.057527487722523,22.4524835860192
"VISrl","idiosyncratic",3,0.86,0.865,0.10335045706999,22.4524835860192
"VISrl","idiosyncratic",3,0.865,0.87,-0.0433109044551276,22.4524835860192
"VISrl","idiosyncratic",3,0.87,0.875,0.07454815776878,22.4524835860192
"VISrl","idiosyncratic",3,0.875,0.88,-0.0900314019625727,22.4524835860192
"VISrl","idiosyncratic",3,0.88,0.885,0.0154503710426674,22.4524835860192
"VISrl","idiosyncratic",3,0.885,0.89,-0.0631077608464146,22.4524835860192
"VISrl","idiosyncratic",3,0.89,0.895,-0.0714283704580398,22.4524835860192
"VISrl","idiosyncratic",3,0.895,0.9,-0.0231416673352264,22.4524835860192
"VISrl","idiosyncratic",3,0.9,0.905,-0.084313587744664,22.4524835860192
"VISrl","idiosyncratic",3,0.905,0.91,0.0440988173840442,22.4524835860192
"VISrl","idiosyncratic",3,0.91,0.915,0.000516559600270416,22.4524835860192
"VISrl","idiosyncratic",3,0.915,0.92,-0.0545592147258127,22.4524835860192
"VISrl","idiosyncratic",3,0.92,0.925,0.0402090824358972,22.4524835860192
"VISrl","idiosyncratic",3,0.925,0.93,-0.0224648513503766,22.4524835860192
"VISrl","idiosyncratic",3,0.93,0.935,-0.168474539567409,22.4524835860192
"VISrl","idiosyncratic",3,0.935,0.94,-0.0315301558638287,22.4524835860192
"VISrl","idiosyncratic",3,0.94,0.945,0.0292649707261771,22.4524835860192
"VISrl","idiosyncratic",3,0.945,0.95,-0.059296687401727,22.4524835860192
"VISrl","idiosyncratic",3,0.95,0.955,-0.0146583515360519,22.4524835860192
"VISrl","idiosyncratic",3,0.955,0.96,0.0188703055231767,22.4524835860192
"VISrl","idiosyncratic",3,0.96,0.965,-0.0273305892748948,22.4524835860192
"VISrl","idiosyncratic",3,0.965,0.97,-0.0850407663502889,22.4524835860192
"VISrl","idiosyncratic",3,0.97,0.975,0.0202086753639681,22.4524835860192
"VISrl","idiosyncratic",3,0.975,0.98,-0.0635375995641039,22.4524835860192
"VISrl","idiosyncratic",3,0.98,0.985,0.0330071193479563,22.4524835860192
"VISrl","idiosyncratic",3,0.985,0.99,-0.0238188849040288,22.4524835860192
"VISrl","idiosyncratic",3,0.99,0.995,0.0248094201525296,22.4524835860192
"VISrl","idiosyncratic",3,0.995,1,-0.0402375276989391,22.4524835860192
"VISrl","idiosyncratic",3,1,1.005,-0.00637512428447784,22.4524835860192
"VISrl","idiosyncratic",3,1.005,1.01,-0.00423277174329229,22.4524835860192
"VISrl","idiosyncratic",3,1.01,1.015,-0.064400062349295,22.4524835860192
"VISrl","idiosyncratic",3,1.015,1.02,-0.0116883685808804,22.4524835860192
"VISrl","idiosyncratic",3,1.02,1.025,-0.0193100363958065,22.4524835860192
"VISrl","idiosyncratic",3,1.025,1.03,0.0705758474154625,22.4524835860192
"VISrl","idiosyncratic",3,1.03,1.035,0.0495010561183625,22.4524835860192
"VISrl","idiosyncratic",3,1.035,1.04,0.0471449348675219,22.4524835860192
"VISrl","idiosyncratic",3,1.04,1.045,-0.00281129655392498,22.4524835860192
"VISrl","idiosyncratic",3,1.045,1.05,-0.0570787044733503,22.4524835860192
"VISrl","idiosyncratic",3,1.05,1.055,-0.116784992293193,22.4524835860192
"VISrl","idiosyncratic",3,1.055,1.06,0.0383335540927046,22.4524835860192
"VISrl","idiosyncratic",3,1.06,1.065,0.00769683676212352,22.4524835860192
"VISrl","idiosyncratic",3,1.065,1.07,0.104009644285001,22.4524835860192
"VISrl","idiosyncratic",3,1.07,1.075,0.00403289076755442,22.4524835860192
"VISrl","idiosyncratic",3,1.075,1.08,0.0734719090434349,22.4524835860192
"VISrl","idiosyncratic",3,1.08,1.085,0.022062424532545,22.4524835860192
"VISrl","idiosyncratic",3,1.085,1.09,0.100503455211762,22.4524835860192
"VISrl","idiosyncratic",3,1.09,1.095,-0.00174546415032018,22.4524835860192
"VISrl","idiosyncratic",3,1.095,1.1,-0.00902259646413428,22.4524835860192
"VISrl","idiosyncratic",3,1.1,1.105,-0.0118605475007316,22.4524835860192
"VISrl","idiosyncratic",3,1.105,1.11,-0.0527766407425401,22.4524835860192
"VISrl","idiosyncratic",3,1.11,1.115,0.109925505502478,22.4524835860192
"VISrl","idiosyncratic",3,1.115,1.12,-0.0527556646430747,22.4524835860192
"VISrl","idiosyncratic",3,1.12,1.125,-0.0514104082990104,22.4524835860192
"VISrl","idiosyncratic",3,1.125,1.13,-0.0493223919284648,22.4524835860192
"VISrl","idiosyncratic",3,1.13,1.135,0.0188504640251826,22.4524835860192
"VISrl","idiosyncratic",3,1.135,1.14,0.0722532430452701,22.4524835860192
"VISrl","idiosyncratic",3,1.14,1.145,0.0447989837473732,22.4524835860192
"VISrl","idiosyncratic",3,1.145,1.15,-0.0308967995638353,22.4524835860192
"VISrl","idiosyncratic",3,1.15,1.155,0.0256347831951071,22.4524835860192
"VISrl","idiosyncratic",3,1.155,1.16,0.142729246906052,22.4524835860192
"VISrl","idiosyncratic",3,1.16,1.165,0.103868621832679,22.4524835860192
"VISrl","idiosyncratic",3,1.165,1.17,0.0402845876282892,22.4524835860192
"VISrl","idiosyncratic",3,1.17,1.175,0.0419303345969547,22.4524835860192
"VISrl","idiosyncratic",3,1.175,1.18,-0.073904682486738,22.4524835860192
"VISrl","idiosyncratic",3,1.18,1.185,0.0126580774972122,22.4524835860192
"VISrl","idiosyncratic",3,1.185,1.19,0.0801939042685929,22.4524835860192
"VISrl","idiosyncratic",3,1.19,1.195,0.0811587483721528,22.4524835860192
"VISrl","idiosyncratic",3,1.195,1.2,0.0190347045476066,22.4524835860192
"VISrl","idiosyncratic",3,1.2,1.205,0.129276912046212,22.4524835860192
"VISrl","idiosyncratic",3,1.205,1.21,0.0377311286161633,22.4524835860192
"VISrl","idiosyncratic",3,1.21,1.215,0.0567749788221102,22.4524835860192
"VISrl","idiosyncratic",3,1.215,1.22,0.0784836338802296,22.4524835860192
"VISrl","idiosyncratic",3,1.22,1.225,-0.00543103919489757,22.4524835860192
"VISrl","idiosyncratic",3,1.225,1.23,-0.0321714305856806,22.4524835860192
"VISrl","idiosyncratic",3,1.23,1.235,0.00230137404551398,22.4524835860192
"VISrl","idiosyncratic",3,1.235,1.24,-0.020764627283769,22.4524835860192
"VISrl","idiosyncratic",3,1.24,1.245,-0.0284046260179454,22.4524835860192
"VISrl","idiosyncratic",3,1.245,1.25,0.0237386527586526,22.4524835860192
"VISrl","idiosyncratic",3,1.25,1.255,-0.000467067895830037,22.4524835860192
"VISrl","idiosyncratic",3,1.255,1.26,0.0363057858341795,22.4524835860192
"VISrl","idiosyncratic",3,1.26,1.265,0.0304332256548003,22.4524835860192
"VISrl","idiosyncratic",3,1.265,1.27,-0.0674257550793144,22.4524835860192
"VISrl","idiosyncratic",3,1.27,1.275,0.0145814333832369,22.4524835860192
"VISrl","idiosyncratic",3,1.275,1.28,-0.0450070834694569,22.4524835860192
"VISrl","idiosyncratic",3,1.28,1.285,0.0284603354787915,22.4524835860192
"VISrl","idiosyncratic",3,1.285,1.29,-0.0250256280344237,22.4524835860192
"VISrl","idiosyncratic",3,1.29,1.295,-0.00809335161540862,22.4524835860192
"VISrl","idiosyncratic",3,1.295,1.3,-0.0461330735533543,22.4524835860192
"VISrl","idiosyncratic",3,1.3,1.305,-0.0222387225346723,22.4524835860192
"VISrl","idiosyncratic",3,1.305,1.31,0.0205835353078915,22.4524835860192
"VISrl","idiosyncratic",3,1.31,1.315,-0.0567116504836726,22.4524835860192
"VISrl","idiosyncratic",3,1.315,1.32,0.0563977921101367,22.4524835860192
"VISrl","idiosyncratic",3,1.32,1.325,-0.00237706381912006,22.4524835860192
"VISrl","idiosyncratic",3,1.325,1.33,0.00194002819370154,22.4524835860192
"VISrl","idiosyncratic",3,1.33,1.335,-0.0178747637025809,22.4524835860192
"VISrl","idiosyncratic",3,1.335,1.34,-0.121201669731376,22.4524835860192
"VISrl","idiosyncratic",3,1.34,1.345,0.0281949432036832,22.4524835860192
"VISrl","idiosyncratic",3,1.345,1.35,0.0768241282360346,22.4524835860192
"VISrl","idiosyncratic",3,1.35,1.355,0.0313498611380021,22.4524835860192
"VISrl","idiosyncratic",3,1.355,1.36,0.0692350929205741,22.4524835860192
"VISrl","idiosyncratic",3,1.36,1.365,0.0696282767946694,22.4524835860192
"VISrl","idiosyncratic",3,1.365,1.37,0.102656357481815,22.4524835860192
"VISrl","idiosyncratic",3,1.37,1.375,-0.0566436870511131,22.4524835860192
"VISrl","idiosyncratic",3,1.375,1.38,0.118720356950913,22.4524835860192
"VISrl","idiosyncratic",3,1.38,1.385,0.000997937677877092,22.4524835860192
"VISrl","idiosyncratic",3,1.385,1.39,-0.0183870793863546,22.4524835860192
"VISrl","idiosyncratic",3,1.39,1.395,-0.0256806764179956,22.4524835860192
"VISrl","idiosyncratic",3,1.395,1.4,-0.0991809281785109,22.4524835860192
"VISrl","idiosyncratic",3,1.4,1.405,0.0832443239362114,22.4524835860192
"VISrl","idiosyncratic",3,1.405,1.41,-0.0620112099104779,22.4524835860192
"VISrl","idiosyncratic",3,1.41,1.415,-0.023932890030315,22.4524835860192
"VISrl","idiosyncratic",3,1.415,1.42,-0.000642178567277052,22.4524835860192
"VISrl","idiosyncratic",3,1.42,1.425,0.0373202345606856,22.4524835860192
"VISrl","idiosyncratic",3,1.425,1.43,0.0177229863065313,22.4524835860192
"VISrl","idiosyncratic",3,1.43,1.435,0.0445419306266881,22.4524835860192
"VISrl","idiosyncratic",3,1.435,1.44,-0.0248293254824459,22.4524835860192
"VISrl","idiosyncratic",3,1.44,1.445,0.0118731316144761,22.4524835860192
"VISrl","idiosyncratic",3,1.445,1.45,-0.0503654618871092,22.4524835860192
"VISrl","idiosyncratic",3,1.45,1.455,-0.0283560525306993,22.4524835860192
"VISrl","idiosyncratic",3,1.455,1.46,0.0305704384106018,22.4524835860192
"VISrl","idiosyncratic",3,1.46,1.465,-0.111625943550052,22.4524835860192
"VISrl","idiosyncratic",3,1.465,1.47,-0.0459398008698326,22.4524835860192
"VISrl","idiosyncratic",3,1.47,1.475,-0.0617552519037516,22.4524835860192
"VISrl","idiosyncratic",3,1.475,1.48,-0.0204698033070432,22.4524835860192
"VISrl","idiosyncratic",3,1.48,1.485,-0.0575527316893346,22.4524835860192
"VISrl","idiosyncratic",3,1.485,1.49,-0.089982081116325,22.4524835860192
"VISrl","idiosyncratic",3,1.49,1.495,-0.0433603311048133,22.4524835860192
"VISrl","idiosyncratic",3,1.495,1.5,-0.0320284709067113,22.4524835860192
"VISrl","idiosyncratic",3,1.5,1.505,0.0246032466485698,22.4524835860192
"VISrl","idiosyncratic",3,1.505,1.51,0.0029035411713404,22.4524835860192
"VISrl","idiosyncratic",3,1.51,1.515,-0.0620299193256392,22.4524835860192
"VISrl","idiosyncratic",3,1.515,1.52,0.0742224282279412,22.4524835860192
"VISrl","idiosyncratic",3,1.52,1.525,-0.00436139090629817,22.4524835860192
"VISrl","idiosyncratic",3,1.525,1.53,0.00445476587897109,22.4524835860192
"VISrl","idiosyncratic",3,1.53,1.535,-0.0184686853486673,22.4524835860192
"VISrl","idiosyncratic",3,1.535,1.54,-0.0644246007939325,22.4524835860192
"VISrl","idiosyncratic",3,1.54,1.545,0.0743756782443141,22.4524835860192
"VISrl","idiosyncratic",3,1.545,1.55,0.000265237875585855,22.4524835860192
"VISrl","idiosyncratic",3,1.55,1.555,-0.0544085915816113,22.4524835860192
"VISrl","idiosyncratic",3,1.555,1.56,0.00228538031549541,22.4524835860192
"VISrl","idiosyncratic",3,1.56,1.565,-0.0197641644982255,22.4524835860192
"VISrl","idiosyncratic",3,1.565,1.57,0.0448415667684297,22.4524835860192
"VISrl","idiosyncratic",3,1.57,1.575,0.108884715071989,22.4524835860192
"VISrl","idiosyncratic",3,1.575,1.58,-0.00861490974990436,22.4524835860192
"VISrl","idiosyncratic",3,1.58,1.585,0.00186652172884039,22.4524835860192
"VISrl","idiosyncratic",3,1.585,1.59,0.0784785803777447,22.4524835860192
"VISrl","idiosyncratic",3,1.59,1.595,0.0129963990091105,22.4524835860192
"VISrl","idiosyncratic",3,1.595,1.6,-0.0418761870263584,22.4524835860192
"VISrl","idiosyncratic",3,1.6,1.605,-0.00176002137679052,22.4524835860192
"VISrl","idiosyncratic",3,1.605,1.61,-0.0205705330793579,22.4524835860192
"VISrl","idiosyncratic",3,1.61,1.615,-0.0115352339996393,22.4524835860192
"VISrl","idiosyncratic",3,1.615,1.62,0.065606899321544,22.4524835860192
"VISrl","idiosyncratic",3,1.62,1.625,0.0408329895662521,22.4524835860192
"VISrl","idiosyncratic",3,1.625,1.63,-0.0142984765599915,22.4524835860192
"VISrl","idiosyncratic",3,1.63,1.635,0.0697187151985415,22.4524835860192
"VISrl","idiosyncratic",3,1.635,1.64,-0.0783141653070207,22.4524835860192
"VISrl","idiosyncratic",3,1.64,1.645,-0.000128907220561303,22.4524835860192
"VISrl","idiosyncratic",3,1.645,1.65,0.117706391810946,22.4524835860192
"VISrl","idiosyncratic",3,1.65,1.655,0.0629044484495205,22.4524835860192
"VISrl","idiosyncratic",3,1.655,1.66,0.0684086390583996,22.4524835860192
"VISrl","idiosyncratic",3,1.66,1.665,0.0714887460712173,22.4524835860192
"VISrl","idiosyncratic",3,1.665,1.67,0.0503775117924882,22.4524835860192
"VISrl","idiosyncratic",3,1.67,1.675,0.0577559496450193,22.4524835860192
"VISrl","idiosyncratic",3,1.675,1.68,-0.0421580442895764,22.4524835860192
"VISrl","idiosyncratic",3,1.68,1.685,0.00631401812069982,22.4524835860192
"VISrl","idiosyncratic",3,1.685,1.69,-0.0233808535372898,22.4524835860192
"VISrl","idiosyncratic",3,1.69,1.695,0.0323102900221636,22.4524835860192
"VISrl","idiosyncratic",3,1.695,1.7,0.051350412630682,22.4524835860192
"VISrl","idiosyncratic",3,1.7,1.705,-0.09074496268611,22.4524835860192
"VISrl","idiosyncratic",3,1.705,1.71,0.00245068096760223,22.4524835860192
"VISrl","idiosyncratic",3,1.71,1.715,-0.0611640562283808,22.4524835860192
"VISrl","idiosyncratic",3,1.715,1.72,-0.0799906304037507,22.4524835860192
"VISrl","idiosyncratic",3,1.72,1.725,-0.0690352604554654,22.4524835860192
"VISrl","idiosyncratic",3,1.725,1.73,-0.0634935633404066,22.4524835860192
"VISrl","idiosyncratic",3,1.73,1.735,0.0151181169622891,22.4524835860192
"VISrl","idiosyncratic",3,1.735,1.74,0.00508043895705253,22.4524835860192
"VISrl","idiosyncratic",3,1.74,1.745,-0.0551402633385689,22.4524835860192
"VISrl","idiosyncratic",3,1.745,1.75,-0.00134265205735412,22.4524835860192
"VISrl","idiosyncratic",3,1.75,1.755,-0.032407051143316,22.4524835860192
"VISrl","idiosyncratic",3,1.755,1.76,0.00728777444246423,22.4524835860192
"VISrl","idiosyncratic",3,1.76,1.765,-0.00453365150560284,22.4524835860192
"VISrl","idiosyncratic",3,1.765,1.77,0.0301017308106669,22.4524835860192
"VISrl","idiosyncratic",3,1.77,1.775,0.0148930625992403,22.4524835860192
"VISrl","idiosyncratic",3,1.775,1.78,-0.0408319546661227,22.4524835860192
"VISrl","idiosyncratic",3,1.78,1.785,0.0482583237636174,22.4524835860192
"VISrl","idiosyncratic",3,1.785,1.79,-0.0309988799663434,22.4524835860192
"VISrl","idiosyncratic",3,1.79,1.795,0.0248376265155746,22.4524835860192
"VISrl","idiosyncratic",3,1.795,1.8,0.0848968371151974,22.4524835860192
"VISrl","idiosyncratic",3,1.8,1.805,0.0179887004690082,22.4524835860192
"VISrl","idiosyncratic",3,1.805,1.81,0.0640545074619586,22.4524835860192
"VISrl","idiosyncratic",3,1.81,1.815,0.0274446051680984,22.4524835860192
"VISrl","idiosyncratic",3,1.815,1.82,0.0370667979259902,22.4524835860192
"VISrl","idiosyncratic",3,1.82,1.825,0.00872187476701436,22.4524835860192
"VISrl","idiosyncratic",3,1.825,1.83,-0.0383325323777055,22.4524835860192
"VISrl","idiosyncratic",3,1.83,1.835,-0.0160384549698532,22.4524835860192
"VISrl","idiosyncratic",3,1.835,1.84,0.107689973060727,22.4524835860192
"VISrl","idiosyncratic",3,1.84,1.845,0.0825306580509424,22.4524835860192
"VISrl","idiosyncratic",3,1.845,1.85,0.0135471296948035,22.4524835860192
"VISrl","idiosyncratic",3,1.85,1.855,-0.00831734722260774,22.4524835860192
"VISrl","idiosyncratic",3,1.855,1.86,0.0244998189724203,22.4524835860192
"VISrl","idiosyncratic",3,1.86,1.865,0.0806100525184921,22.4524835860192
"VISrl","idiosyncratic",3,1.865,1.87,0.0355398129885702,22.4524835860192
"VISrl","idiosyncratic",3,1.87,1.875,0.0189142310263862,22.4524835860192
"VISrl","idiosyncratic",3,1.875,1.88,0.0934724818903321,22.4524835860192
"VISrl","idiosyncratic",3,1.88,1.885,0.00764440776661646,22.4524835860192
"VISrl","idiosyncratic",3,1.885,1.89,-0.0271530509886013,22.4524835860192
"VISrl","idiosyncratic",3,1.89,1.895,-0.0106712795919416,22.4524835860192
"VISrl","idiosyncratic",3,1.895,1.9,0.056869537117483,22.4524835860192
"VISrl","idiosyncratic",3,1.9,1.905,-0.0230769722748604,22.4524835860192
"VISrl","idiosyncratic",3,1.905,1.91,0.00337115428646306,22.4524835860192
"VISrl","idiosyncratic",3,1.91,1.915,0.0638712426886311,22.4524835860192
"VISrl","idiosyncratic",3,1.915,1.92,-0.0340195650279036,22.4524835860192
"VISrl","idiosyncratic",3,1.92,1.925,0.0180383553232676,22.4524835860192
"VISrl","idiosyncratic",3,1.925,1.93,-0.0733745144570946,22.4524835860192
"VISrl","idiosyncratic",3,1.93,1.935,0.0764693241562608,22.4524835860192
"VISrl","idiosyncratic",3,1.935,1.94,-0.00389935200806268,22.4524835860192
"VISrl","idiosyncratic",3,1.94,1.945,-0.0520986463414321,22.4524835860192
"VISrl","idiosyncratic",3,1.945,1.95,0.0146786702500624,22.4524835860192
"VISrl","idiosyncratic",3,1.95,1.955,-0.00237186070260975,22.4524835860192
"VISrl","idiosyncratic",3,1.955,1.96,-0.033785135640522,22.4524835860192
"VISrl","idiosyncratic",3,1.96,1.965,-0.00786541280251962,22.4524835860192
"VISrl","idiosyncratic",3,1.965,1.97,0.0727674946315102,22.4524835860192
"VISrl","idiosyncratic",3,1.97,1.975,-0.110378916187539,22.4524835860192
"VISrl","idiosyncratic",3,1.975,1.98,0.0978833369600189,22.4524835860192
"VISrl","idiosyncratic",3,1.98,1.985,-0.0553792358960227,22.4524835860192
"VISrl","idiosyncratic",3,1.985,1.99,0.087059488525591,22.4524835860192
"VISrl","idiosyncratic",3,1.99,1.995,-0.0597479077644473,22.4524835860192
"VISrl","idiosyncratic",3,1.995,2,0.0564760925455983,22.4524835860192
"VISal","idiosyncratic",1,0,0.005,0.00949576029971943,1645.87224701249
"VISal","idiosyncratic",1,0.005,0.01,-0.00190440793380967,1645.87224701249
"VISal","idiosyncratic",1,0.01,0.015,0.00505616818690125,1645.87224701249
"VISal","idiosyncratic",1,0.015,0.02,0.00204449715475977,1645.87224701249
"VISal","idiosyncratic",1,0.02,0.025,0.0117943606289024,1645.87224701249
"VISal","idiosyncratic",1,0.025,0.03,0.0138845798508055,1645.87224701249
"VISal","idiosyncratic",1,0.03,0.035,0.0061639108291215,1645.87224701249
"VISal","idiosyncratic",1,0.035,0.04,0.00401053300031117,1645.87224701249
"VISal","idiosyncratic",1,0.04,0.045,0.00349950182794626,1645.87224701249
"VISal","idiosyncratic",1,0.045,0.05,0.00229807063221761,1645.87224701249
"VISal","idiosyncratic",1,0.05,0.055,0.0049051486940237,1645.87224701249
"VISal","idiosyncratic",1,0.055,0.06,0.0146119510175152,1645.87224701249
"VISal","idiosyncratic",1,0.06,0.065,0.00921203329830937,1645.87224701249
"VISal","idiosyncratic",1,0.065,0.07,0.0103844997194147,1645.87224701249
"VISal","idiosyncratic",1,0.07,0.075,0.00368078110158152,1645.87224701249
"VISal","idiosyncratic",1,0.075,0.08,-0.00376515778508681,1645.87224701249
"VISal","idiosyncratic",1,0.08,0.085,0.0203752920109597,1645.87224701249
"VISal","idiosyncratic",1,0.085,0.09,0.00467816544183411,1645.87224701249
"VISal","idiosyncratic",1,0.09,0.095,0.0116036072494141,1645.87224701249
"VISal","idiosyncratic",1,0.095,0.1,-0.00697949103001211,1645.87224701249
"VISal","idiosyncratic",1,0.1,0.105,0.00795916901760382,1645.87224701249
"VISal","idiosyncratic",1,0.105,0.11,0.000996348927594759,1645.87224701249
"VISal","idiosyncratic",1,0.11,0.115,0.0100764440291043,1645.87224701249
"VISal","idiosyncratic",1,0.115,0.12,0.00139405029845208,1645.87224701249
"VISal","idiosyncratic",1,0.12,0.125,-0.00170822468801468,1645.87224701249
"VISal","idiosyncratic",1,0.125,0.13,0.00567761035150108,1645.87224701249
"VISal","idiosyncratic",1,0.13,0.135,0.00947737420682768,1645.87224701249
"VISal","idiosyncratic",1,0.135,0.14,0.00165859123862575,1645.87224701249
"VISal","idiosyncratic",1,0.14,0.145,0.0161239110522123,1645.87224701249
"VISal","idiosyncratic",1,0.145,0.15,0.0122970070515314,1645.87224701249
"VISal","idiosyncratic",1,0.15,0.155,-0.00173321612130084,1645.87224701249
"VISal","idiosyncratic",1,0.155,0.16,-0.00160747994408145,1645.87224701249
"VISal","idiosyncratic",1,0.16,0.165,-0.000553058415310087,1645.87224701249
"VISal","idiosyncratic",1,0.165,0.17,-0.000179678539331068,1645.87224701249
"VISal","idiosyncratic",1,0.17,0.175,-0.00660536170235468,1645.87224701249
"VISal","idiosyncratic",1,0.175,0.18,0.0157772301079185,1645.87224701249
"VISal","idiosyncratic",1,0.18,0.185,-0.00823344628462727,1645.87224701249
"VISal","idiosyncratic",1,0.185,0.19,0.000893423559950701,1645.87224701249
"VISal","idiosyncratic",1,0.19,0.195,0.00130401004341832,1645.87224701249
"VISal","idiosyncratic",1,0.195,0.2,0.000588163350033644,1645.87224701249
"VISal","idiosyncratic",1,0.2,0.205,-0.0068246169758521,1645.87224701249
"VISal","idiosyncratic",1,0.205,0.21,0.00645558220211292,1645.87224701249
"VISal","idiosyncratic",1,0.21,0.215,-0.00248109244326447,1645.87224701249
"VISal","idiosyncratic",1,0.215,0.22,0.0182388976232199,1645.87224701249
"VISal","idiosyncratic",1,0.22,0.225,-0.00922513011547663,1645.87224701249
"VISal","idiosyncratic",1,0.225,0.23,0.00364501079760238,1645.87224701249
"VISal","idiosyncratic",1,0.23,0.235,0.000636416247780464,1645.87224701249
"VISal","idiosyncratic",1,0.235,0.24,0.00718453560173066,1645.87224701249
"VISal","idiosyncratic",1,0.24,0.245,0.0137880395134638,1645.87224701249
"VISal","idiosyncratic",1,0.245,0.25,-0.0017100681688714,1645.87224701249
"VISal","idiosyncratic",1,0.25,0.255,-0.0011861546054609,1645.87224701249
"VISal","idiosyncratic",1,0.255,0.26,-0.00716167947195595,1645.87224701249
"VISal","idiosyncratic",1,0.26,0.265,-0.00352979237464462,1645.87224701249
"VISal","idiosyncratic",1,0.265,0.27,0.0168362710759004,1645.87224701249
"VISal","idiosyncratic",1,0.27,0.275,-0.00527378194347627,1645.87224701249
"VISal","idiosyncratic",1,0.275,0.28,0.0104130862116565,1645.87224701249
"VISal","idiosyncratic",1,0.28,0.285,0.00287022671371462,1645.87224701249
"VISal","idiosyncratic",1,0.285,0.29,-0.00607305442383013,1645.87224701249
"VISal","idiosyncratic",1,0.29,0.295,0.0207780095726914,1645.87224701249
"VISal","idiosyncratic",1,0.295,0.3,-0.00469002749283931,1645.87224701249
"VISal","idiosyncratic",1,0.3,0.305,0.00936338842966503,1645.87224701249
"VISal","idiosyncratic",1,0.305,0.31,0.0059515114781491,1645.87224701249
"VISal","idiosyncratic",1,0.31,0.315,0.00188859182021278,1645.87224701249
"VISal","idiosyncratic",1,0.315,0.32,0.0113972447473208,1645.87224701249
"VISal","idiosyncratic",1,0.32,0.325,-0.00213527957034321,1645.87224701249
"VISal","idiosyncratic",1,0.325,0.33,0.00943814252974678,1645.87224701249
"VISal","idiosyncratic",1,0.33,0.335,0.00121005845438715,1645.87224701249
"VISal","idiosyncratic",1,0.335,0.34,-0.00424229476516952,1645.87224701249
"VISal","idiosyncratic",1,0.34,0.345,0.00126149620978777,1645.87224701249
"VISal","idiosyncratic",1,0.345,0.35,0.00491214679321594,1645.87224701249
"VISal","idiosyncratic",1,0.35,0.355,0.0213759635571182,1645.87224701249
"VISal","idiosyncratic",1,0.355,0.36,-0.00169020255221031,1645.87224701249
"VISal","idiosyncratic",1,0.36,0.365,0.0205625450254673,1645.87224701249
"VISal","idiosyncratic",1,0.365,0.37,0.00109815788522444,1645.87224701249
"VISal","idiosyncratic",1,0.37,0.375,0.0100936257802245,1645.87224701249
"VISal","idiosyncratic",1,0.375,0.38,0.00184270604835352,1645.87224701249
"VISal","idiosyncratic",1,0.38,0.385,-0.00302388568474421,1645.87224701249
"VISal","idiosyncratic",1,0.385,0.39,0.00142254446058976,1645.87224701249
"VISal","idiosyncratic",1,0.39,0.395,0.0084775689174969,1645.87224701249
"VISal","idiosyncratic",1,0.395,0.4,0.00188287084700628,1645.87224701249
"VISal","idiosyncratic",1,0.4,0.405,0.0140625955080534,1645.87224701249
"VISal","idiosyncratic",1,0.405,0.41,-0.00353873913647101,1645.87224701249
"VISal","idiosyncratic",1,0.41,0.415,0.0136945192398261,1645.87224701249
"VISal","idiosyncratic",1,0.415,0.42,0.00595174778504159,1645.87224701249
"VISal","idiosyncratic",1,0.42,0.425,0.00237045309335709,1645.87224701249
"VISal","idiosyncratic",1,0.425,0.43,0.00670860502349802,1645.87224701249
"VISal","idiosyncratic",1,0.43,0.435,0.0174310060697552,1645.87224701249
"VISal","idiosyncratic",1,0.435,0.44,0.00487444290420674,1645.87224701249
"VISal","idiosyncratic",1,0.44,0.445,-0.0018387283358906,1645.87224701249
"VISal","idiosyncratic",1,0.445,0.45,0.00925637652275785,1645.87224701249
"VISal","idiosyncratic",1,0.45,0.455,0.0114849767626954,1645.87224701249
"VISal","idiosyncratic",1,0.455,0.46,-0.00452646167492493,1645.87224701249
"VISal","idiosyncratic",1,0.46,0.465,0.00382633918341979,1645.87224701249
"VISal","idiosyncratic",1,0.465,0.47,0.00596147451666623,1645.87224701249
"VISal","idiosyncratic",1,0.47,0.475,0.00480077572052562,1645.87224701249
"VISal","idiosyncratic",1,0.475,0.48,-0.00741820543008537,1645.87224701249
"VISal","idiosyncratic",1,0.48,0.485,0.00263663062507191,1645.87224701249
"VISal","idiosyncratic",1,0.485,0.49,0.00862687519404992,1645.87224701249
"VISal","idiosyncratic",1,0.49,0.495,0.0110301326025728,1645.87224701249
"VISal","idiosyncratic",1,0.495,0.5,0.0190971264842464,1645.87224701249
"VISal","idiosyncratic",1,0.5,0.505,0.00264017942631473,1645.87224701249
"VISal","idiosyncratic",1,0.505,0.51,-0.000939029605602992,1645.87224701249
"VISal","idiosyncratic",1,0.51,0.515,-0.00314447298003817,1645.87224701249
"VISal","idiosyncratic",1,0.515,0.52,-0.00202059952233885,1645.87224701249
"VISal","idiosyncratic",1,0.52,0.525,0.00667508877830036,1645.87224701249
"VISal","idiosyncratic",1,0.525,0.53,0.00526405018947329,1645.87224701249
"VISal","idiosyncratic",1,0.53,0.535,-0.00347934680836631,1645.87224701249
"VISal","idiosyncratic",1,0.535,0.54,0.0112949693377033,1645.87224701249
"VISal","idiosyncratic",1,0.54,0.545,0.000443233277532984,1645.87224701249
"VISal","idiosyncratic",1,0.545,0.55,-0.00212379391377904,1645.87224701249
"VISal","idiosyncratic",1,0.55,0.555,0.0125153791474486,1645.87224701249
"VISal","idiosyncratic",1,0.555,0.56,-0.000191376622333483,1645.87224701249
"VISal","idiosyncratic",1,0.56,0.565,0.00570585639048798,1645.87224701249
"VISal","idiosyncratic",1,0.565,0.57,0.00882482028863768,1645.87224701249
"VISal","idiosyncratic",1,0.57,0.575,0.00836656635698474,1645.87224701249
"VISal","idiosyncratic",1,0.575,0.58,0.00101238691866701,1645.87224701249
"VISal","idiosyncratic",1,0.58,0.585,0.00777703154265152,1645.87224701249
"VISal","idiosyncratic",1,0.585,0.59,0.000868907347401082,1645.87224701249
"VISal","idiosyncratic",1,0.59,0.595,0.00970338497274437,1645.87224701249
"VISal","idiosyncratic",1,0.595,0.6,0.0117229758489175,1645.87224701249
"VISal","idiosyncratic",1,0.6,0.605,0.0148145157515623,1645.87224701249
"VISal","idiosyncratic",1,0.605,0.61,-0.00212773577755954,1645.87224701249
"VISal","idiosyncratic",1,0.61,0.615,0.00672589334890072,1645.87224701249
"VISal","idiosyncratic",1,0.615,0.62,0.0132220572906429,1645.87224701249
"VISal","idiosyncratic",1,0.62,0.625,0.000860027562403554,1645.87224701249
"VISal","idiosyncratic",1,0.625,0.63,0.00229574530437648,1645.87224701249
"VISal","idiosyncratic",1,0.63,0.635,0.00958479052157302,1645.87224701249
"VISal","idiosyncratic",1,0.635,0.64,0.000736787103490233,1645.87224701249
"VISal","idiosyncratic",1,0.64,0.645,0.000955935209441039,1645.87224701249
"VISal","idiosyncratic",1,0.645,0.65,0.00814655699748168,1645.87224701249
"VISal","idiosyncratic",1,0.65,0.655,-0.0110259542163896,1645.87224701249
"VISal","idiosyncratic",1,0.655,0.66,0.0039719696436521,1645.87224701249
"VISal","idiosyncratic",1,0.66,0.665,0.00508862673158339,1645.87224701249
"VISal","idiosyncratic",1,0.665,0.67,-0.000424542819343676,1645.87224701249
"VISal","idiosyncratic",1,0.67,0.675,-0.00958485868140724,1645.87224701249
"VISal","idiosyncratic",1,0.675,0.68,-0.00642397071933032,1645.87224701249
"VISal","idiosyncratic",1,0.68,0.685,-0.00695810767277438,1645.87224701249
"VISal","idiosyncratic",1,0.685,0.69,0.0025190676079021,1645.87224701249
"VISal","idiosyncratic",1,0.69,0.695,-0.00777370328375804,1645.87224701249
"VISal","idiosyncratic",1,0.695,0.7,0.00674683320239777,1645.87224701249
"VISal","idiosyncratic",1,0.7,0.705,1.43013232899447e-05,1645.87224701249
"VISal","idiosyncratic",1,0.705,0.71,0.00181783129137336,1645.87224701249
"VISal","idiosyncratic",1,0.71,0.715,0.0125375172326516,1645.87224701249
"VISal","idiosyncratic",1,0.715,0.72,0.0108147544520192,1645.87224701249
"VISal","idiosyncratic",1,0.72,0.725,-0.00677736321072986,1645.87224701249
"VISal","idiosyncratic",1,0.725,0.73,0.00173027698926875,1645.87224701249
"VISal","idiosyncratic",1,0.73,0.735,-0.000203084284742028,1645.87224701249
"VISal","idiosyncratic",1,0.735,0.74,-0.00262263293669152,1645.87224701249
"VISal","idiosyncratic",1,0.74,0.745,0.00166405337396547,1645.87224701249
"VISal","idiosyncratic",1,0.745,0.75,-0.00167032965482661,1645.87224701249
"VISal","idiosyncratic",1,0.75,0.755,-0.00310408431781661,1645.87224701249
"VISal","idiosyncratic",1,0.755,0.76,-0.000306500993473624,1645.87224701249
"VISal","idiosyncratic",1,0.76,0.765,0.00167540288092338,1645.87224701249
"VISal","idiosyncratic",1,0.765,0.77,-0.00370336467699639,1645.87224701249
"VISal","idiosyncratic",1,0.77,0.775,0.000676364049759126,1645.87224701249
"VISal","idiosyncratic",1,0.775,0.78,-0.000686554018102914,1645.87224701249
"VISal","idiosyncratic",1,0.78,0.785,0.0057288794954452,1645.87224701249
"VISal","idiosyncratic",1,0.785,0.79,0.00790602259917916,1645.87224701249
"VISal","idiosyncratic",1,0.79,0.795,0.00676460896253483,1645.87224701249
"VISal","idiosyncratic",1,0.795,0.8,-0.00318715612971943,1645.87224701249
"VISal","idiosyncratic",1,0.8,0.805,0.0058093841668112,1645.87224701249
"VISal","idiosyncratic",1,0.805,0.81,0.00358861093493268,1645.87224701249
"VISal","idiosyncratic",1,0.81,0.815,0.002735221403243,1645.87224701249
"VISal","idiosyncratic",1,0.815,0.82,0.0029459420785154,1645.87224701249
"VISal","idiosyncratic",1,0.82,0.825,-0.00782067074809134,1645.87224701249
"VISal","idiosyncratic",1,0.825,0.83,0.00243647820021553,1645.87224701249
"VISal","idiosyncratic",1,0.83,0.835,-0.000339176837454658,1645.87224701249
"VISal","idiosyncratic",1,0.835,0.84,-0.00110978859159172,1645.87224701249
"VISal","idiosyncratic",1,0.84,0.845,0.000356309788776654,1645.87224701249
"VISal","idiosyncratic",1,0.845,0.85,-0.000324380656758438,1645.87224701249
"VISal","idiosyncratic",1,0.85,0.855,0.00105693519584293,1645.87224701249
"VISal","idiosyncratic",1,0.855,0.86,0.00989488993467558,1645.87224701249
"VISal","idiosyncratic",1,0.86,0.865,0.00093874648994885,1645.87224701249
"VISal","idiosyncratic",1,0.865,0.87,0.00783677151437157,1645.87224701249
"VISal","idiosyncratic",1,0.87,0.875,0.0153697976609759,1645.87224701249
"VISal","idiosyncratic",1,0.875,0.88,0.00548567297143299,1645.87224701249
"VISal","idiosyncratic",1,0.88,0.885,-0.000294270142774278,1645.87224701249
"VISal","idiosyncratic",1,0.885,0.89,0.015308457742549,1645.87224701249
"VISal","idiosyncratic",1,0.89,0.895,-0.00466384778637918,1645.87224701249
"VISal","idiosyncratic",1,0.895,0.9,0.0156246752290762,1645.87224701249
"VISal","idiosyncratic",1,0.9,0.905,-0.00355374918149121,1645.87224701249
"VISal","idiosyncratic",1,0.905,0.91,0.00576917009652189,1645.87224701249
"VISal","idiosyncratic",1,0.91,0.915,-0.00814853982283958,1645.87224701249
"VISal","idiosyncratic",1,0.915,0.92,0.00340283747435133,1645.87224701249
"VISal","idiosyncratic",1,0.92,0.925,0.010717303641212,1645.87224701249
"VISal","idiosyncratic",1,0.925,0.93,-0.000172485448275417,1645.87224701249
"VISal","idiosyncratic",1,0.93,0.935,0.0099910795712963,1645.87224701249
"VISal","idiosyncratic",1,0.935,0.94,0.00109462150980322,1645.87224701249
"VISal","idiosyncratic",1,0.94,0.945,-0.00385147632878058,1645.87224701249
"VISal","idiosyncratic",1,0.945,0.95,0.0086188503703919,1645.87224701249
"VISal","idiosyncratic",1,0.95,0.955,0.0135684363658118,1645.87224701249
"VISal","idiosyncratic",1,0.955,0.96,0.00455674727097199,1645.87224701249
"VISal","idiosyncratic",1,0.96,0.965,0.00905048638389194,1645.87224701249
"VISal","idiosyncratic",1,0.965,0.97,0.0171350608870325,1645.87224701249
"VISal","idiosyncratic",1,0.97,0.975,0.0117488655651371,1645.87224701249
"VISal","idiosyncratic",1,0.975,0.98,0.00570778656691273,1645.87224701249
"VISal","idiosyncratic",1,0.98,0.985,0.00843243770607116,1645.87224701249
"VISal","idiosyncratic",1,0.985,0.99,0.00105976958046927,1645.87224701249
"VISal","idiosyncratic",1,0.99,0.995,-0.00289492749654729,1645.87224701249
"VISal","idiosyncratic",1,0.995,1,0.00287724929422228,1645.87224701249
"VISal","idiosyncratic",1,1,1.005,0.00032847905056399,1645.87224701249
"VISal","idiosyncratic",1,1.005,1.01,-0.00184738658151695,1645.87224701249
"VISal","idiosyncratic",1,1.01,1.015,0.00840748198753671,1645.87224701249
"VISal","idiosyncratic",1,1.015,1.02,-0.00141080063722698,1645.87224701249
"VISal","idiosyncratic",1,1.02,1.025,-0.000182285676214478,1645.87224701249
"VISal","idiosyncratic",1,1.025,1.03,-0.00580579716030938,1645.87224701249
"VISal","idiosyncratic",1,1.03,1.035,-0.00107288563226193,1645.87224701249
"VISal","idiosyncratic",1,1.035,1.04,0.000956961976105619,1645.87224701249
"VISal","idiosyncratic",1,1.04,1.045,0.0026918479171345,1645.87224701249
"VISal","idiosyncratic",1,1.045,1.05,-0.000463919982291117,1645.87224701249
"VISal","idiosyncratic",1,1.05,1.055,-0.0104378691993624,1645.87224701249
"VISal","idiosyncratic",1,1.055,1.06,0.00202492164814394,1645.87224701249
"VISal","idiosyncratic",1,1.06,1.065,0.00792583560164173,1645.87224701249
"VISal","idiosyncratic",1,1.065,1.07,-0.00729993322977174,1645.87224701249
"VISal","idiosyncratic",1,1.07,1.075,0.00617643965341863,1645.87224701249
"VISal","idiosyncratic",1,1.075,1.08,0.00841003212014224,1645.87224701249
"VISal","idiosyncratic",1,1.08,1.085,0.00668776061027332,1645.87224701249
"VISal","idiosyncratic",1,1.085,1.09,-0.00366634041344815,1645.87224701249
"VISal","idiosyncratic",1,1.09,1.095,-0.00765810427962199,1645.87224701249
"VISal","idiosyncratic",1,1.095,1.1,-0.00503605443885269,1645.87224701249
"VISal","idiosyncratic",1,1.1,1.105,0.00385229500580009,1645.87224701249
"VISal","idiosyncratic",1,1.105,1.11,0.00809991546944044,1645.87224701249
"VISal","idiosyncratic",1,1.11,1.115,-0.000138714448628896,1645.87224701249
"VISal","idiosyncratic",1,1.115,1.12,-0.00182076781821416,1645.87224701249
"VISal","idiosyncratic",1,1.12,1.125,-0.00215736805049271,1645.87224701249
"VISal","idiosyncratic",1,1.125,1.13,-0.00258523308957559,1645.87224701249
"VISal","idiosyncratic",1,1.13,1.135,-0.00552572528327488,1645.87224701249
"VISal","idiosyncratic",1,1.135,1.14,-0.00350295791868815,1645.87224701249
"VISal","idiosyncratic",1,1.14,1.145,0.00303833180842539,1645.87224701249
"VISal","idiosyncratic",1,1.145,1.15,0.00781822461282866,1645.87224701249
"VISal","idiosyncratic",1,1.15,1.155,-0.00335566693532385,1645.87224701249
"VISal","idiosyncratic",1,1.155,1.16,0.0142346278686588,1645.87224701249
"VISal","idiosyncratic",1,1.16,1.165,-0.00287597483897051,1645.87224701249
"VISal","idiosyncratic",1,1.165,1.17,0.0172789001614069,1645.87224701249
"VISal","idiosyncratic",1,1.17,1.175,-0.00600458844260532,1645.87224701249
"VISal","idiosyncratic",1,1.175,1.18,0.000370871510972703,1645.87224701249
"VISal","idiosyncratic",1,1.18,1.185,0.000884465997203154,1645.87224701249
"VISal","idiosyncratic",1,1.185,1.19,-0.00673818378446356,1645.87224701249
"VISal","idiosyncratic",1,1.19,1.195,-0.00154859490496073,1645.87224701249
"VISal","idiosyncratic",1,1.195,1.2,0.00376310407596603,1645.87224701249
"VISal","idiosyncratic",1,1.2,1.205,0.00625973925887069,1645.87224701249
"VISal","idiosyncratic",1,1.205,1.21,0.00530148596983659,1645.87224701249
"VISal","idiosyncratic",1,1.21,1.215,0.00685415797424638,1645.87224701249
"VISal","idiosyncratic",1,1.215,1.22,-0.0083794090827688,1645.87224701249
"VISal","idiosyncratic",1,1.22,1.225,0.00343158583987613,1645.87224701249
"VISal","idiosyncratic",1,1.225,1.23,0.0138399568358908,1645.87224701249
"VISal","idiosyncratic",1,1.23,1.235,-0.000557625706983034,1645.87224701249
"VISal","idiosyncratic",1,1.235,1.24,0.0059985895667396,1645.87224701249
"VISal","idiosyncratic",1,1.24,1.245,0.0052348370711286,1645.87224701249
"VISal","idiosyncratic",1,1.245,1.25,0.00495980531499551,1645.87224701249
"VISal","idiosyncratic",1,1.25,1.255,0.010394571583396,1645.87224701249
"VISal","idiosyncratic",1,1.255,1.26,-0.00244941939168764,1645.87224701249
"VISal","idiosyncratic",1,1.26,1.265,-0.00379061396667146,1645.87224701249
"VISal","idiosyncratic",1,1.265,1.27,-0.00172017130572955,1645.87224701249
"VISal","idiosyncratic",1,1.27,1.275,0.00433340334074317,1645.87224701249
"VISal","idiosyncratic",1,1.275,1.28,-0.00209539838855022,1645.87224701249
"VISal","idiosyncratic",1,1.28,1.285,0.00428532236011048,1645.87224701249
"VISal","idiosyncratic",1,1.285,1.29,0.00569156901423118,1645.87224701249
"VISal","idiosyncratic",1,1.29,1.295,-0.0190992439085326,1645.87224701249
"VISal","idiosyncratic",1,1.295,1.3,0.0160979948098152,1645.87224701249
"VISal","idiosyncratic",1,1.3,1.305,0.00865458518457429,1645.87224701249
"VISal","idiosyncratic",1,1.305,1.31,0.00320601893625727,1645.87224701249
"VISal","idiosyncratic",1,1.31,1.315,-0.00228981289292696,1645.87224701249
"VISal","idiosyncratic",1,1.315,1.32,0.000713896897092003,1645.87224701249
"VISal","idiosyncratic",1,1.32,1.325,-0.000180373075711837,1645.87224701249
"VISal","idiosyncratic",1,1.325,1.33,0.0002593850210868,1645.87224701249
"VISal","idiosyncratic",1,1.33,1.335,-0.0015497075189862,1645.87224701249
"VISal","idiosyncratic",1,1.335,1.34,0.00799914203561058,1645.87224701249
"VISal","idiosyncratic",1,1.34,1.345,0.00458418143788464,1645.87224701249
"VISal","idiosyncratic",1,1.345,1.35,-0.00736579118451497,1645.87224701249
"VISal","idiosyncratic",1,1.35,1.355,-0.00556110535887699,1645.87224701249
"VISal","idiosyncratic",1,1.355,1.36,0.0125421526651133,1645.87224701249
"VISal","idiosyncratic",1,1.36,1.365,-0.00670334142524687,1645.87224701249
"VISal","idiosyncratic",1,1.365,1.37,-0.0145986388883683,1645.87224701249
"VISal","idiosyncratic",1,1.37,1.375,0.0099117137718262,1645.87224701249
"VISal","idiosyncratic",1,1.375,1.38,0.00400163578903079,1645.87224701249
"VISal","idiosyncratic",1,1.38,1.385,-0.000304704250587706,1645.87224701249
"VISal","idiosyncratic",1,1.385,1.39,-0.00140044709353382,1645.87224701249
"VISal","idiosyncratic",1,1.39,1.395,0.00153069004096051,1645.87224701249
"VISal","idiosyncratic",1,1.395,1.4,-0.00301633754608366,1645.87224701249
"VISal","idiosyncratic",1,1.4,1.405,0.00426403908379935,1645.87224701249
"VISal","idiosyncratic",1,1.405,1.41,0.00831110886963371,1645.87224701249
"VISal","idiosyncratic",1,1.41,1.415,-0.0025287161529074,1645.87224701249
"VISal","idiosyncratic",1,1.415,1.42,0.00137945378644833,1645.87224701249
"VISal","idiosyncratic",1,1.42,1.425,-0.000961554720050217,1645.87224701249
"VISal","idiosyncratic",1,1.425,1.43,0.0119150192495256,1645.87224701249
"VISal","idiosyncratic",1,1.43,1.435,0.00212860801107351,1645.87224701249
"VISal","idiosyncratic",1,1.435,1.44,-0.00641322799203758,1645.87224701249
"VISal","idiosyncratic",1,1.44,1.445,0.006065941624538,1645.87224701249
"VISal","idiosyncratic",1,1.445,1.45,-0.00258604515978011,1645.87224701249
"VISal","idiosyncratic",1,1.45,1.455,-0.00521260241856425,1645.87224701249
"VISal","idiosyncratic",1,1.455,1.46,-0.00489483482710906,1645.87224701249
"VISal","idiosyncratic",1,1.46,1.465,0.00187055411464909,1645.87224701249
"VISal","idiosyncratic",1,1.465,1.47,-0.000509447570303911,1645.87224701249
"VISal","idiosyncratic",1,1.47,1.475,0.0100504369630141,1645.87224701249
"VISal","idiosyncratic",1,1.475,1.48,0.000852947465131093,1645.87224701249
"VISal","idiosyncratic",1,1.48,1.485,0.00469834188867135,1645.87224701249
"VISal","idiosyncratic",1,1.485,1.49,0.00271413751489413,1645.87224701249
"VISal","idiosyncratic",1,1.49,1.495,0.0105269863066338,1645.87224701249
"VISal","idiosyncratic",1,1.495,1.5,0.00328533207355164,1645.87224701249
"VISal","idiosyncratic",1,1.5,1.505,-0.00509839132942624,1645.87224701249
"VISal","idiosyncratic",1,1.505,1.51,-0.0007735922810298,1645.87224701249
"VISal","idiosyncratic",1,1.51,1.515,-0.00188348807364558,1645.87224701249
"VISal","idiosyncratic",1,1.515,1.52,0.00593461491223879,1645.87224701249
"VISal","idiosyncratic",1,1.52,1.525,0.000916552944510207,1645.87224701249
"VISal","idiosyncratic",1,1.525,1.53,-0.000203143342280665,1645.87224701249
"VISal","idiosyncratic",1,1.53,1.535,0.000121148030043261,1645.87224701249
"VISal","idiosyncratic",1,1.535,1.54,0.00509531593873147,1645.87224701249
"VISal","idiosyncratic",1,1.54,1.545,0.0024622915027418,1645.87224701249
"VISal","idiosyncratic",1,1.545,1.55,-0.00604502446194277,1645.87224701249
"VISal","idiosyncratic",1,1.55,1.555,0.00148469165170984,1645.87224701249
"VISal","idiosyncratic",1,1.555,1.56,0.00267408228143806,1645.87224701249
"VISal","idiosyncratic",1,1.56,1.565,-0.00894218815488668,1645.87224701249
"VISal","idiosyncratic",1,1.565,1.57,-0.00302961567641424,1645.87224701249
"VISal","idiosyncratic",1,1.57,1.575,-0.00610426130607689,1645.87224701249
"VISal","idiosyncratic",1,1.575,1.58,0.00771998955407394,1645.87224701249
"VISal","idiosyncratic",1,1.58,1.585,-0.00651950049512484,1645.87224701249
"VISal","idiosyncratic",1,1.585,1.59,-0.00833195483882088,1645.87224701249
"VISal","idiosyncratic",1,1.59,1.595,0.00640331346226974,1645.87224701249
"VISal","idiosyncratic",1,1.595,1.6,0.0045281059434944,1645.87224701249
"VISal","idiosyncratic",1,1.6,1.605,0.0020728106741712,1645.87224701249
"VISal","idiosyncratic",1,1.605,1.61,0.00420914495078517,1645.87224701249
"VISal","idiosyncratic",1,1.61,1.615,-0.00437609590791654,1645.87224701249
"VISal","idiosyncratic",1,1.615,1.62,0.00498197553599289,1645.87224701249
"VISal","idiosyncratic",1,1.62,1.625,0.00281535292786883,1645.87224701249
"VISal","idiosyncratic",1,1.625,1.63,0.00079283960869192,1645.87224701249
"VISal","idiosyncratic",1,1.63,1.635,0.00380001120064288,1645.87224701249
"VISal","idiosyncratic",1,1.635,1.64,0.00621766295435011,1645.87224701249
"VISal","idiosyncratic",1,1.64,1.645,-0.00618947489249555,1645.87224701249
"VISal","idiosyncratic",1,1.645,1.65,-0.00227948694408775,1645.87224701249
"VISal","idiosyncratic",1,1.65,1.655,-0.00293766441139698,1645.87224701249
"VISal","idiosyncratic",1,1.655,1.66,0.00483374318452812,1645.87224701249
"VISal","idiosyncratic",1,1.66,1.665,-0.00918354819792455,1645.87224701249
"VISal","idiosyncratic",1,1.665,1.67,-0.00971976863210899,1645.87224701249
"VISal","idiosyncratic",1,1.67,1.675,-0.00764256844672995,1645.87224701249
"VISal","idiosyncratic",1,1.675,1.68,-0.000822595128685544,1645.87224701249
"VISal","idiosyncratic",1,1.68,1.685,0.00685883705916102,1645.87224701249
"VISal","idiosyncratic",1,1.685,1.69,-0.000616228039731381,1645.87224701249
"VISal","idiosyncratic",1,1.69,1.695,-0.00614192197744934,1645.87224701249
"VISal","idiosyncratic",1,1.695,1.7,-0.00285480351910072,1645.87224701249
"VISal","idiosyncratic",1,1.7,1.705,0.00420605381643946,1645.87224701249
"VISal","idiosyncratic",1,1.705,1.71,0.00966877176196412,1645.87224701249
"VISal","idiosyncratic",1,1.71,1.715,-0.00431258705012016,1645.87224701249
"VISal","idiosyncratic",1,1.715,1.72,0.0124170418913633,1645.87224701249
"VISal","idiosyncratic",1,1.72,1.725,0.00337434667590875,1645.87224701249
"VISal","idiosyncratic",1,1.725,1.73,-0.00141837300659742,1645.87224701249
"VISal","idiosyncratic",1,1.73,1.735,0.00265091872400591,1645.87224701249
"VISal","idiosyncratic",1,1.735,1.74,-0.00349076867250742,1645.87224701249
"VISal","idiosyncratic",1,1.74,1.745,0.00893499370069606,1645.87224701249
"VISal","idiosyncratic",1,1.745,1.75,-0.00178032035835463,1645.87224701249
"VISal","idiosyncratic",1,1.75,1.755,0.0103720922502036,1645.87224701249
"VISal","idiosyncratic",1,1.755,1.76,-0.000642281463180683,1645.87224701249
"VISal","idiosyncratic",1,1.76,1.765,0.00336485025102562,1645.87224701249
"VISal","idiosyncratic",1,1.765,1.77,0.0067356559575662,1645.87224701249
"VISal","idiosyncratic",1,1.77,1.775,-0.0112987346791916,1645.87224701249
"VISal","idiosyncratic",1,1.775,1.78,-0.00572195184272872,1645.87224701249
"VISal","idiosyncratic",1,1.78,1.785,0.000781076200752406,1645.87224701249
"VISal","idiosyncratic",1,1.785,1.79,0.00363623686261649,1645.87224701249
"VISal","idiosyncratic",1,1.79,1.795,-7.03183137112928e-05,1645.87224701249
"VISal","idiosyncratic",1,1.795,1.8,0.0127992767449342,1645.87224701249
"VISal","idiosyncratic",1,1.8,1.805,0.00440274488797376,1645.87224701249
"VISal","idiosyncratic",1,1.805,1.81,-0.00349386779346872,1645.87224701249
"VISal","idiosyncratic",1,1.81,1.815,0.0113174085669372,1645.87224701249
"VISal","idiosyncratic",1,1.815,1.82,-0.00429260289980649,1645.87224701249
"VISal","idiosyncratic",1,1.82,1.825,0.000724760454098194,1645.87224701249
"VISal","idiosyncratic",1,1.825,1.83,0.0018391809166709,1645.87224701249
"VISal","idiosyncratic",1,1.83,1.835,0.00513371597845014,1645.87224701249
"VISal","idiosyncratic",1,1.835,1.84,-0.00228494826997261,1645.87224701249
"VISal","idiosyncratic",1,1.84,1.845,-0.0010399317475942,1645.87224701249
"VISal","idiosyncratic",1,1.845,1.85,1.6463718199855e-06,1645.87224701249
"VISal","idiosyncratic",1,1.85,1.855,0.0123737182653172,1645.87224701249
"VISal","idiosyncratic",1,1.855,1.86,-0.00497340945767211,1645.87224701249
"VISal","idiosyncratic",1,1.86,1.865,0.00631631955010226,1645.87224701249
"VISal","idiosyncratic",1,1.865,1.87,0.00166017095437765,1645.87224701249
"VISal","idiosyncratic",1,1.87,1.875,0.00155443153911683,1645.87224701249
"VISal","idiosyncratic",1,1.875,1.88,-0.00757149226358589,1645.87224701249
"VISal","idiosyncratic",1,1.88,1.885,0.0145060945352425,1645.87224701249
"VISal","idiosyncratic",1,1.885,1.89,0.00660219351284119,1645.87224701249
"VISal","idiosyncratic",1,1.89,1.895,-0.00867511400817322,1645.87224701249
"VISal","idiosyncratic",1,1.895,1.9,0.00546586047778319,1645.87224701249
"VISal","idiosyncratic",1,1.9,1.905,0.00557339704985338,1645.87224701249
"VISal","idiosyncratic",1,1.905,1.91,-0.000927460111769696,1645.87224701249
"VISal","idiosyncratic",1,1.91,1.915,0.00398773586509771,1645.87224701249
"VISal","idiosyncratic",1,1.915,1.92,0.00409314364733404,1645.87224701249
"VISal","idiosyncratic",1,1.92,1.925,-0.00187399602373817,1645.87224701249
"VISal","idiosyncratic",1,1.925,1.93,-0.00330703371904228,1645.87224701249
"VISal","idiosyncratic",1,1.93,1.935,-0.00799044238807889,1645.87224701249
"VISal","idiosyncratic",1,1.935,1.94,0.00776695768016022,1645.87224701249
"VISal","idiosyncratic",1,1.94,1.945,0.009363877235258,1645.87224701249
"VISal","idiosyncratic",1,1.945,1.95,0.00228691443097906,1645.87224701249
"VISal","idiosyncratic",1,1.95,1.955,-0.00576207039000365,1645.87224701249
"VISal","idiosyncratic",1,1.955,1.96,-0.00849087187179398,1645.87224701249
"VISal","idiosyncratic",1,1.96,1.965,0.0037471091945348,1645.87224701249
"VISal","idiosyncratic",1,1.965,1.97,-8.37328849248031e-05,1645.87224701249
"VISal","idiosyncratic",1,1.97,1.975,-0.00365732762097692,1645.87224701249
"VISal","idiosyncratic",1,1.975,1.98,0.00965352385551632,1645.87224701249
"VISal","idiosyncratic",1,1.98,1.985,-0.00735208112646113,1645.87224701249
"VISal","idiosyncratic",1,1.985,1.99,-0.00376684790019644,1645.87224701249
"VISal","idiosyncratic",1,1.99,1.995,0.00122393906540719,1645.87224701249
"VISal","idiosyncratic",1,1.995,2,-0.000694647344567478,1645.87224701249
"VISal","idiosyncratic",2,0,0.005,0.0328939480081266,206.098275627423
"VISal","idiosyncratic",2,0.005,0.01,0.000358882769325858,206.098275627423
"VISal","idiosyncratic",2,0.01,0.015,0.00625894080272728,206.098275627423
"VISal","idiosyncratic",2,0.015,0.02,-0.00529807699178404,206.098275627423
"VISal","idiosyncratic",2,0.02,0.025,0.00702810844505104,206.098275627423
"VISal","idiosyncratic",2,0.025,0.03,0.00759253658775075,206.098275627423
"VISal","idiosyncratic",2,0.03,0.035,0.0152564659239113,206.098275627423
"VISal","idiosyncratic",2,0.035,0.04,0.00371294087585826,206.098275627423
"VISal","idiosyncratic",2,0.04,0.045,0.0184565513039947,206.098275627423
"VISal","idiosyncratic",2,0.045,0.05,-0.0154161934988659,206.098275627423
"VISal","idiosyncratic",2,0.05,0.055,0.0284061952578458,206.098275627423
"VISal","idiosyncratic",2,0.055,0.06,0.00459107340329022,206.098275627423
"VISal","idiosyncratic",2,0.06,0.065,-0.000528470276282861,206.098275627423
"VISal","idiosyncratic",2,0.065,0.07,-0.0120411924408543,206.098275627423
"VISal","idiosyncratic",2,0.07,0.075,0.00323942861580424,206.098275627423
"VISal","idiosyncratic",2,0.075,0.08,-0.000749483120612571,206.098275627423
"VISal","idiosyncratic",2,0.08,0.085,-0.0250231858278874,206.098275627423
"VISal","idiosyncratic",2,0.085,0.09,0.0130638388605686,206.098275627423
"VISal","idiosyncratic",2,0.09,0.095,0.000529075713458421,206.098275627423
"VISal","idiosyncratic",2,0.095,0.1,0.0169070828188632,206.098275627423
"VISal","idiosyncratic",2,0.1,0.105,0.0126201092807018,206.098275627423
"VISal","idiosyncratic",2,0.105,0.11,0.00360787528863084,206.098275627423
"VISal","idiosyncratic",2,0.11,0.115,0.0258417384498634,206.098275627423
"VISal","idiosyncratic",2,0.115,0.12,0.0148988208941076,206.098275627423
"VISal","idiosyncratic",2,0.12,0.125,0.0151370073449672,206.098275627423
"VISal","idiosyncratic",2,0.125,0.13,0.0136242731075377,206.098275627423
"VISal","idiosyncratic",2,0.13,0.135,0.00306631628750145,206.098275627423
"VISal","idiosyncratic",2,0.135,0.14,0.02267041641067,206.098275627423
"VISal","idiosyncratic",2,0.14,0.145,0.0580637493733596,206.098275627423
"VISal","idiosyncratic",2,0.145,0.15,0.000802141208263163,206.098275627423
"VISal","idiosyncratic",2,0.15,0.155,0.0211799540598931,206.098275627423
"VISal","idiosyncratic",2,0.155,0.16,0.0380703298563418,206.098275627423
"VISal","idiosyncratic",2,0.16,0.165,0.0479494129807688,206.098275627423
"VISal","idiosyncratic",2,0.165,0.17,0.0228158418439424,206.098275627423
"VISal","idiosyncratic",2,0.17,0.175,0.0283934128931169,206.098275627423
"VISal","idiosyncratic",2,0.175,0.18,0.0470017584865479,206.098275627423
"VISal","idiosyncratic",2,0.18,0.185,0.0489836905135607,206.098275627423
"VISal","idiosyncratic",2,0.185,0.19,0.0267896384432217,206.098275627423
"VISal","idiosyncratic",2,0.19,0.195,0.0412939415130703,206.098275627423
"VISal","idiosyncratic",2,0.195,0.2,0.0315293643303489,206.098275627423
"VISal","idiosyncratic",2,0.2,0.205,0.0425242199357817,206.098275627423
"VISal","idiosyncratic",2,0.205,0.21,0.0379824539855871,206.098275627423
"VISal","idiosyncratic",2,0.21,0.215,0.0384950342884687,206.098275627423
"VISal","idiosyncratic",2,0.215,0.22,0.0377457858490544,206.098275627423
"VISal","idiosyncratic",2,0.22,0.225,0.0394150179859628,206.098275627423
"VISal","idiosyncratic",2,0.225,0.23,0.0415683985104618,206.098275627423
"VISal","idiosyncratic",2,0.23,0.235,0.0158589081521134,206.098275627423
"VISal","idiosyncratic",2,0.235,0.24,-0.00787979418790807,206.098275627423
"VISal","idiosyncratic",2,0.24,0.245,0.0133706420088427,206.098275627423
"VISal","idiosyncratic",2,0.245,0.25,0.0249237455871788,206.098275627423
"VISal","idiosyncratic",2,0.25,0.255,0.00502569983252021,206.098275627423
"VISal","idiosyncratic",2,0.255,0.26,0.00663110575589243,206.098275627423
"VISal","idiosyncratic",2,0.26,0.265,0.0412621905584708,206.098275627423
"VISal","idiosyncratic",2,0.265,0.27,-0.00239272520955791,206.098275627423
"VISal","idiosyncratic",2,0.27,0.275,0.0357773393483699,206.098275627423
"VISal","idiosyncratic",2,0.275,0.28,0.0207458636044814,206.098275627423
"VISal","idiosyncratic",2,0.28,0.285,-0.00350572341960653,206.098275627423
"VISal","idiosyncratic",2,0.285,0.29,0.024343543978574,206.098275627423
"VISal","idiosyncratic",2,0.29,0.295,0.0189180587384901,206.098275627423
"VISal","idiosyncratic",2,0.295,0.3,0.00994844943859974,206.098275627423
"VISal","idiosyncratic",2,0.3,0.305,0.0112194787440092,206.098275627423
"VISal","idiosyncratic",2,0.305,0.31,-0.0072445144874369,206.098275627423
"VISal","idiosyncratic",2,0.31,0.315,-0.013579543869259,206.098275627423
"VISal","idiosyncratic",2,0.315,0.32,-0.0121499158668339,206.098275627423
"VISal","idiosyncratic",2,0.32,0.325,-0.00242965921861171,206.098275627423
"VISal","idiosyncratic",2,0.325,0.33,-0.00131909516528306,206.098275627423
"VISal","idiosyncratic",2,0.33,0.335,0.0183698169001703,206.098275627423
"VISal","idiosyncratic",2,0.335,0.34,0.00607018286813688,206.098275627423
"VISal","idiosyncratic",2,0.34,0.345,-0.00139412589962862,206.098275627423
"VISal","idiosyncratic",2,0.345,0.35,-0.0102094731710922,206.098275627423
"VISal","idiosyncratic",2,0.35,0.355,-0.00946990823407723,206.098275627423
"VISal","idiosyncratic",2,0.355,0.36,0.00980419563435686,206.098275627423
"VISal","idiosyncratic",2,0.36,0.365,0.0236821049647977,206.098275627423
"VISal","idiosyncratic",2,0.365,0.37,0.00509451637086622,206.098275627423
"VISal","idiosyncratic",2,0.37,0.375,0.0216824315625155,206.098275627423
"VISal","idiosyncratic",2,0.375,0.38,-0.010824260703048,206.098275627423
"VISal","idiosyncratic",2,0.38,0.385,0.0129071120555551,206.098275627423
"VISal","idiosyncratic",2,0.385,0.39,0.0129369411626674,206.098275627423
"VISal","idiosyncratic",2,0.39,0.395,-0.00148715010324074,206.098275627423
"VISal","idiosyncratic",2,0.395,0.4,-0.00274922753750184,206.098275627423
"VISal","idiosyncratic",2,0.4,0.405,0.00889020697949672,206.098275627423
"VISal","idiosyncratic",2,0.405,0.41,0.019618575607788,206.098275627423
"VISal","idiosyncratic",2,0.41,0.415,0.000727416973934636,206.098275627423
"VISal","idiosyncratic",2,0.415,0.42,-0.0026361176690135,206.098275627423
"VISal","idiosyncratic",2,0.42,0.425,-0.00582451261097994,206.098275627423
"VISal","idiosyncratic",2,0.425,0.43,-0.00333658024215278,206.098275627423
"VISal","idiosyncratic",2,0.43,0.435,0.0283691337491538,206.098275627423
"VISal","idiosyncratic",2,0.435,0.44,0.00571854111359982,206.098275627423
"VISal","idiosyncratic",2,0.44,0.445,0.0116286707160291,206.098275627423
"VISal","idiosyncratic",2,0.445,0.45,0.0244497698162882,206.098275627423
"VISal","idiosyncratic",2,0.45,0.455,-0.00344618110453032,206.098275627423
"VISal","idiosyncratic",2,0.455,0.46,-0.0130036838531924,206.098275627423
"VISal","idiosyncratic",2,0.46,0.465,-0.00157077670340855,206.098275627423
"VISal","idiosyncratic",2,0.465,0.47,-0.00493578569086184,206.098275627423
"VISal","idiosyncratic",2,0.47,0.475,-0.0077158882998325,206.098275627423
"VISal","idiosyncratic",2,0.475,0.48,0.00389065862387872,206.098275627423
"VISal","idiosyncratic",2,0.48,0.485,-0.0130948140096241,206.098275627423
"VISal","idiosyncratic",2,0.485,0.49,-0.0100424262416952,206.098275627423
"VISal","idiosyncratic",2,0.49,0.495,-0.00273887453550548,206.098275627423
"VISal","idiosyncratic",2,0.495,0.5,-0.0190028187545608,206.098275627423
"VISal","idiosyncratic",2,0.5,0.505,0.0115584215730691,206.098275627423
"VISal","idiosyncratic",2,0.505,0.51,-0.0257583408540496,206.098275627423
"VISal","idiosyncratic",2,0.51,0.515,0.00208818076076933,206.098275627423
"VISal","idiosyncratic",2,0.515,0.52,0.011603000780712,206.098275627423
"VISal","idiosyncratic",2,0.52,0.525,0.0103738658190171,206.098275627423
"VISal","idiosyncratic",2,0.525,0.53,-0.0147924734634506,206.098275627423
"VISal","idiosyncratic",2,0.53,0.535,-0.00681101780905768,206.098275627423
"VISal","idiosyncratic",2,0.535,0.54,-0.0169941760282895,206.098275627423
"VISal","idiosyncratic",2,0.54,0.545,0.0227698163178569,206.098275627423
"VISal","idiosyncratic",2,0.545,0.55,0.0235153791209086,206.098275627423
"VISal","idiosyncratic",2,0.55,0.555,-0.00407333061951998,206.098275627423
"VISal","idiosyncratic",2,0.555,0.56,-0.00560584540708131,206.098275627423
"VISal","idiosyncratic",2,0.56,0.565,-0.01822336638496,206.098275627423
"VISal","idiosyncratic",2,0.565,0.57,-0.00373699026186958,206.098275627423
"VISal","idiosyncratic",2,0.57,0.575,-0.00779467726700922,206.098275627423
"VISal","idiosyncratic",2,0.575,0.58,-0.00681991265232496,206.098275627423
"VISal","idiosyncratic",2,0.58,0.585,0.000800949658532835,206.098275627423
"VISal","idiosyncratic",2,0.585,0.59,-0.00674702088087131,206.098275627423
"VISal","idiosyncratic",2,0.59,0.595,-0.00427375941087593,206.098275627423
"VISal","idiosyncratic",2,0.595,0.6,-0.0200861125608467,206.098275627423
"VISal","idiosyncratic",2,0.6,0.605,-0.0226990289244717,206.098275627423
"VISal","idiosyncratic",2,0.605,0.61,-0.00891200277173754,206.098275627423
"VISal","idiosyncratic",2,0.61,0.615,-0.0218391901630812,206.098275627423
"VISal","idiosyncratic",2,0.615,0.62,-0.0166720494692008,206.098275627423
"VISal","idiosyncratic",2,0.62,0.625,0.00248739604942161,206.098275627423
"VISal","idiosyncratic",2,0.625,0.63,-0.0276478836419732,206.098275627423
"VISal","idiosyncratic",2,0.63,0.635,-0.0186375558649029,206.098275627423
"VISal","idiosyncratic",2,0.635,0.64,-0.0181855813265609,206.098275627423
"VISal","idiosyncratic",2,0.64,0.645,0.00533635569296209,206.098275627423
"VISal","idiosyncratic",2,0.645,0.65,-0.00345822561913101,206.098275627423
"VISal","idiosyncratic",2,0.65,0.655,0.00390054641147941,206.098275627423
"VISal","idiosyncratic",2,0.655,0.66,-0.00982890513612211,206.098275627423
"VISal","idiosyncratic",2,0.66,0.665,-0.0199622654038668,206.098275627423
"VISal","idiosyncratic",2,0.665,0.67,0.00789909950238588,206.098275627423
"VISal","idiosyncratic",2,0.67,0.675,0.00338614687705008,206.098275627423
"VISal","idiosyncratic",2,0.675,0.68,0.00251813738250029,206.098275627423
"VISal","idiosyncratic",2,0.68,0.685,-0.0088834399811798,206.098275627423
"VISal","idiosyncratic",2,0.685,0.69,0.0137553053584946,206.098275627423
"VISal","idiosyncratic",2,0.69,0.695,-0.0367252870076963,206.098275627423
"VISal","idiosyncratic",2,0.695,0.7,0.000542983057948865,206.098275627423
"VISal","idiosyncratic",2,0.7,0.705,-0.00730420950515431,206.098275627423
"VISal","idiosyncratic",2,0.705,0.71,0.00303975853929794,206.098275627423
"VISal","idiosyncratic",2,0.71,0.715,0.00186456095814114,206.098275627423
"VISal","idiosyncratic",2,0.715,0.72,-0.00739008903022942,206.098275627423
"VISal","idiosyncratic",2,0.72,0.725,-0.00574834064664831,206.098275627423
"VISal","idiosyncratic",2,0.725,0.73,0.00753670615740831,206.098275627423
"VISal","idiosyncratic",2,0.73,0.735,-0.00758414838011268,206.098275627423
"VISal","idiosyncratic",2,0.735,0.74,0.00394954654759649,206.098275627423
"VISal","idiosyncratic",2,0.74,0.745,-0.0121674382114492,206.098275627423
"VISal","idiosyncratic",2,0.745,0.75,0.00843286469503068,206.098275627423
"VISal","idiosyncratic",2,0.75,0.755,0.0254941108751773,206.098275627423
"VISal","idiosyncratic",2,0.755,0.76,0.00744694235179122,206.098275627423
"VISal","idiosyncratic",2,0.76,0.765,-0.0301784799617845,206.098275627423
"VISal","idiosyncratic",2,0.765,0.77,-0.00472068649232316,206.098275627423
"VISal","idiosyncratic",2,0.77,0.775,0.00393776326950934,206.098275627423
"VISal","idiosyncratic",2,0.775,0.78,-0.0239846849497178,206.098275627423
"VISal","idiosyncratic",2,0.78,0.785,0.00953988751427493,206.098275627423
"VISal","idiosyncratic",2,0.785,0.79,-0.0128635269894584,206.098275627423
"VISal","idiosyncratic",2,0.79,0.795,-0.0187878731425484,206.098275627423
"VISal","idiosyncratic",2,0.795,0.8,-0.0106940837026761,206.098275627423
"VISal","idiosyncratic",2,0.8,0.805,-0.0213082443225109,206.098275627423
"VISal","idiosyncratic",2,0.805,0.81,-0.00345989044954176,206.098275627423
"VISal","idiosyncratic",2,0.81,0.815,-0.0219790700706977,206.098275627423
"VISal","idiosyncratic",2,0.815,0.82,-0.0180736450943373,206.098275627423
"VISal","idiosyncratic",2,0.82,0.825,0.00749709288411826,206.098275627423
"VISal","idiosyncratic",2,0.825,0.83,-0.0234401732467717,206.098275627423
"VISal","idiosyncratic",2,0.83,0.835,-0.0153312170036598,206.098275627423
"VISal","idiosyncratic",2,0.835,0.84,-0.011841634638544,206.098275627423
"VISal","idiosyncratic",2,0.84,0.845,0.000648245676880266,206.098275627423
"VISal","idiosyncratic",2,0.845,0.85,-0.000139487137089001,206.098275627423
"VISal","idiosyncratic",2,0.85,0.855,0.00212628360929323,206.098275627423
"VISal","idiosyncratic",2,0.855,0.86,-0.0181043501908714,206.098275627423
"VISal","idiosyncratic",2,0.86,0.865,-0.0102180899720503,206.098275627423
"VISal","idiosyncratic",2,0.865,0.87,0.00802158415206855,206.098275627423
"VISal","idiosyncratic",2,0.87,0.875,-0.00664197342921935,206.098275627423
"VISal","idiosyncratic",2,0.875,0.88,0.00660451260856698,206.098275627423
"VISal","idiosyncratic",2,0.88,0.885,-0.0103144704397801,206.098275627423
"VISal","idiosyncratic",2,0.885,0.89,-0.0141183277227149,206.098275627423
"VISal","idiosyncratic",2,0.89,0.895,-0.0107355368037975,206.098275627423
"VISal","idiosyncratic",2,0.895,0.9,-0.0144686744569835,206.098275627423
"VISal","idiosyncratic",2,0.9,0.905,-0.0109294862041592,206.098275627423
"VISal","idiosyncratic",2,0.905,0.91,0.000830911887307773,206.098275627423
"VISal","idiosyncratic",2,0.91,0.915,-0.00487025732784807,206.098275627423
"VISal","idiosyncratic",2,0.915,0.92,-0.033163231982534,206.098275627423
"VISal","idiosyncratic",2,0.92,0.925,-0.0257456846372686,206.098275627423
"VISal","idiosyncratic",2,0.925,0.93,-0.00411629856777329,206.098275627423
"VISal","idiosyncratic",2,0.93,0.935,-0.01708594297231,206.098275627423
"VISal","idiosyncratic",2,0.935,0.94,0.00249522471474184,206.098275627423
"VISal","idiosyncratic",2,0.94,0.945,-0.00533840661969431,206.098275627423
"VISal","idiosyncratic",2,0.945,0.95,-0.028756886599475,206.098275627423
"VISal","idiosyncratic",2,0.95,0.955,-0.00134935741294229,206.098275627423
"VISal","idiosyncratic",2,0.955,0.96,-0.00554114327537347,206.098275627423
"VISal","idiosyncratic",2,0.96,0.965,-0.0418508507259142,206.098275627423
"VISal","idiosyncratic",2,0.965,0.97,-0.0264604147632603,206.098275627423
"VISal","idiosyncratic",2,0.97,0.975,-0.02718802131016,206.098275627423
"VISal","idiosyncratic",2,0.975,0.98,0.00324257256219923,206.098275627423
"VISal","idiosyncratic",2,0.98,0.985,-0.00405386661110335,206.098275627423
"VISal","idiosyncratic",2,0.985,0.99,-0.00278953993581632,206.098275627423
"VISal","idiosyncratic",2,0.99,0.995,-0.01494536303185,206.098275627423
"VISal","idiosyncratic",2,0.995,1,0.0177457981133917,206.098275627423
"VISal","idiosyncratic",2,1,1.005,-0.00891943944670232,206.098275627423
"VISal","idiosyncratic",2,1.005,1.01,-0.014975781772101,206.098275627423
"VISal","idiosyncratic",2,1.01,1.015,-0.0409288108163137,206.098275627423
"VISal","idiosyncratic",2,1.015,1.02,-0.0220723838955809,206.098275627423
"VISal","idiosyncratic",2,1.02,1.025,-0.013269577408007,206.098275627423
"VISal","idiosyncratic",2,1.025,1.03,-0.0188596129379438,206.098275627423
"VISal","idiosyncratic",2,1.03,1.035,-0.0128383312993832,206.098275627423
"VISal","idiosyncratic",2,1.035,1.04,-0.0136948625560143,206.098275627423
"VISal","idiosyncratic",2,1.04,1.045,0.00126179936890575,206.098275627423
"VISal","idiosyncratic",2,1.045,1.05,-0.0143957115343432,206.098275627423
"VISal","idiosyncratic",2,1.05,1.055,0.00279637218768175,206.098275627423
"VISal","idiosyncratic",2,1.055,1.06,-0.0299229854808309,206.098275627423
"VISal","idiosyncratic",2,1.06,1.065,-0.0072093380322924,206.098275627423
"VISal","idiosyncratic",2,1.065,1.07,-0.000487777500981335,206.098275627423
"VISal","idiosyncratic",2,1.07,1.075,-0.0159645091672795,206.098275627423
"VISal","idiosyncratic",2,1.075,1.08,-0.0185127277632632,206.098275627423
"VISal","idiosyncratic",2,1.08,1.085,-0.0119814402775293,206.098275627423
"VISal","idiosyncratic",2,1.085,1.09,0.00413283049698457,206.098275627423
"VISal","idiosyncratic",2,1.09,1.095,0.00156984850988032,206.098275627423
"VISal","idiosyncratic",2,1.095,1.1,-0.000727829630517068,206.098275627423
"VISal","idiosyncratic",2,1.1,1.105,-0.000933613776084197,206.098275627423
"VISal","idiosyncratic",2,1.105,1.11,1.65880080416902e-05,206.098275627423
"VISal","idiosyncratic",2,1.11,1.115,0.0124690442650816,206.098275627423
"VISal","idiosyncratic",2,1.115,1.12,0.0180345757095135,206.098275627423
"VISal","idiosyncratic",2,1.12,1.125,0.00583393466883228,206.098275627423
"VISal","idiosyncratic",2,1.125,1.13,0.00579747850703141,206.098275627423
"VISal","idiosyncratic",2,1.13,1.135,-0.0122531278751463,206.098275627423
"VISal","idiosyncratic",2,1.135,1.14,-0.0180152821088943,206.098275627423
"VISal","idiosyncratic",2,1.14,1.145,-0.00801415722243812,206.098275627423
"VISal","idiosyncratic",2,1.145,1.15,0.00773258061892348,206.098275627423
"VISal","idiosyncratic",2,1.15,1.155,-0.00939891874705545,206.098275627423
"VISal","idiosyncratic",2,1.155,1.16,-0.024221080142117,206.098275627423
"VISal","idiosyncratic",2,1.16,1.165,-0.0130459485768359,206.098275627423
"VISal","idiosyncratic",2,1.165,1.17,-0.0114534377342423,206.098275627423
"VISal","idiosyncratic",2,1.17,1.175,-0.00809396157905395,206.098275627423
"VISal","idiosyncratic",2,1.175,1.18,-0.0566171438365601,206.098275627423
"VISal","idiosyncratic",2,1.18,1.185,-0.00853981151008051,206.098275627423
"VISal","idiosyncratic",2,1.185,1.19,-0.0139298806716605,206.098275627423
"VISal","idiosyncratic",2,1.19,1.195,-0.011790867100748,206.098275627423
"VISal","idiosyncratic",2,1.195,1.2,0.00460057288373732,206.098275627423
"VISal","idiosyncratic",2,1.2,1.205,-0.016724678408667,206.098275627423
"VISal","idiosyncratic",2,1.205,1.21,0.0253119057945955,206.098275627423
"VISal","idiosyncratic",2,1.21,1.215,-0.0166922925086794,206.098275627423
"VISal","idiosyncratic",2,1.215,1.22,0.0287561835693294,206.098275627423
"VISal","idiosyncratic",2,1.22,1.225,-0.0118992021556842,206.098275627423
"VISal","idiosyncratic",2,1.225,1.23,-0.0127337899559146,206.098275627423
"VISal","idiosyncratic",2,1.23,1.235,-0.00939828433330644,206.098275627423
"VISal","idiosyncratic",2,1.235,1.24,-0.00493129766365345,206.098275627423
"VISal","idiosyncratic",2,1.24,1.245,0.00500097062832009,206.098275627423
"VISal","idiosyncratic",2,1.245,1.25,-0.037005116587022,206.098275627423
"VISal","idiosyncratic",2,1.25,1.255,-0.0231014869070811,206.098275627423
"VISal","idiosyncratic",2,1.255,1.26,-0.0153315245957964,206.098275627423
"VISal","idiosyncratic",2,1.26,1.265,-0.0171605896475355,206.098275627423
"VISal","idiosyncratic",2,1.265,1.27,-0.00153861701322643,206.098275627423
"VISal","idiosyncratic",2,1.27,1.275,-0.018176119271998,206.098275627423
"VISal","idiosyncratic",2,1.275,1.28,-0.0151559825268762,206.098275627423
"VISal","idiosyncratic",2,1.28,1.285,-0.0183896922898043,206.098275627423
"VISal","idiosyncratic",2,1.285,1.29,-0.0203121122093598,206.098275627423
"VISal","idiosyncratic",2,1.29,1.295,-0.0205113896590979,206.098275627423
"VISal","idiosyncratic",2,1.295,1.3,-0.00616730624400652,206.098275627423
"VISal","idiosyncratic",2,1.3,1.305,-0.0107831204295793,206.098275627423
"VISal","idiosyncratic",2,1.305,1.31,-0.0197593594594115,206.098275627423
"VISal","idiosyncratic",2,1.31,1.315,-0.0309690420176014,206.098275627423
"VISal","idiosyncratic",2,1.315,1.32,0.00563245978052138,206.098275627423
"VISal","idiosyncratic",2,1.32,1.325,-0.0226621233514259,206.098275627423
"VISal","idiosyncratic",2,1.325,1.33,-0.0215496577996888,206.098275627423
"VISal","idiosyncratic",2,1.33,1.335,0.0115583437036561,206.098275627423
"VISal","idiosyncratic",2,1.335,1.34,-0.0130802990810656,206.098275627423
"VISal","idiosyncratic",2,1.34,1.345,-0.0149143286343503,206.098275627423
"VISal","idiosyncratic",2,1.345,1.35,0.00708356870824772,206.098275627423
"VISal","idiosyncratic",2,1.35,1.355,0.0156169723427091,206.098275627423
"VISal","idiosyncratic",2,1.355,1.36,-0.0169437127347578,206.098275627423
"VISal","idiosyncratic",2,1.36,1.365,0.0132666952307599,206.098275627423
"VISal","idiosyncratic",2,1.365,1.37,0.0106078955614059,206.098275627423
"VISal","idiosyncratic",2,1.37,1.375,-0.00966328088728835,206.098275627423
"VISal","idiosyncratic",2,1.375,1.38,-0.0167363302425598,206.098275627423
"VISal","idiosyncratic",2,1.38,1.385,0.00509032761116723,206.098275627423
"VISal","idiosyncratic",2,1.385,1.39,0.0170451780914948,206.098275627423
"VISal","idiosyncratic",2,1.39,1.395,-0.0108155497682732,206.098275627423
"VISal","idiosyncratic",2,1.395,1.4,0.0133810172321502,206.098275627423
"VISal","idiosyncratic",2,1.4,1.405,-0.00684331993668269,206.098275627423
"VISal","idiosyncratic",2,1.405,1.41,-0.0224882700512583,206.098275627423
"VISal","idiosyncratic",2,1.41,1.415,-0.0033487774397683,206.098275627423
"VISal","idiosyncratic",2,1.415,1.42,-0.00420387786264542,206.098275627423
"VISal","idiosyncratic",2,1.42,1.425,-0.0214285527247584,206.098275627423
"VISal","idiosyncratic",2,1.425,1.43,-0.036548196086556,206.098275627423
"VISal","idiosyncratic",2,1.43,1.435,-0.00619765355956775,206.098275627423
"VISal","idiosyncratic",2,1.435,1.44,0.00845600674411401,206.098275627423
"VISal","idiosyncratic",2,1.44,1.445,-0.00309639894194413,206.098275627423
"VISal","idiosyncratic",2,1.445,1.45,-0.0106260484938906,206.098275627423
"VISal","idiosyncratic",2,1.45,1.455,-0.0155254176333562,206.098275627423
"VISal","idiosyncratic",2,1.455,1.46,0.0121600100735437,206.098275627423
"VISal","idiosyncratic",2,1.46,1.465,-0.0236760822170226,206.098275627423
"VISal","idiosyncratic",2,1.465,1.47,0.0149964426862662,206.098275627423
"VISal","idiosyncratic",2,1.47,1.475,-0.0157056325481056,206.098275627423
"VISal","idiosyncratic",2,1.475,1.48,-0.0293120370182081,206.098275627423
"VISal","idiosyncratic",2,1.48,1.485,-0.0418720285674881,206.098275627423
"VISal","idiosyncratic",2,1.485,1.49,-0.00993412001455163,206.098275627423
"VISal","idiosyncratic",2,1.49,1.495,-0.0345325109372636,206.098275627423
"VISal","idiosyncratic",2,1.495,1.5,0.000912890633749164,206.098275627423
"VISal","idiosyncratic",2,1.5,1.505,0.000372137379508697,206.098275627423
"VISal","idiosyncratic",2,1.505,1.51,-0.00863129639180765,206.098275627423
"VISal","idiosyncratic",2,1.51,1.515,-0.0013885877372467,206.098275627423
"VISal","idiosyncratic",2,1.515,1.52,-0.00346403894766878,206.098275627423
"VISal","idiosyncratic",2,1.52,1.525,0.00964841347887624,206.098275627423
"VISal","idiosyncratic",2,1.525,1.53,0.00952418617753881,206.098275627423
"VISal","idiosyncratic",2,1.53,1.535,0.000489644732852901,206.098275627423
"VISal","idiosyncratic",2,1.535,1.54,-0.0159236101671299,206.098275627423
"VISal","idiosyncratic",2,1.54,1.545,-0.00934355821740707,206.098275627423
"VISal","idiosyncratic",2,1.545,1.55,-0.019063814989584,206.098275627423
"VISal","idiosyncratic",2,1.55,1.555,-0.00767873511283568,206.098275627423
"VISal","idiosyncratic",2,1.555,1.56,-0.00845922378429975,206.098275627423
"VISal","idiosyncratic",2,1.56,1.565,-0.0116857776594336,206.098275627423
"VISal","idiosyncratic",2,1.565,1.57,-0.0254111032739519,206.098275627423
"VISal","idiosyncratic",2,1.57,1.575,-0.0208916282590114,206.098275627423
"VISal","idiosyncratic",2,1.575,1.58,-0.00295300710755508,206.098275627423
"VISal","idiosyncratic",2,1.58,1.585,-0.00415562881465703,206.098275627423
"VISal","idiosyncratic",2,1.585,1.59,0.00502738243299272,206.098275627423
"VISal","idiosyncratic",2,1.59,1.595,-0.0254455400970202,206.098275627423
"VISal","idiosyncratic",2,1.595,1.6,-0.0145240959744887,206.098275627423
"VISal","idiosyncratic",2,1.6,1.605,-0.00271179214585471,206.098275627423
"VISal","idiosyncratic",2,1.605,1.61,-0.0316790448419911,206.098275627423
"VISal","idiosyncratic",2,1.61,1.615,-0.0329740311709105,206.098275627423
"VISal","idiosyncratic",2,1.615,1.62,-0.0225434188321676,206.098275627423
"VISal","idiosyncratic",2,1.62,1.625,-0.0131382389548534,206.098275627423
"VISal","idiosyncratic",2,1.625,1.63,0.0127218132752154,206.098275627423
"VISal","idiosyncratic",2,1.63,1.635,-0.0226586277971427,206.098275627423
"VISal","idiosyncratic",2,1.635,1.64,-0.00882921469911979,206.098275627423
"VISal","idiosyncratic",2,1.64,1.645,-0.0179282885936702,206.098275627423
"VISal","idiosyncratic",2,1.645,1.65,0.00178867982331954,206.098275627423
"VISal","idiosyncratic",2,1.65,1.655,0.0150062875427719,206.098275627423
"VISal","idiosyncratic",2,1.655,1.66,0.00222653540093665,206.098275627423
"VISal","idiosyncratic",2,1.66,1.665,-0.00897335118585407,206.098275627423
"VISal","idiosyncratic",2,1.665,1.67,0.00790921418696378,206.098275627423
"VISal","idiosyncratic",2,1.67,1.675,0.0133252411062063,206.098275627423
"VISal","idiosyncratic",2,1.675,1.68,0.0127329090010087,206.098275627423
"VISal","idiosyncratic",2,1.68,1.685,-0.0054751376094786,206.098275627423
"VISal","idiosyncratic",2,1.685,1.69,0.0151415641352828,206.098275627423
"VISal","idiosyncratic",2,1.69,1.695,-0.00365600220393936,206.098275627423
"VISal","idiosyncratic",2,1.695,1.7,0.00518956230324663,206.098275627423
"VISal","idiosyncratic",2,1.7,1.705,0.010996856468003,206.098275627423
"VISal","idiosyncratic",2,1.705,1.71,0.0255187067228947,206.098275627423
"VISal","idiosyncratic",2,1.71,1.715,0.00329315110118444,206.098275627423
"VISal","idiosyncratic",2,1.715,1.72,0.00362084395317985,206.098275627423
"VISal","idiosyncratic",2,1.72,1.725,0.0125728166660846,206.098275627423
"VISal","idiosyncratic",2,1.725,1.73,0.010019284068769,206.098275627423
"VISal","idiosyncratic",2,1.73,1.735,-0.00473651567026823,206.098275627423
"VISal","idiosyncratic",2,1.735,1.74,0.0245055255612715,206.098275627423
"VISal","idiosyncratic",2,1.74,1.745,-0.0214475502383435,206.098275627423
"VISal","idiosyncratic",2,1.745,1.75,-0.00391403296264659,206.098275627423
"VISal","idiosyncratic",2,1.75,1.755,0.00698611450035658,206.098275627423
"VISal","idiosyncratic",2,1.755,1.76,0.00825268226148601,206.098275627423
"VISal","idiosyncratic",2,1.76,1.765,-0.00483750854052356,206.098275627423
"VISal","idiosyncratic",2,1.765,1.77,-0.00387566618970037,206.098275627423
"VISal","idiosyncratic",2,1.77,1.775,0.00787232536790783,206.098275627423
"VISal","idiosyncratic",2,1.775,1.78,-0.00908326105486024,206.098275627423
"VISal","idiosyncratic",2,1.78,1.785,0.001176448139105,206.098275627423
"VISal","idiosyncratic",2,1.785,1.79,0.00700578633523585,206.098275627423
"VISal","idiosyncratic",2,1.79,1.795,0.000941147933567033,206.098275627423
"VISal","idiosyncratic",2,1.795,1.8,-0.0153292123140627,206.098275627423
"VISal","idiosyncratic",2,1.8,1.805,-0.0204029312894434,206.098275627423
"VISal","idiosyncratic",2,1.805,1.81,0.00531255522353979,206.098275627423
"VISal","idiosyncratic",2,1.81,1.815,-0.0105104047069713,206.098275627423
"VISal","idiosyncratic",2,1.815,1.82,-0.0136853839335229,206.098275627423
"VISal","idiosyncratic",2,1.82,1.825,-0.00221941369296597,206.098275627423
"VISal","idiosyncratic",2,1.825,1.83,-0.00113900339426842,206.098275627423
"VISal","idiosyncratic",2,1.83,1.835,-0.00868952987305172,206.098275627423
"VISal","idiosyncratic",2,1.835,1.84,-0.0179250582763624,206.098275627423
"VISal","idiosyncratic",2,1.84,1.845,0.00656212867781747,206.098275627423
"VISal","idiosyncratic",2,1.845,1.85,-0.0186791486246213,206.098275627423
"VISal","idiosyncratic",2,1.85,1.855,-0.00664737737158905,206.098275627423
"VISal","idiosyncratic",2,1.855,1.86,0.00601805156171575,206.098275627423
"VISal","idiosyncratic",2,1.86,1.865,0.00269876880855568,206.098275627423
"VISal","idiosyncratic",2,1.865,1.87,-0.00617592539139022,206.098275627423
"VISal","idiosyncratic",2,1.87,1.875,-0.00548088049135231,206.098275627423
"VISal","idiosyncratic",2,1.875,1.88,-0.00320573941498348,206.098275627423
"VISal","idiosyncratic",2,1.88,1.885,-0.012568748398658,206.098275627423
"VISal","idiosyncratic",2,1.885,1.89,-0.00504439436869053,206.098275627423
"VISal","idiosyncratic",2,1.89,1.895,-0.00208552438758858,206.098275627423
"VISal","idiosyncratic",2,1.895,1.9,0.00210385575919081,206.098275627423
"VISal","idiosyncratic",2,1.9,1.905,-0.000522125107497606,206.098275627423
"VISal","idiosyncratic",2,1.905,1.91,-0.00180827113500748,206.098275627423
"VISal","idiosyncratic",2,1.91,1.915,-0.0086670681594424,206.098275627423
"VISal","idiosyncratic",2,1.915,1.92,-0.00239751386490183,206.098275627423
"VISal","idiosyncratic",2,1.92,1.925,0.0167706787761023,206.098275627423
"VISal","idiosyncratic",2,1.925,1.93,0.00459175487061703,206.098275627423
"VISal","idiosyncratic",2,1.93,1.935,0.00142319031915561,206.098275627423
"VISal","idiosyncratic",2,1.935,1.94,0.00422378542853152,206.098275627423
"VISal","idiosyncratic",2,1.94,1.945,-0.0290848034181319,206.098275627423
"VISal","idiosyncratic",2,1.945,1.95,0.00264024718011246,206.098275627423
"VISal","idiosyncratic",2,1.95,1.955,0.00932080542471136,206.098275627423
"VISal","idiosyncratic",2,1.955,1.96,-0.0105019195493484,206.098275627423
"VISal","idiosyncratic",2,1.96,1.965,0.0129475999500533,206.098275627423
"VISal","idiosyncratic",2,1.965,1.97,0.00767824925695249,206.098275627423
"VISal","idiosyncratic",2,1.97,1.975,0.00180614075503271,206.098275627423
"VISal","idiosyncratic",2,1.975,1.98,-0.00715359218626987,206.098275627423
"VISal","idiosyncratic",2,1.98,1.985,0.013850854791111,206.098275627423
"VISal","idiosyncratic",2,1.985,1.99,-0.0197962340316646,206.098275627423
"VISal","idiosyncratic",2,1.99,1.995,0.0053460561177141,206.098275627423
"VISal","idiosyncratic",2,1.995,2,-0.00971520881137766,206.098275627423
"VISal","idiosyncratic",3,0,0.005,0.0117109405414499,38.1570926958214
"VISal","idiosyncratic",3,0.005,0.01,0.00849600626565269,38.1570926958214
"VISal","idiosyncratic",3,0.01,0.015,0.0179013271925134,38.1570926958214
"VISal","idiosyncratic",3,0.015,0.02,0.0467086065929003,38.1570926958214
"VISal","idiosyncratic",3,0.02,0.025,0.0269633017975848,38.1570926958214
"VISal","idiosyncratic",3,0.025,0.03,0.0694937225320995,38.1570926958214
"VISal","idiosyncratic",3,0.03,0.035,0.00877741751941463,38.1570926958214
"VISal","idiosyncratic",3,0.035,0.04,0.0304096542170872,38.1570926958214
"VISal","idiosyncratic",3,0.04,0.045,0.0156157327649305,38.1570926958214
"VISal","idiosyncratic",3,0.045,0.05,0.0611867316292337,38.1570926958214
"VISal","idiosyncratic",3,0.05,0.055,0.00831268232739013,38.1570926958214
"VISal","idiosyncratic",3,0.055,0.06,0.0529591037497003,38.1570926958214
"VISal","idiosyncratic",3,0.06,0.065,0.0271763784777598,38.1570926958214
"VISal","idiosyncratic",3,0.065,0.07,0.0321815556241795,38.1570926958214
"VISal","idiosyncratic",3,0.07,0.075,0.0561491046461067,38.1570926958214
"VISal","idiosyncratic",3,0.075,0.08,0.0145073180065388,38.1570926958214
"VISal","idiosyncratic",3,0.08,0.085,0.0345977473260705,38.1570926958214
"VISal","idiosyncratic",3,0.085,0.09,-0.0101919008519067,38.1570926958214
"VISal","idiosyncratic",3,0.09,0.095,0.039771572801048,38.1570926958214
"VISal","idiosyncratic",3,0.095,0.1,0.0596121051936905,38.1570926958214
"VISal","idiosyncratic",3,0.1,0.105,0.0263152817603408,38.1570926958214
"VISal","idiosyncratic",3,0.105,0.11,0.0394392467941146,38.1570926958214
"VISal","idiosyncratic",3,0.11,0.115,0.0745586251310282,38.1570926958214
"VISal","idiosyncratic",3,0.115,0.12,-0.032466948306071,38.1570926958214
"VISal","idiosyncratic",3,0.12,0.125,0.0512311121092222,38.1570926958214
"VISal","idiosyncratic",3,0.125,0.13,0.0411656262949225,38.1570926958214
"VISal","idiosyncratic",3,0.13,0.135,0.0715294125738788,38.1570926958214
"VISal","idiosyncratic",3,0.135,0.14,0.0250109173197017,38.1570926958214
"VISal","idiosyncratic",3,0.14,0.145,0.0842159163826092,38.1570926958214
"VISal","idiosyncratic",3,0.145,0.15,0.0653403639471928,38.1570926958214
"VISal","idiosyncratic",3,0.15,0.155,0.00819318842236827,38.1570926958214
"VISal","idiosyncratic",3,0.155,0.16,0.0573815730071325,38.1570926958214
"VISal","idiosyncratic",3,0.16,0.165,0.0676199761419194,38.1570926958214
"VISal","idiosyncratic",3,0.165,0.17,0.05732057773154,38.1570926958214
"VISal","idiosyncratic",3,0.17,0.175,0.018774527427952,38.1570926958214
"VISal","idiosyncratic",3,0.175,0.18,0.0570259572842584,38.1570926958214
"VISal","idiosyncratic",3,0.18,0.185,0.018383997206121,38.1570926958214
"VISal","idiosyncratic",3,0.185,0.19,0.0123217411620364,38.1570926958214
"VISal","idiosyncratic",3,0.19,0.195,0.0350848616667208,38.1570926958214
"VISal","idiosyncratic",3,0.195,0.2,0.0254941688619299,38.1570926958214
"VISal","idiosyncratic",3,0.2,0.205,0.0344490798950825,38.1570926958214
"VISal","idiosyncratic",3,0.205,0.21,0.0902620400673537,38.1570926958214
"VISal","idiosyncratic",3,0.21,0.215,0.0440551617723113,38.1570926958214
"VISal","idiosyncratic",3,0.215,0.22,0.0493965030823811,38.1570926958214
"VISal","idiosyncratic",3,0.22,0.225,0.0330454924431323,38.1570926958214
"VISal","idiosyncratic",3,0.225,0.23,0.0136562586919198,38.1570926958214
"VISal","idiosyncratic",3,0.23,0.235,-0.0102569006496047,38.1570926958214
"VISal","idiosyncratic",3,0.235,0.24,0.0195326666082583,38.1570926958214
"VISal","idiosyncratic",3,0.24,0.245,0.0180230461205959,38.1570926958214
"VISal","idiosyncratic",3,0.245,0.25,-0.0321645043698757,38.1570926958214
"VISal","idiosyncratic",3,0.25,0.255,-0.0537684924185802,38.1570926958214
"VISal","idiosyncratic",3,0.255,0.26,-0.0206573322361046,38.1570926958214
"VISal","idiosyncratic",3,0.26,0.265,-0.00546529120326733,38.1570926958214
"VISal","idiosyncratic",3,0.265,0.27,0.0307137093700669,38.1570926958214
"VISal","idiosyncratic",3,0.27,0.275,-0.0973737368253234,38.1570926958214
"VISal","idiosyncratic",3,0.275,0.28,-0.0918583287093369,38.1570926958214
"VISal","idiosyncratic",3,0.28,0.285,-0.113371400708682,38.1570926958214
"VISal","idiosyncratic",3,0.285,0.29,-0.0627875119257346,38.1570926958214
"VISal","idiosyncratic",3,0.29,0.295,0.0204093402098,38.1570926958214
"VISal","idiosyncratic",3,0.295,0.3,-0.0198232432078682,38.1570926958214
"VISal","idiosyncratic",3,0.3,0.305,0.0358948291922732,38.1570926958214
"VISal","idiosyncratic",3,0.305,0.31,0.0121244662533166,38.1570926958214
"VISal","idiosyncratic",3,0.31,0.315,-0.0464290868684556,38.1570926958214
"VISal","idiosyncratic",3,0.315,0.32,0.0158425539602296,38.1570926958214
"VISal","idiosyncratic",3,0.32,0.325,0.0106877443923883,38.1570926958214
"VISal","idiosyncratic",3,0.325,0.33,0.04071168604066,38.1570926958214
"VISal","idiosyncratic",3,0.33,0.335,-0.030303877525343,38.1570926958214
"VISal","idiosyncratic",3,0.335,0.34,-0.0297117722147091,38.1570926958214
"VISal","idiosyncratic",3,0.34,0.345,-0.0103677056283908,38.1570926958214
"VISal","idiosyncratic",3,0.345,0.35,-0.0502469797077749,38.1570926958214
"VISal","idiosyncratic",3,0.35,0.355,0.024171196672431,38.1570926958214
"VISal","idiosyncratic",3,0.355,0.36,-0.04529618822054,38.1570926958214
"VISal","idiosyncratic",3,0.36,0.365,0.00233270025509347,38.1570926958214
"VISal","idiosyncratic",3,0.365,0.37,0.00872615478883998,38.1570926958214
"VISal","idiosyncratic",3,0.37,0.375,-0.051222169162491,38.1570926958214
"VISal","idiosyncratic",3,0.375,0.38,-0.0299061227975135,38.1570926958214
"VISal","idiosyncratic",3,0.38,0.385,-0.0180172652118318,38.1570926958214
"VISal","idiosyncratic",3,0.385,0.39,-0.0326953478921561,38.1570926958214
"VISal","idiosyncratic",3,0.39,0.395,-0.00206216153011241,38.1570926958214
"VISal","idiosyncratic",3,0.395,0.4,-0.0916104386617217,38.1570926958214
"VISal","idiosyncratic",3,0.4,0.405,-0.0193451113837354,38.1570926958214
"VISal","idiosyncratic",3,0.405,0.41,0.0305420897367743,38.1570926958214
"VISal","idiosyncratic",3,0.41,0.415,-0.021702823736247,38.1570926958214
"VISal","idiosyncratic",3,0.415,0.42,-0.0479367869588311,38.1570926958214
"VISal","idiosyncratic",3,0.42,0.425,-0.0473283650705734,38.1570926958214
"VISal","idiosyncratic",3,0.425,0.43,-0.0421122182685446,38.1570926958214
"VISal","idiosyncratic",3,0.43,0.435,-0.0452597518414743,38.1570926958214
"VISal","idiosyncratic",3,0.435,0.44,-0.00125074961374927,38.1570926958214
"VISal","idiosyncratic",3,0.44,0.445,-0.0878707139456977,38.1570926958214
"VISal","idiosyncratic",3,0.445,0.45,-0.0987556336657907,38.1570926958214
"VISal","idiosyncratic",3,0.45,0.455,-0.0247387885468989,38.1570926958214
"VISal","idiosyncratic",3,0.455,0.46,-0.10427241397733,38.1570926958214
"VISal","idiosyncratic",3,0.46,0.465,-0.0332935973350472,38.1570926958214
"VISal","idiosyncratic",3,0.465,0.47,0.00448157247929121,38.1570926958214
"VISal","idiosyncratic",3,0.47,0.475,-0.0965409203549974,38.1570926958214
"VISal","idiosyncratic",3,0.475,0.48,-0.0502917025045368,38.1570926958214
"VISal","idiosyncratic",3,0.48,0.485,-0.0676921381023615,38.1570926958214
"VISal","idiosyncratic",3,0.485,0.49,-0.0121207162807856,38.1570926958214
"VISal","idiosyncratic",3,0.49,0.495,0.00416945729425375,38.1570926958214
"VISal","idiosyncratic",3,0.495,0.5,0.0314728221557609,38.1570926958214
"VISal","idiosyncratic",3,0.5,0.505,0.00696388947036372,38.1570926958214
"VISal","idiosyncratic",3,0.505,0.51,-0.0356164642350198,38.1570926958214
"VISal","idiosyncratic",3,0.51,0.515,-0.00758280641256801,38.1570926958214
"VISal","idiosyncratic",3,0.515,0.52,-0.0460905118787562,38.1570926958214
"VISal","idiosyncratic",3,0.52,0.525,-0.0309851156771859,38.1570926958214
"VISal","idiosyncratic",3,0.525,0.53,-0.0739516572766887,38.1570926958214
"VISal","idiosyncratic",3,0.53,0.535,0.00106470471279631,38.1570926958214
"VISal","idiosyncratic",3,0.535,0.54,-0.0320259620089032,38.1570926958214
"VISal","idiosyncratic",3,0.54,0.545,-0.0499018310536102,38.1570926958214
"VISal","idiosyncratic",3,0.545,0.55,-0.0387929427075588,38.1570926958214
"VISal","idiosyncratic",3,0.55,0.555,-0.0256286083912833,38.1570926958214
"VISal","idiosyncratic",3,0.555,0.56,-0.0724979197387446,38.1570926958214
"VISal","idiosyncratic",3,0.56,0.565,-0.0211552173165308,38.1570926958214
"VISal","idiosyncratic",3,0.565,0.57,0.0213198512361717,38.1570926958214
"VISal","idiosyncratic",3,0.57,0.575,-0.0127710157518949,38.1570926958214
"VISal","idiosyncratic",3,0.575,0.58,2.0530411315195e-05,38.1570926958214
"VISal","idiosyncratic",3,0.58,0.585,-0.0412224572574304,38.1570926958214
"VISal","idiosyncratic",3,0.585,0.59,-0.029485914755803,38.1570926958214
"VISal","idiosyncratic",3,0.59,0.595,-0.00809381377053589,38.1570926958214
"VISal","idiosyncratic",3,0.595,0.6,0.00889317386676627,38.1570926958214
"VISal","idiosyncratic",3,0.6,0.605,-0.0168658500994033,38.1570926958214
"VISal","idiosyncratic",3,0.605,0.61,-0.0795110922559566,38.1570926958214
"VISal","idiosyncratic",3,0.61,0.615,0.016373631181466,38.1570926958214
"VISal","idiosyncratic",3,0.615,0.62,-0.0103938851496103,38.1570926958214
"VISal","idiosyncratic",3,0.62,0.625,-0.0451450031869333,38.1570926958214
"VISal","idiosyncratic",3,0.625,0.63,0.0122686189074174,38.1570926958214
"VISal","idiosyncratic",3,0.63,0.635,-0.0346616439989726,38.1570926958214
"VISal","idiosyncratic",3,0.635,0.64,-0.03655912821855,38.1570926958214
"VISal","idiosyncratic",3,0.64,0.645,0.0124892266672396,38.1570926958214
"VISal","idiosyncratic",3,0.645,0.65,-0.0246465664010639,38.1570926958214
"VISal","idiosyncratic",3,0.65,0.655,-0.0890030686711312,38.1570926958214
"VISal","idiosyncratic",3,0.655,0.66,0.0306670486209804,38.1570926958214
"VISal","idiosyncratic",3,0.66,0.665,-0.00208337374890211,38.1570926958214
"VISal","idiosyncratic",3,0.665,0.67,-0.0215826629272798,38.1570926958214
"VISal","idiosyncratic",3,0.67,0.675,-0.0419695673879569,38.1570926958214
"VISal","idiosyncratic",3,0.675,0.68,-0.0504387761188231,38.1570926958214
"VISal","idiosyncratic",3,0.68,0.685,0.00102095279008019,38.1570926958214
"VISal","idiosyncratic",3,0.685,0.69,-0.0906211664564932,38.1570926958214
"VISal","idiosyncratic",3,0.69,0.695,0.014601289695329,38.1570926958214
"VISal","idiosyncratic",3,0.695,0.7,0.0127369922478401,38.1570926958214
"VISal","idiosyncratic",3,0.7,0.705,0.0195865693185432,38.1570926958214
"VISal","idiosyncratic",3,0.705,0.71,0.00160023764358375,38.1570926958214
"VISal","idiosyncratic",3,0.71,0.715,0.0387712626294077,38.1570926958214
"VISal","idiosyncratic",3,0.715,0.72,0.0420462905807953,38.1570926958214
"VISal","idiosyncratic",3,0.72,0.725,0.0374543655639316,38.1570926958214
"VISal","idiosyncratic",3,0.725,0.73,0.0400341667262242,38.1570926958214
"VISal","idiosyncratic",3,0.73,0.735,-0.013071040750599,38.1570926958214
"VISal","idiosyncratic",3,0.735,0.74,-0.00598357996659149,38.1570926958214
"VISal","idiosyncratic",3,0.74,0.745,-0.00239806577574875,38.1570926958214
"VISal","idiosyncratic",3,0.745,0.75,0.0195311445295407,38.1570926958214
"VISal","idiosyncratic",3,0.75,0.755,-0.127521002176716,38.1570926958214
"VISal","idiosyncratic",3,0.755,0.76,0.00706193383878428,38.1570926958214
"VISal","idiosyncratic",3,0.76,0.765,0.00807895942595072,38.1570926958214
"VISal","idiosyncratic",3,0.765,0.77,0.00048814429694688,38.1570926958214
"VISal","idiosyncratic",3,0.77,0.775,-0.0518268744480422,38.1570926958214
"VISal","idiosyncratic",3,0.775,0.78,0.000368975322064591,38.1570926958214
"VISal","idiosyncratic",3,0.78,0.785,0.00718267184222332,38.1570926958214
"VISal","idiosyncratic",3,0.785,0.79,-0.0305310298102379,38.1570926958214
"VISal","idiosyncratic",3,0.79,0.795,-0.0200683820901447,38.1570926958214
"VISal","idiosyncratic",3,0.795,0.8,0.0565574960036173,38.1570926958214
"VISal","idiosyncratic",3,0.8,0.805,-0.0260349502190291,38.1570926958214
"VISal","idiosyncratic",3,0.805,0.81,-0.0599783962136359,38.1570926958214
"VISal","idiosyncratic",3,0.81,0.815,0.027332345409679,38.1570926958214
"VISal","idiosyncratic",3,0.815,0.82,-0.0490796675807057,38.1570926958214
"VISal","idiosyncratic",3,0.82,0.825,-0.0726325335329582,38.1570926958214
"VISal","idiosyncratic",3,0.825,0.83,0.015323671300961,38.1570926958214
"VISal","idiosyncratic",3,0.83,0.835,0.0115419330092311,38.1570926958214
"VISal","idiosyncratic",3,0.835,0.84,-0.0509724498488965,38.1570926958214
"VISal","idiosyncratic",3,0.84,0.845,1.85964293717422e-05,38.1570926958214
"VISal","idiosyncratic",3,0.845,0.85,-0.00841449457037435,38.1570926958214
"VISal","idiosyncratic",3,0.85,0.855,-0.013250340343349,38.1570926958214
"VISal","idiosyncratic",3,0.855,0.86,0.030869182243854,38.1570926958214
"VISal","idiosyncratic",3,0.86,0.865,0.0169737555909096,38.1570926958214
"VISal","idiosyncratic",3,0.865,0.87,0.021314685764662,38.1570926958214
"VISal","idiosyncratic",3,0.87,0.875,-0.0219844731997644,38.1570926958214
"VISal","idiosyncratic",3,0.875,0.88,0.0248593070856156,38.1570926958214
"VISal","idiosyncratic",3,0.88,0.885,0.00460124273928297,38.1570926958214
"VISal","idiosyncratic",3,0.885,0.89,0.010021400081766,38.1570926958214
"VISal","idiosyncratic",3,0.89,0.895,0.0201985698628118,38.1570926958214
"VISal","idiosyncratic",3,0.895,0.9,0.0353940747208503,38.1570926958214
"VISal","idiosyncratic",3,0.9,0.905,0.00737807091940701,38.1570926958214
"VISal","idiosyncratic",3,0.905,0.91,0.0510484511688177,38.1570926958214
"VISal","idiosyncratic",3,0.91,0.915,0.0196848984015408,38.1570926958214
"VISal","idiosyncratic",3,0.915,0.92,0.0146599008957216,38.1570926958214
"VISal","idiosyncratic",3,0.92,0.925,0.0345455423304674,38.1570926958214
"VISal","idiosyncratic",3,0.925,0.93,0.0285856918932131,38.1570926958214
"VISal","idiosyncratic",3,0.93,0.935,0.0406462968077252,38.1570926958214
"VISal","idiosyncratic",3,0.935,0.94,0.017482871263936,38.1570926958214
"VISal","idiosyncratic",3,0.94,0.945,-0.0281680263394086,38.1570926958214
"VISal","idiosyncratic",3,0.945,0.95,0.0135667763169858,38.1570926958214
"VISal","idiosyncratic",3,0.95,0.955,0.0432655257174878,38.1570926958214
"VISal","idiosyncratic",3,0.955,0.96,-0.0518448917184255,38.1570926958214
"VISal","idiosyncratic",3,0.96,0.965,0.0245034101870624,38.1570926958214
"VISal","idiosyncratic",3,0.965,0.97,0.0163630553328574,38.1570926958214
"VISal","idiosyncratic",3,0.97,0.975,-0.00548846598212449,38.1570926958214
"VISal","idiosyncratic",3,0.975,0.98,-0.0161831027526321,38.1570926958214
"VISal","idiosyncratic",3,0.98,0.985,-0.0217060580933014,38.1570926958214
"VISal","idiosyncratic",3,0.985,0.99,0.0149051118708211,38.1570926958214
"VISal","idiosyncratic",3,0.99,0.995,0.0283142535227366,38.1570926958214
"VISal","idiosyncratic",3,0.995,1,-0.0477516666786135,38.1570926958214
"VISal","idiosyncratic",3,1,1.005,0.0100423216419467,38.1570926958214
"VISal","idiosyncratic",3,1.005,1.01,-0.00633908823214224,38.1570926958214
"VISal","idiosyncratic",3,1.01,1.015,0.00385565766351992,38.1570926958214
"VISal","idiosyncratic",3,1.015,1.02,0.0105154291697209,38.1570926958214
"VISal","idiosyncratic",3,1.02,1.025,0.0442616909866984,38.1570926958214
"VISal","idiosyncratic",3,1.025,1.03,-0.015501093225267,38.1570926958214
"VISal","idiosyncratic",3,1.03,1.035,0.0152464190178609,38.1570926958214
"VISal","idiosyncratic",3,1.035,1.04,-0.0534812778885232,38.1570926958214
"VISal","idiosyncratic",3,1.04,1.045,0.0130707094762605,38.1570926958214
"VISal","idiosyncratic",3,1.045,1.05,0.0157691108778767,38.1570926958214
"VISal","idiosyncratic",3,1.05,1.055,-0.0575362888404491,38.1570926958214
"VISal","idiosyncratic",3,1.055,1.06,0.0841055179348795,38.1570926958214
"VISal","idiosyncratic",3,1.06,1.065,-0.010428163154333,38.1570926958214
"VISal","idiosyncratic",3,1.065,1.07,-0.0289158513301598,38.1570926958214
"VISal","idiosyncratic",3,1.07,1.075,-0.000651724469718507,38.1570926958214
"VISal","idiosyncratic",3,1.075,1.08,0.0592800094409217,38.1570926958214
"VISal","idiosyncratic",3,1.08,1.085,-0.0541419531493701,38.1570926958214
"VISal","idiosyncratic",3,1.085,1.09,-0.0326689022434939,38.1570926958214
"VISal","idiosyncratic",3,1.09,1.095,0.018483320284867,38.1570926958214
"VISal","idiosyncratic",3,1.095,1.1,-0.0416398866678062,38.1570926958214
"VISal","idiosyncratic",3,1.1,1.105,0.0222737136426284,38.1570926958214
"VISal","idiosyncratic",3,1.105,1.11,-0.0235478231967697,38.1570926958214
"VISal","idiosyncratic",3,1.11,1.115,-0.038633903178995,38.1570926958214
"VISal","idiosyncratic",3,1.115,1.12,0.0159402441063662,38.1570926958214
"VISal","idiosyncratic",3,1.12,1.125,-0.0348028750375707,38.1570926958214
"VISal","idiosyncratic",3,1.125,1.13,0.00600691145025467,38.1570926958214
"VISal","idiosyncratic",3,1.13,1.135,0.0103708911195343,38.1570926958214
"VISal","idiosyncratic",3,1.135,1.14,-0.0300329565532763,38.1570926958214
"VISal","idiosyncratic",3,1.14,1.145,0.0340562587472458,38.1570926958214
"VISal","idiosyncratic",3,1.145,1.15,0.02794501528914,38.1570926958214
"VISal","idiosyncratic",3,1.15,1.155,-0.0293737792114989,38.1570926958214
"VISal","idiosyncratic",3,1.155,1.16,-0.0219442665147573,38.1570926958214
"VISal","idiosyncratic",3,1.16,1.165,0.0112310398282846,38.1570926958214
"VISal","idiosyncratic",3,1.165,1.17,-0.054257518801321,38.1570926958214
"VISal","idiosyncratic",3,1.17,1.175,-0.00640994083994573,38.1570926958214
"VISal","idiosyncratic",3,1.175,1.18,0.0383009572343159,38.1570926958214
"VISal","idiosyncratic",3,1.18,1.185,0.0310828317006835,38.1570926958214
"VISal","idiosyncratic",3,1.185,1.19,-0.0202786766782086,38.1570926958214
"VISal","idiosyncratic",3,1.19,1.195,-0.030971537387643,38.1570926958214
"VISal","idiosyncratic",3,1.195,1.2,-0.0058928764765539,38.1570926958214
"VISal","idiosyncratic",3,1.2,1.205,0.0542324581383262,38.1570926958214
"VISal","idiosyncratic",3,1.205,1.21,0.0455689595488665,38.1570926958214
"VISal","idiosyncratic",3,1.21,1.215,0.0568746607857415,38.1570926958214
"VISal","idiosyncratic",3,1.215,1.22,-0.0206119135543414,38.1570926958214
"VISal","idiosyncratic",3,1.22,1.225,-0.00233322742806086,38.1570926958214
"VISal","idiosyncratic",3,1.225,1.23,0.0357438677806715,38.1570926958214
"VISal","idiosyncratic",3,1.23,1.235,0.0554769467696141,38.1570926958214
"VISal","idiosyncratic",3,1.235,1.24,0.0248959603828313,38.1570926958214
"VISal","idiosyncratic",3,1.24,1.245,0.0726095540653069,38.1570926958214
"VISal","idiosyncratic",3,1.245,1.25,0.0308210780594315,38.1570926958214
"VISal","idiosyncratic",3,1.25,1.255,0.0050954650029309,38.1570926958214
"VISal","idiosyncratic",3,1.255,1.26,-0.0222400562232286,38.1570926958214
"VISal","idiosyncratic",3,1.26,1.265,-0.00522599645348731,38.1570926958214
"VISal","idiosyncratic",3,1.265,1.27,-0.00250577360922422,38.1570926958214
"VISal","idiosyncratic",3,1.27,1.275,0.0335229158439777,38.1570926958214
"VISal","idiosyncratic",3,1.275,1.28,0.0738025866709835,38.1570926958214
"VISal","idiosyncratic",3,1.28,1.285,0.0527470420842328,38.1570926958214
"VISal","idiosyncratic",3,1.285,1.29,0.0239480323874552,38.1570926958214
"VISal","idiosyncratic",3,1.29,1.295,-0.0146585761740287,38.1570926958214
"VISal","idiosyncratic",3,1.295,1.3,0.00209427913674876,38.1570926958214
"VISal","idiosyncratic",3,1.3,1.305,-0.0182775289003792,38.1570926958214
"VISal","idiosyncratic",3,1.305,1.31,-0.010096472969521,38.1570926958214
"VISal","idiosyncratic",3,1.31,1.315,0.00747173743002891,38.1570926958214
"VISal","idiosyncratic",3,1.315,1.32,-0.0171339718468465,38.1570926958214
"VISal","idiosyncratic",3,1.32,1.325,-0.0614002893640187,38.1570926958214
"VISal","idiosyncratic",3,1.325,1.33,-0.0794443959553323,38.1570926958214
"VISal","idiosyncratic",3,1.33,1.335,-0.0287164208132783,38.1570926958214
"VISal","idiosyncratic",3,1.335,1.34,0.00751488320845167,38.1570926958214
"VISal","idiosyncratic",3,1.34,1.345,0.0112048887734518,38.1570926958214
"VISal","idiosyncratic",3,1.345,1.35,-0.0147276213274563,38.1570926958214
"VISal","idiosyncratic",3,1.35,1.355,-0.0261524139786553,38.1570926958214
"VISal","idiosyncratic",3,1.355,1.36,0.0548541620872511,38.1570926958214
"VISal","idiosyncratic",3,1.36,1.365,-0.025344121665168,38.1570926958214
"VISal","idiosyncratic",3,1.365,1.37,0.0166594654169929,38.1570926958214
"VISal","idiosyncratic",3,1.37,1.375,0.0371190733196817,38.1570926958214
"VISal","idiosyncratic",3,1.375,1.38,0.0434015764228139,38.1570926958214
"VISal","idiosyncratic",3,1.38,1.385,0.0186738192467064,38.1570926958214
"VISal","idiosyncratic",3,1.385,1.39,-0.0291805929760772,38.1570926958214
"VISal","idiosyncratic",3,1.39,1.395,0.0349977432989768,38.1570926958214
"VISal","idiosyncratic",3,1.395,1.4,-0.0102374314597951,38.1570926958214
"VISal","idiosyncratic",3,1.4,1.405,-0.0380119735040043,38.1570926958214
"VISal","idiosyncratic",3,1.405,1.41,0.048892908344055,38.1570926958214
"VISal","idiosyncratic",3,1.41,1.415,0.0104261345309869,38.1570926958214
"VISal","idiosyncratic",3,1.415,1.42,-0.0606499777336826,38.1570926958214
"VISal","idiosyncratic",3,1.42,1.425,-0.0498012344166706,38.1570926958214
"VISal","idiosyncratic",3,1.425,1.43,0.0254385612416206,38.1570926958214
"VISal","idiosyncratic",3,1.43,1.435,0.0317117569384089,38.1570926958214
"VISal","idiosyncratic",3,1.435,1.44,-0.0491388445088993,38.1570926958214
"VISal","idiosyncratic",3,1.44,1.445,0.0351225853020311,38.1570926958214
"VISal","idiosyncratic",3,1.445,1.45,0.0305612486939036,38.1570926958214
"VISal","idiosyncratic",3,1.45,1.455,-0.0331100679990742,38.1570926958214
"VISal","idiosyncratic",3,1.455,1.46,-0.0412471734419694,38.1570926958214
"VISal","idiosyncratic",3,1.46,1.465,0.0470803317978929,38.1570926958214
"VISal","idiosyncratic",3,1.465,1.47,-0.0104114905521641,38.1570926958214
"VISal","idiosyncratic",3,1.47,1.475,0.0196047124559609,38.1570926958214
"VISal","idiosyncratic",3,1.475,1.48,0.0132729128486753,38.1570926958214
"VISal","idiosyncratic",3,1.48,1.485,0.0165060100709311,38.1570926958214
"VISal","idiosyncratic",3,1.485,1.49,0.0222894601662083,38.1570926958214
"VISal","idiosyncratic",3,1.49,1.495,0.0643566401579128,38.1570926958214
"VISal","idiosyncratic",3,1.495,1.5,-0.00120948066024215,38.1570926958214
"VISal","idiosyncratic",3,1.5,1.505,-0.0220712865207247,38.1570926958214
"VISal","idiosyncratic",3,1.505,1.51,0.0501291911098829,38.1570926958214
"VISal","idiosyncratic",3,1.51,1.515,0.0417530275396423,38.1570926958214
"VISal","idiosyncratic",3,1.515,1.52,0.000761623134647935,38.1570926958214
"VISal","idiosyncratic",3,1.52,1.525,-0.0137325908895614,38.1570926958214
"VISal","idiosyncratic",3,1.525,1.53,0.0503083366776978,38.1570926958214
"VISal","idiosyncratic",3,1.53,1.535,0.0185959821674829,38.1570926958214
"VISal","idiosyncratic",3,1.535,1.54,-0.0048483635735644,38.1570926958214
"VISal","idiosyncratic",3,1.54,1.545,0.0108002609272978,38.1570926958214
"VISal","idiosyncratic",3,1.545,1.55,0.0165168632845812,38.1570926958214
"VISal","idiosyncratic",3,1.55,1.555,0.0350585846359739,38.1570926958214
"VISal","idiosyncratic",3,1.555,1.56,0.0659558470200432,38.1570926958214
"VISal","idiosyncratic",3,1.56,1.565,0.0173236690659188,38.1570926958214
"VISal","idiosyncratic",3,1.565,1.57,0.0402359962235643,38.1570926958214
"VISal","idiosyncratic",3,1.57,1.575,0.0244576392840336,38.1570926958214
"VISal","idiosyncratic",3,1.575,1.58,0.0182467947473475,38.1570926958214
"VISal","idiosyncratic",3,1.58,1.585,0.0198619162468715,38.1570926958214
"VISal","idiosyncratic",3,1.585,1.59,-0.0630930276298532,38.1570926958214
"VISal","idiosyncratic",3,1.59,1.595,0.0483509077913349,38.1570926958214
"VISal","idiosyncratic",3,1.595,1.6,0.0284357512151028,38.1570926958214
"VISal","idiosyncratic",3,1.6,1.605,-0.000937293380674081,38.1570926958214
"VISal","idiosyncratic",3,1.605,1.61,0.0324279452977215,38.1570926958214
"VISal","idiosyncratic",3,1.61,1.615,0.0484922528248064,38.1570926958214
"VISal","idiosyncratic",3,1.615,1.62,0.0107858097783334,38.1570926958214
"VISal","idiosyncratic",3,1.62,1.625,0.013264803849311,38.1570926958214
"VISal","idiosyncratic",3,1.625,1.63,0.00380198057390152,38.1570926958214
"VISal","idiosyncratic",3,1.63,1.635,-0.02333987457445,38.1570926958214
"VISal","idiosyncratic",3,1.635,1.64,0.0245954324074014,38.1570926958214
"VISal","idiosyncratic",3,1.64,1.645,0.00945529208561596,38.1570926958214
"VISal","idiosyncratic",3,1.645,1.65,-0.0175859490656454,38.1570926958214
"VISal","idiosyncratic",3,1.65,1.655,0.00139965013275056,38.1570926958214
"VISal","idiosyncratic",3,1.655,1.66,0.0321616815931465,38.1570926958214
"VISal","idiosyncratic",3,1.66,1.665,0.00238979081562479,38.1570926958214
"VISal","idiosyncratic",3,1.665,1.67,-0.00773263103848792,38.1570926958214
"VISal","idiosyncratic",3,1.67,1.675,-0.0566969702104768,38.1570926958214
"VISal","idiosyncratic",3,1.675,1.68,0.00124642733997243,38.1570926958214
"VISal","idiosyncratic",3,1.68,1.685,0.00685939360486792,38.1570926958214
"VISal","idiosyncratic",3,1.685,1.69,0.0130139767931357,38.1570926958214
"VISal","idiosyncratic",3,1.69,1.695,0.00122295704725928,38.1570926958214
"VISal","idiosyncratic",3,1.695,1.7,-0.028271703783541,38.1570926958214
"VISal","idiosyncratic",3,1.7,1.705,-0.00840137197135962,38.1570926958214
"VISal","idiosyncratic",3,1.705,1.71,0.0582531765691664,38.1570926958214
"VISal","idiosyncratic",3,1.71,1.715,0.0139701136238213,38.1570926958214
"VISal","idiosyncratic",3,1.715,1.72,0.0195385158167257,38.1570926958214
"VISal","idiosyncratic",3,1.72,1.725,-0.00302841770817791,38.1570926958214
"VISal","idiosyncratic",3,1.725,1.73,-0.0356679341663562,38.1570926958214
"VISal","idiosyncratic",3,1.73,1.735,0.0258226167914357,38.1570926958214
"VISal","idiosyncratic",3,1.735,1.74,-0.00611372605200367,38.1570926958214
"VISal","idiosyncratic",3,1.74,1.745,0.0731403025861743,38.1570926958214
"VISal","idiosyncratic",3,1.745,1.75,0.0233019526439374,38.1570926958214
"VISal","idiosyncratic",3,1.75,1.755,0.0139627127331934,38.1570926958214
"VISal","idiosyncratic",3,1.755,1.76,0.0377337826736712,38.1570926958214
"VISal","idiosyncratic",3,1.76,1.765,0.0224566538325642,38.1570926958214
"VISal","idiosyncratic",3,1.765,1.77,-0.0153500036307422,38.1570926958214
"VISal","idiosyncratic",3,1.77,1.775,0.0375620341131765,38.1570926958214
"VISal","idiosyncratic",3,1.775,1.78,0.00445164051423275,38.1570926958214
"VISal","idiosyncratic",3,1.78,1.785,-0.0141926687937708,38.1570926958214
"VISal","idiosyncratic",3,1.785,1.79,-0.00217106968970238,38.1570926958214
"VISal","idiosyncratic",3,1.79,1.795,0.0136254905004448,38.1570926958214
"VISal","idiosyncratic",3,1.795,1.8,0.0213467588168933,38.1570926958214
"VISal","idiosyncratic",3,1.8,1.805,0.0151513456707936,38.1570926958214
"VISal","idiosyncratic",3,1.805,1.81,-0.0498431586303706,38.1570926958214
"VISal","idiosyncratic",3,1.81,1.815,0.0303583432251581,38.1570926958214
"VISal","idiosyncratic",3,1.815,1.82,0.0392900354338679,38.1570926958214
"VISal","idiosyncratic",3,1.82,1.825,-0.00435596670608762,38.1570926958214
"VISal","idiosyncratic",3,1.825,1.83,-0.0174315287073534,38.1570926958214
"VISal","idiosyncratic",3,1.83,1.835,0.0219825998770765,38.1570926958214
"VISal","idiosyncratic",3,1.835,1.84,0.00619922190840994,38.1570926958214
"VISal","idiosyncratic",3,1.84,1.845,0.0348788035181816,38.1570926958214
"VISal","idiosyncratic",3,1.845,1.85,0.0436679437308506,38.1570926958214
"VISal","idiosyncratic",3,1.85,1.855,0.0401203494719856,38.1570926958214
"VISal","idiosyncratic",3,1.855,1.86,0.0153319092034743,38.1570926958214
"VISal","idiosyncratic",3,1.86,1.865,0.0135263884077539,38.1570926958214
"VISal","idiosyncratic",3,1.865,1.87,0.0385936063835111,38.1570926958214
"VISal","idiosyncratic",3,1.87,1.875,0.0193904678175788,38.1570926958214
"VISal","idiosyncratic",3,1.875,1.88,0.00023889766163121,38.1570926958214
"VISal","idiosyncratic",3,1.88,1.885,0.00988331438228651,38.1570926958214
"VISal","idiosyncratic",3,1.885,1.89,0.0410627554603418,38.1570926958214
"VISal","idiosyncratic",3,1.89,1.895,-0.0140613569806296,38.1570926958214
"VISal","idiosyncratic",3,1.895,1.9,-0.00233065158594514,38.1570926958214
"VISal","idiosyncratic",3,1.9,1.905,0.0148076469912845,38.1570926958214
"VISal","idiosyncratic",3,1.905,1.91,0.0308358322730997,38.1570926958214
"VISal","idiosyncratic",3,1.91,1.915,0.0637892541027302,38.1570926958214
"VISal","idiosyncratic",3,1.915,1.92,0.0395789254634672,38.1570926958214
"VISal","idiosyncratic",3,1.92,1.925,0.0110218185276018,38.1570926958214
"VISal","idiosyncratic",3,1.925,1.93,0.0347067575712465,38.1570926958214
"VISal","idiosyncratic",3,1.93,1.935,-0.00835963960332786,38.1570926958214
"VISal","idiosyncratic",3,1.935,1.94,0.0323996856682425,38.1570926958214
"VISal","idiosyncratic",3,1.94,1.945,-0.00638706367919428,38.1570926958214
"VISal","idiosyncratic",3,1.945,1.95,-0.0245407820712829,38.1570926958214
"VISal","idiosyncratic",3,1.95,1.955,0.0430159806389601,38.1570926958214
"VISal","idiosyncratic",3,1.955,1.96,-0.0154715995549481,38.1570926958214
"VISal","idiosyncratic",3,1.96,1.965,-0.0155131390296379,38.1570926958214
"VISal","idiosyncratic",3,1.965,1.97,-0.00178198147571118,38.1570926958214
"VISal","idiosyncratic",3,1.97,1.975,0.05884674264983,38.1570926958214
"VISal","idiosyncratic",3,1.975,1.98,-0.0382808141547446,38.1570926958214
"VISal","idiosyncratic",3,1.98,1.985,0.00903034394985913,38.1570926958214
"VISal","idiosyncratic",3,1.985,1.99,-0.0077724986564065,38.1570926958214
"VISal","idiosyncratic",3,1.99,1.995,-0.013417022765116,38.1570926958214
"VISal","idiosyncratic",3,1.995,2,0.0148422604379645,38.1570926958214
"VISam","idiosyncratic",1,0,0.005,-0.00254968001841796,4213.92236993884
"VISam","idiosyncratic",1,0.005,0.01,0.00318157044323908,4213.92236993884
"VISam","idiosyncratic",1,0.01,0.015,0.000214976969851937,4213.92236993884
"VISam","idiosyncratic",1,0.015,0.02,0.00642138014900411,4213.92236993884
"VISam","idiosyncratic",1,0.02,0.025,-0.00329334105145962,4213.92236993884
"VISam","idiosyncratic",1,0.025,0.03,0.000852877012194591,4213.92236993884
"VISam","idiosyncratic",1,0.03,0.035,0.00302214046829103,4213.92236993884
"VISam","idiosyncratic",1,0.035,0.04,-0.000796831794681387,4213.92236993884
"VISam","idiosyncratic",1,0.04,0.045,0.00873900095025237,4213.92236993884
"VISam","idiosyncratic",1,0.045,0.05,0.00708961190729233,4213.92236993884
"VISam","idiosyncratic",1,0.05,0.055,-0.00289134604237484,4213.92236993884
"VISam","idiosyncratic",1,0.055,0.06,-0.000366245961601706,4213.92236993884
"VISam","idiosyncratic",1,0.06,0.065,0.000914892400030343,4213.92236993884
"VISam","idiosyncratic",1,0.065,0.07,-0.00131391568301888,4213.92236993884
"VISam","idiosyncratic",1,0.07,0.075,-0.0075034529910496,4213.92236993884
"VISam","idiosyncratic",1,0.075,0.08,0.0022405256816509,4213.92236993884
"VISam","idiosyncratic",1,0.08,0.085,0.00172964627285989,4213.92236993884
"VISam","idiosyncratic",1,0.085,0.09,-0.00815028608783427,4213.92236993884
"VISam","idiosyncratic",1,0.09,0.095,-0.000682198685526559,4213.92236993884
"VISam","idiosyncratic",1,0.095,0.1,0.00146596362312245,4213.92236993884
"VISam","idiosyncratic",1,0.1,0.105,0.00753654303487606,4213.92236993884
"VISam","idiosyncratic",1,0.105,0.11,-0.00353232745329966,4213.92236993884
"VISam","idiosyncratic",1,0.11,0.115,0.00280046217131157,4213.92236993884
"VISam","idiosyncratic",1,0.115,0.12,0.00116688905691766,4213.92236993884
"VISam","idiosyncratic",1,0.12,0.125,2.68459751869184e-05,4213.92236993884
"VISam","idiosyncratic",1,0.125,0.13,0.00087084656970398,4213.92236993884
"VISam","idiosyncratic",1,0.13,0.135,0.00522008781391991,4213.92236993884
"VISam","idiosyncratic",1,0.135,0.14,0.00186313041681754,4213.92236993884
"VISam","idiosyncratic",1,0.14,0.145,-0.00337877098316383,4213.92236993884
"VISam","idiosyncratic",1,0.145,0.15,-0.00365709601866582,4213.92236993884
"VISam","idiosyncratic",1,0.15,0.155,0.0055759926182892,4213.92236993884
"VISam","idiosyncratic",1,0.155,0.16,-0.0010679821964629,4213.92236993884
"VISam","idiosyncratic",1,0.16,0.165,0.000244384939971674,4213.92236993884
"VISam","idiosyncratic",1,0.165,0.17,0.00865632688735982,4213.92236993884
"VISam","idiosyncratic",1,0.17,0.175,0.00460865653723158,4213.92236993884
"VISam","idiosyncratic",1,0.175,0.18,0.00302491523555908,4213.92236993884
"VISam","idiosyncratic",1,0.18,0.185,0.00202782003184088,4213.92236993884
"VISam","idiosyncratic",1,0.185,0.19,-0.0020679583003108,4213.92236993884
"VISam","idiosyncratic",1,0.19,0.195,-0.000722632027201651,4213.92236993884
"VISam","idiosyncratic",1,0.195,0.2,0.00272342058321725,4213.92236993884
"VISam","idiosyncratic",1,0.2,0.205,-0.00293676580599882,4213.92236993884
"VISam","idiosyncratic",1,0.205,0.21,-0.00191489415767616,4213.92236993884
"VISam","idiosyncratic",1,0.21,0.215,0.00567766869891911,4213.92236993884
"VISam","idiosyncratic",1,0.215,0.22,-0.00553789559760449,4213.92236993884
"VISam","idiosyncratic",1,0.22,0.225,-0.00267610644720544,4213.92236993884
"VISam","idiosyncratic",1,0.225,0.23,-0.00405779828338107,4213.92236993884
"VISam","idiosyncratic",1,0.23,0.235,-0.00331652647151132,4213.92236993884
"VISam","idiosyncratic",1,0.235,0.24,0.00527950190924518,4213.92236993884
"VISam","idiosyncratic",1,0.24,0.245,-0.0017019830723783,4213.92236993884
"VISam","idiosyncratic",1,0.245,0.25,0.00156040901183481,4213.92236993884
"VISam","idiosyncratic",1,0.25,0.255,-0.000286633735205481,4213.92236993884
"VISam","idiosyncratic",1,0.255,0.26,0.00836213062066973,4213.92236993884
"VISam","idiosyncratic",1,0.26,0.265,0.00763832780787993,4213.92236993884
"VISam","idiosyncratic",1,0.265,0.27,-0.00197782470910197,4213.92236993884
"VISam","idiosyncratic",1,0.27,0.275,0.00632435078240026,4213.92236993884
"VISam","idiosyncratic",1,0.275,0.28,-0.00631908767218347,4213.92236993884
"VISam","idiosyncratic",1,0.28,0.285,-0.000784264923462397,4213.92236993884
"VISam","idiosyncratic",1,0.285,0.29,0.00703864158721445,4213.92236993884
"VISam","idiosyncratic",1,0.29,0.295,0.0068191110861867,4213.92236993884
"VISam","idiosyncratic",1,0.295,0.3,0.00736548743854071,4213.92236993884
"VISam","idiosyncratic",1,0.3,0.305,0.00723094493863582,4213.92236993884
"VISam","idiosyncratic",1,0.305,0.31,0.00775579142842323,4213.92236993884
"VISam","idiosyncratic",1,0.31,0.315,0.00561305894932751,4213.92236993884
"VISam","idiosyncratic",1,0.315,0.32,0.00644404071055663,4213.92236993884
"VISam","idiosyncratic",1,0.32,0.325,7.92805478607717e-05,4213.92236993884
"VISam","idiosyncratic",1,0.325,0.33,0.00799565639732358,4213.92236993884
"VISam","idiosyncratic",1,0.33,0.335,0.00225081160315847,4213.92236993884
"VISam","idiosyncratic",1,0.335,0.34,0.00748996233630346,4213.92236993884
"VISam","idiosyncratic",1,0.34,0.345,0.00620210783327732,4213.92236993884
"VISam","idiosyncratic",1,0.345,0.35,0.00900547297749014,4213.92236993884
"VISam","idiosyncratic",1,0.35,0.355,0.00809485925775183,4213.92236993884
"VISam","idiosyncratic",1,0.355,0.36,0.00707902661235194,4213.92236993884
"VISam","idiosyncratic",1,0.36,0.365,0.00341222808461036,4213.92236993884
"VISam","idiosyncratic",1,0.365,0.37,0.00937857099678654,4213.92236993884
"VISam","idiosyncratic",1,0.37,0.375,0.00458603715441219,4213.92236993884
"VISam","idiosyncratic",1,0.375,0.38,0.0112195615995324,4213.92236993884
"VISam","idiosyncratic",1,0.38,0.385,0.00612647773686792,4213.92236993884
"VISam","idiosyncratic",1,0.385,0.39,0.00925841741893049,4213.92236993884
"VISam","idiosyncratic",1,0.39,0.395,0.00279988107691093,4213.92236993884
"VISam","idiosyncratic",1,0.395,0.4,0.0108698313524762,4213.92236993884
"VISam","idiosyncratic",1,0.4,0.405,0.00606411754685326,4213.92236993884
"VISam","idiosyncratic",1,0.405,0.41,0.00505311199388359,4213.92236993884
"VISam","idiosyncratic",1,0.41,0.415,-0.000387067743989084,4213.92236993884
"VISam","idiosyncratic",1,0.415,0.42,0.00761604884649694,4213.92236993884
"VISam","idiosyncratic",1,0.42,0.425,0.00742592505407758,4213.92236993884
"VISam","idiosyncratic",1,0.425,0.43,0.00736535960401488,4213.92236993884
"VISam","idiosyncratic",1,0.43,0.435,-0.00263075775145172,4213.92236993884
"VISam","idiosyncratic",1,0.435,0.44,0.00566180790031545,4213.92236993884
"VISam","idiosyncratic",1,0.44,0.445,0.00649803654620146,4213.92236993884
"VISam","idiosyncratic",1,0.445,0.45,0.00404593827123992,4213.92236993884
"VISam","idiosyncratic",1,0.45,0.455,0.00603328606210582,4213.92236993884
"VISam","idiosyncratic",1,0.455,0.46,0.0117842434603722,4213.92236993884
"VISam","idiosyncratic",1,0.46,0.465,0.00468361093712477,4213.92236993884
"VISam","idiosyncratic",1,0.465,0.47,0.00949095853311555,4213.92236993884
"VISam","idiosyncratic",1,0.47,0.475,0.00683722227665662,4213.92236993884
"VISam","idiosyncratic",1,0.475,0.48,0.00653478025193521,4213.92236993884
"VISam","idiosyncratic",1,0.48,0.485,0.00702700307899656,4213.92236993884
"VISam","idiosyncratic",1,0.485,0.49,0.00426639361742404,4213.92236993884
"VISam","idiosyncratic",1,0.49,0.495,0.012955613828941,4213.92236993884
"VISam","idiosyncratic",1,0.495,0.5,0.00211835459943155,4213.92236993884
"VISam","idiosyncratic",1,0.5,0.505,0.000922242618989433,4213.92236993884
"VISam","idiosyncratic",1,0.505,0.51,0.0113926041460686,4213.92236993884
"VISam","idiosyncratic",1,0.51,0.515,0.00999494838213744,4213.92236993884
"VISam","idiosyncratic",1,0.515,0.52,0.00739277069322875,4213.92236993884
"VISam","idiosyncratic",1,0.52,0.525,0.00651240350775545,4213.92236993884
"VISam","idiosyncratic",1,0.525,0.53,0.00888606911085427,4213.92236993884
"VISam","idiosyncratic",1,0.53,0.535,0.00775377186623705,4213.92236993884
"VISam","idiosyncratic",1,0.535,0.54,0.00110622735908772,4213.92236993884
"VISam","idiosyncratic",1,0.54,0.545,0.00508322425930635,4213.92236993884
"VISam","idiosyncratic",1,0.545,0.55,0.00575952268180513,4213.92236993884
"VISam","idiosyncratic",1,0.55,0.555,0.000845805514077369,4213.92236993884
"VISam","idiosyncratic",1,0.555,0.56,-0.000685461758982042,4213.92236993884
"VISam","idiosyncratic",1,0.56,0.565,0.00272882461362906,4213.92236993884
"VISam","idiosyncratic",1,0.565,0.57,0.00387821405386141,4213.92236993884
"VISam","idiosyncratic",1,0.57,0.575,-0.00204772087365257,4213.92236993884
"VISam","idiosyncratic",1,0.575,0.58,0.00192109348602271,4213.92236993884
"VISam","idiosyncratic",1,0.58,0.585,0.00419452265523396,4213.92236993884
"VISam","idiosyncratic",1,0.585,0.59,0.0044076023951225,4213.92236993884
"VISam","idiosyncratic",1,0.59,0.595,0.0050512644067548,4213.92236993884
"VISam","idiosyncratic",1,0.595,0.6,0.0023775307225582,4213.92236993884
"VISam","idiosyncratic",1,0.6,0.605,0.00406503796737473,4213.92236993884
"VISam","idiosyncratic",1,0.605,0.61,0.00187613242264983,4213.92236993884
"VISam","idiosyncratic",1,0.61,0.615,0.00950503045106876,4213.92236993884
"VISam","idiosyncratic",1,0.615,0.62,0.00614255065452518,4213.92236993884
"VISam","idiosyncratic",1,0.62,0.625,0.00193220280958223,4213.92236993884
"VISam","idiosyncratic",1,0.625,0.63,0.00220334232866037,4213.92236993884
"VISam","idiosyncratic",1,0.63,0.635,0.00523900181938414,4213.92236993884
"VISam","idiosyncratic",1,0.635,0.64,0.00266864852643395,4213.92236993884
"VISam","idiosyncratic",1,0.64,0.645,0.00471976589948048,4213.92236993884
"VISam","idiosyncratic",1,0.645,0.65,0.0108543287088321,4213.92236993884
"VISam","idiosyncratic",1,0.65,0.655,0.00690923695865225,4213.92236993884
"VISam","idiosyncratic",1,0.655,0.66,0.00416598701902915,4213.92236993884
"VISam","idiosyncratic",1,0.66,0.665,0.00134248137960524,4213.92236993884
"VISam","idiosyncratic",1,0.665,0.67,0.00729283572883088,4213.92236993884
"VISam","idiosyncratic",1,0.67,0.675,0.00665311794679657,4213.92236993884
"VISam","idiosyncratic",1,0.675,0.68,0.00834950183320349,4213.92236993884
"VISam","idiosyncratic",1,0.68,0.685,0.0143980417632228,4213.92236993884
"VISam","idiosyncratic",1,0.685,0.69,0.00734027215732502,4213.92236993884
"VISam","idiosyncratic",1,0.69,0.695,0.00830860593234595,4213.92236993884
"VISam","idiosyncratic",1,0.695,0.7,0.00661729462642535,4213.92236993884
"VISam","idiosyncratic",1,0.7,0.705,0.00739638935308673,4213.92236993884
"VISam","idiosyncratic",1,0.705,0.71,0.00511454544882572,4213.92236993884
"VISam","idiosyncratic",1,0.71,0.715,-0.00214096581983714,4213.92236993884
"VISam","idiosyncratic",1,0.715,0.72,0.00276955975876569,4213.92236993884
"VISam","idiosyncratic",1,0.72,0.725,-0.00120949485593536,4213.92236993884
"VISam","idiosyncratic",1,0.725,0.73,0.00651189394485874,4213.92236993884
"VISam","idiosyncratic",1,0.73,0.735,0.00109562990079859,4213.92236993884
"VISam","idiosyncratic",1,0.735,0.74,-0.00150454073601414,4213.92236993884
"VISam","idiosyncratic",1,0.74,0.745,0.00557896619970155,4213.92236993884
"VISam","idiosyncratic",1,0.745,0.75,0.00467429124899954,4213.92236993884
"VISam","idiosyncratic",1,0.75,0.755,0.0029763927052201,4213.92236993884
"VISam","idiosyncratic",1,0.755,0.76,0.00931742916607836,4213.92236993884
"VISam","idiosyncratic",1,0.76,0.765,0.0022399318898878,4213.92236993884
"VISam","idiosyncratic",1,0.765,0.77,0.00357296041566502,4213.92236993884
"VISam","idiosyncratic",1,0.77,0.775,0.00420864936513166,4213.92236993884
"VISam","idiosyncratic",1,0.775,0.78,-0.00316415904829515,4213.92236993884
"VISam","idiosyncratic",1,0.78,0.785,0.00124832005678166,4213.92236993884
"VISam","idiosyncratic",1,0.785,0.79,0.00249622925035264,4213.92236993884
"VISam","idiosyncratic",1,0.79,0.795,-0.0066034105217504,4213.92236993884
"VISam","idiosyncratic",1,0.795,0.8,0.00703191965957495,4213.92236993884
"VISam","idiosyncratic",1,0.8,0.805,0.00222427621510213,4213.92236993884
"VISam","idiosyncratic",1,0.805,0.81,0.00626676970891593,4213.92236993884
"VISam","idiosyncratic",1,0.81,0.815,0.00893399497531955,4213.92236993884
"VISam","idiosyncratic",1,0.815,0.82,0.00422856169568187,4213.92236993884
"VISam","idiosyncratic",1,0.82,0.825,0.00557227868397692,4213.92236993884
"VISam","idiosyncratic",1,0.825,0.83,0.00186143907232872,4213.92236993884
"VISam","idiosyncratic",1,0.83,0.835,-0.0033498379402076,4213.92236993884
"VISam","idiosyncratic",1,0.835,0.84,0.00478514334780233,4213.92236993884
"VISam","idiosyncratic",1,0.84,0.845,0.00152034761013597,4213.92236993884
"VISam","idiosyncratic",1,0.845,0.85,0.000178648667805037,4213.92236993884
"VISam","idiosyncratic",1,0.85,0.855,-0.00166515232019171,4213.92236993884
"VISam","idiosyncratic",1,0.855,0.86,-0.00174052586541462,4213.92236993884
"VISam","idiosyncratic",1,0.86,0.865,-0.000960104735135414,4213.92236993884
"VISam","idiosyncratic",1,0.865,0.87,0.00516306212119899,4213.92236993884
"VISam","idiosyncratic",1,0.87,0.875,0.00340082354995064,4213.92236993884
"VISam","idiosyncratic",1,0.875,0.88,-0.000741212045045958,4213.92236993884
"VISam","idiosyncratic",1,0.88,0.885,0.00184645642496262,4213.92236993884
"VISam","idiosyncratic",1,0.885,0.89,-0.000412950624301356,4213.92236993884
"VISam","idiosyncratic",1,0.89,0.895,0.00284726052814344,4213.92236993884
"VISam","idiosyncratic",1,0.895,0.9,-0.00158849537741002,4213.92236993884
"VISam","idiosyncratic",1,0.9,0.905,0.00350179356147173,4213.92236993884
"VISam","idiosyncratic",1,0.905,0.91,-0.000892145495729579,4213.92236993884
"VISam","idiosyncratic",1,0.91,0.915,0.00497793769519339,4213.92236993884
"VISam","idiosyncratic",1,0.915,0.92,0.000466990258936706,4213.92236993884
"VISam","idiosyncratic",1,0.92,0.925,0.00245384341719901,4213.92236993884
"VISam","idiosyncratic",1,0.925,0.93,0.00559116922222902,4213.92236993884
"VISam","idiosyncratic",1,0.93,0.935,-0.00150851215099679,4213.92236993884
"VISam","idiosyncratic",1,0.935,0.94,0.00446568027871252,4213.92236993884
"VISam","idiosyncratic",1,0.94,0.945,0.000766515935798351,4213.92236993884
"VISam","idiosyncratic",1,0.945,0.95,0.00333760371600744,4213.92236993884
"VISam","idiosyncratic",1,0.95,0.955,0.00434039745585102,4213.92236993884
"VISam","idiosyncratic",1,0.955,0.96,0.00221861309755012,4213.92236993884
"VISam","idiosyncratic",1,0.96,0.965,0.00447366610492239,4213.92236993884
"VISam","idiosyncratic",1,0.965,0.97,0.00130235918362764,4213.92236993884
"VISam","idiosyncratic",1,0.97,0.975,0.000514141053983841,4213.92236993884
"VISam","idiosyncratic",1,0.975,0.98,0.00728313988930296,4213.92236993884
"VISam","idiosyncratic",1,0.98,0.985,0.00402934069253169,4213.92236993884
"VISam","idiosyncratic",1,0.985,0.99,0.00720113367543629,4213.92236993884
"VISam","idiosyncratic",1,0.99,0.995,0.00748079315859851,4213.92236993884
"VISam","idiosyncratic",1,0.995,1,0.00201945816925475,4213.92236993884
"VISam","idiosyncratic",1,1,1.005,0.000211402052656129,4213.92236993884
"VISam","idiosyncratic",1,1.005,1.01,0.00322851932490098,4213.92236993884
"VISam","idiosyncratic",1,1.01,1.015,0.0054116867195183,4213.92236993884
"VISam","idiosyncratic",1,1.015,1.02,-0.00294723015213549,4213.92236993884
"VISam","idiosyncratic",1,1.02,1.025,0.00206858147508326,4213.92236993884
"VISam","idiosyncratic",1,1.025,1.03,-0.000623050727088015,4213.92236993884
"VISam","idiosyncratic",1,1.03,1.035,0.00360046453076368,4213.92236993884
"VISam","idiosyncratic",1,1.035,1.04,0.00610302730152912,4213.92236993884
"VISam","idiosyncratic",1,1.04,1.045,0.0038749619970373,4213.92236993884
"VISam","idiosyncratic",1,1.045,1.05,0.00521276500541756,4213.92236993884
"VISam","idiosyncratic",1,1.05,1.055,0.00966540747277544,4213.92236993884
"VISam","idiosyncratic",1,1.055,1.06,-0.00196257253639065,4213.92236993884
"VISam","idiosyncratic",1,1.06,1.065,0.00167621957397179,4213.92236993884
"VISam","idiosyncratic",1,1.065,1.07,0.000103060852178927,4213.92236993884
"VISam","idiosyncratic",1,1.07,1.075,0.00614019252319187,4213.92236993884
"VISam","idiosyncratic",1,1.075,1.08,0.00526003794257912,4213.92236993884
"VISam","idiosyncratic",1,1.08,1.085,0.0018107365994301,4213.92236993884
"VISam","idiosyncratic",1,1.085,1.09,0.00716770075134499,4213.92236993884
"VISam","idiosyncratic",1,1.09,1.095,0.00550399479191277,4213.92236993884
"VISam","idiosyncratic",1,1.095,1.1,0.002317680606298,4213.92236993884
"VISam","idiosyncratic",1,1.1,1.105,-0.000738963289486749,4213.92236993884
"VISam","idiosyncratic",1,1.105,1.11,0.000733256903272639,4213.92236993884
"VISam","idiosyncratic",1,1.11,1.115,0.00551701414762917,4213.92236993884
"VISam","idiosyncratic",1,1.115,1.12,0.000211473004784635,4213.92236993884
"VISam","idiosyncratic",1,1.12,1.125,0.00210073100814212,4213.92236993884
"VISam","idiosyncratic",1,1.125,1.13,0.00439776596010721,4213.92236993884
"VISam","idiosyncratic",1,1.13,1.135,-0.000550942343404803,4213.92236993884
"VISam","idiosyncratic",1,1.135,1.14,0.00780628235774894,4213.92236993884
"VISam","idiosyncratic",1,1.14,1.145,0.00530886521069351,4213.92236993884
"VISam","idiosyncratic",1,1.145,1.15,0.000496763742356632,4213.92236993884
"VISam","idiosyncratic",1,1.15,1.155,0.00607358654952106,4213.92236993884
"VISam","idiosyncratic",1,1.155,1.16,0.00576100230217114,4213.92236993884
"VISam","idiosyncratic",1,1.16,1.165,0.00135057330645472,4213.92236993884
"VISam","idiosyncratic",1,1.165,1.17,0.00512161548777201,4213.92236993884
"VISam","idiosyncratic",1,1.17,1.175,0.00103408479478972,4213.92236993884
"VISam","idiosyncratic",1,1.175,1.18,0.00101433308966703,4213.92236993884
"VISam","idiosyncratic",1,1.18,1.185,0.00224807624120316,4213.92236993884
"VISam","idiosyncratic",1,1.185,1.19,0.00364132104221038,4213.92236993884
"VISam","idiosyncratic",1,1.19,1.195,-0.000883208930986257,4213.92236993884
"VISam","idiosyncratic",1,1.195,1.2,-7.30123601005994e-05,4213.92236993884
"VISam","idiosyncratic",1,1.2,1.205,-0.00141160154358222,4213.92236993884
"VISam","idiosyncratic",1,1.205,1.21,0.00393169992709186,4213.92236993884
"VISam","idiosyncratic",1,1.21,1.215,0.00161731945839227,4213.92236993884
"VISam","idiosyncratic",1,1.215,1.22,0.00863841109609653,4213.92236993884
"VISam","idiosyncratic",1,1.22,1.225,-5.6610013169367e-06,4213.92236993884
"VISam","idiosyncratic",1,1.225,1.23,0.00617083377628236,4213.92236993884
"VISam","idiosyncratic",1,1.23,1.235,0.00310822871690197,4213.92236993884
"VISam","idiosyncratic",1,1.235,1.24,-0.0010358800274739,4213.92236993884
"VISam","idiosyncratic",1,1.24,1.245,0.00176565776552684,4213.92236993884
"VISam","idiosyncratic",1,1.245,1.25,-0.00289693394599644,4213.92236993884
"VISam","idiosyncratic",1,1.25,1.255,0.0028076156047101,4213.92236993884
"VISam","idiosyncratic",1,1.255,1.26,0.00589583289325246,4213.92236993884
"VISam","idiosyncratic",1,1.26,1.265,0.00393316327720195,4213.92236993884
"VISam","idiosyncratic",1,1.265,1.27,0.000640506162736032,4213.92236993884
"VISam","idiosyncratic",1,1.27,1.275,-0.000823938058282625,4213.92236993884
"VISam","idiosyncratic",1,1.275,1.28,-0.00118357054549767,4213.92236993884
"VISam","idiosyncratic",1,1.28,1.285,0.00182090000459667,4213.92236993884
"VISam","idiosyncratic",1,1.285,1.29,-0.00420002776188255,4213.92236993884
"VISam","idiosyncratic",1,1.29,1.295,0.00241084248695711,4213.92236993884
"VISam","idiosyncratic",1,1.295,1.3,0.000447985265499717,4213.92236993884
"VISam","idiosyncratic",1,1.3,1.305,-0.00369159690189202,4213.92236993884
"VISam","idiosyncratic",1,1.305,1.31,0.00442858195106999,4213.92236993884
"VISam","idiosyncratic",1,1.31,1.315,0.000371905527557614,4213.92236993884
"VISam","idiosyncratic",1,1.315,1.32,0.00320788651064952,4213.92236993884
"VISam","idiosyncratic",1,1.32,1.325,1.46139539919377e-05,4213.92236993884
"VISam","idiosyncratic",1,1.325,1.33,0.000672550774457714,4213.92236993884
"VISam","idiosyncratic",1,1.33,1.335,0.0012585964971874,4213.92236993884
"VISam","idiosyncratic",1,1.335,1.34,-0.00121661594243105,4213.92236993884
"VISam","idiosyncratic",1,1.34,1.345,-0.00207602774260773,4213.92236993884
"VISam","idiosyncratic",1,1.345,1.35,0.00304468723461415,4213.92236993884
"VISam","idiosyncratic",1,1.35,1.355,0.0079969176118645,4213.92236993884
"VISam","idiosyncratic",1,1.355,1.36,0.00467022309524023,4213.92236993884
"VISam","idiosyncratic",1,1.36,1.365,0.00697587877060601,4213.92236993884
"VISam","idiosyncratic",1,1.365,1.37,0.00211131515636886,4213.92236993884
"VISam","idiosyncratic",1,1.37,1.375,0.00703268469792839,4213.92236993884
"VISam","idiosyncratic",1,1.375,1.38,0.00294814290764034,4213.92236993884
"VISam","idiosyncratic",1,1.38,1.385,0.00260153300465538,4213.92236993884
"VISam","idiosyncratic",1,1.385,1.39,0.00530776670114641,4213.92236993884
"VISam","idiosyncratic",1,1.39,1.395,0.00447642324350261,4213.92236993884
"VISam","idiosyncratic",1,1.395,1.4,0.00162575572743962,4213.92236993884
"VISam","idiosyncratic",1,1.4,1.405,0.00455929853639769,4213.92236993884
"VISam","idiosyncratic",1,1.405,1.41,-0.000803988764357277,4213.92236993884
"VISam","idiosyncratic",1,1.41,1.415,0.00716687017386042,4213.92236993884
"VISam","idiosyncratic",1,1.415,1.42,0.00536094536956822,4213.92236993884
"VISam","idiosyncratic",1,1.42,1.425,0.00974474313033746,4213.92236993884
"VISam","idiosyncratic",1,1.425,1.43,0.00329763963998164,4213.92236993884
"VISam","idiosyncratic",1,1.43,1.435,0.00125713069543387,4213.92236993884
"VISam","idiosyncratic",1,1.435,1.44,0.00259496598866349,4213.92236993884
"VISam","idiosyncratic",1,1.44,1.445,-0.000320876828215799,4213.92236993884
"VISam","idiosyncratic",1,1.445,1.45,0.00612471954393889,4213.92236993884
"VISam","idiosyncratic",1,1.45,1.455,-0.0053101888040793,4213.92236993884
"VISam","idiosyncratic",1,1.455,1.46,0.0039906181334135,4213.92236993884
"VISam","idiosyncratic",1,1.46,1.465,0.00697229975888258,4213.92236993884
"VISam","idiosyncratic",1,1.465,1.47,-0.00175853901375367,4213.92236993884
"VISam","idiosyncratic",1,1.47,1.475,0.00240249518355984,4213.92236993884
"VISam","idiosyncratic",1,1.475,1.48,0.0050468616124183,4213.92236993884
"VISam","idiosyncratic",1,1.48,1.485,0.00930276294671861,4213.92236993884
"VISam","idiosyncratic",1,1.485,1.49,0.000348362002403513,4213.92236993884
"VISam","idiosyncratic",1,1.49,1.495,-0.00279383011851742,4213.92236993884
"VISam","idiosyncratic",1,1.495,1.5,0.00281716246344754,4213.92236993884
"VISam","idiosyncratic",1,1.5,1.505,0.00342559660859398,4213.92236993884
"VISam","idiosyncratic",1,1.505,1.51,0.00621178963375901,4213.92236993884
"VISam","idiosyncratic",1,1.51,1.515,0.00647655645138612,4213.92236993884
"VISam","idiosyncratic",1,1.515,1.52,-0.00556379727380363,4213.92236993884
"VISam","idiosyncratic",1,1.52,1.525,-0.000557090821200257,4213.92236993884
"VISam","idiosyncratic",1,1.525,1.53,0.0040267428916495,4213.92236993884
"VISam","idiosyncratic",1,1.53,1.535,0.00413447511933218,4213.92236993884
"VISam","idiosyncratic",1,1.535,1.54,0.00174449800444287,4213.92236993884
"VISam","idiosyncratic",1,1.54,1.545,0.00407730057493361,4213.92236993884
"VISam","idiosyncratic",1,1.545,1.55,0.000817089898961787,4213.92236993884
"VISam","idiosyncratic",1,1.55,1.555,0.000535517625680937,4213.92236993884
"VISam","idiosyncratic",1,1.555,1.56,0.000134875111285626,4213.92236993884
"VISam","idiosyncratic",1,1.56,1.565,0.00376799761788349,4213.92236993884
"VISam","idiosyncratic",1,1.565,1.57,0.00392489833853382,4213.92236993884
"VISam","idiosyncratic",1,1.57,1.575,0.00129400875179753,4213.92236993884
"VISam","idiosyncratic",1,1.575,1.58,-0.00373781254278049,4213.92236993884
"VISam","idiosyncratic",1,1.58,1.585,0.00230433631968219,4213.92236993884
"VISam","idiosyncratic",1,1.585,1.59,0.0115438712796897,4213.92236993884
"VISam","idiosyncratic",1,1.59,1.595,0.000449890402765663,4213.92236993884
"VISam","idiosyncratic",1,1.595,1.6,0.00286351568193488,4213.92236993884
"VISam","idiosyncratic",1,1.6,1.605,0.000411008448256589,4213.92236993884
"VISam","idiosyncratic",1,1.605,1.61,-0.000334718107927623,4213.92236993884
"VISam","idiosyncratic",1,1.61,1.615,9.865047821489e-05,4213.92236993884
"VISam","idiosyncratic",1,1.615,1.62,0.000638783981163571,4213.92236993884
"VISam","idiosyncratic",1,1.62,1.625,0.00100175925444679,4213.92236993884
"VISam","idiosyncratic",1,1.625,1.63,0.00181344985127307,4213.92236993884
"VISam","idiosyncratic",1,1.63,1.635,-0.00357597215252459,4213.92236993884
"VISam","idiosyncratic",1,1.635,1.64,0.00294161926822345,4213.92236993884
"VISam","idiosyncratic",1,1.64,1.645,0.00219565548494294,4213.92236993884
"VISam","idiosyncratic",1,1.645,1.65,-0.00204901420394621,4213.92236993884
"VISam","idiosyncratic",1,1.65,1.655,0.00699838013369092,4213.92236993884
"VISam","idiosyncratic",1,1.655,1.66,-0.000416040982265997,4213.92236993884
"VISam","idiosyncratic",1,1.66,1.665,0.00576967394989492,4213.92236993884
"VISam","idiosyncratic",1,1.665,1.67,-0.00463435128462186,4213.92236993884
"VISam","idiosyncratic",1,1.67,1.675,0.00232901885466885,4213.92236993884
"VISam","idiosyncratic",1,1.675,1.68,0.00419843947989573,4213.92236993884
"VISam","idiosyncratic",1,1.68,1.685,0.00664929928703395,4213.92236993884
"VISam","idiosyncratic",1,1.685,1.69,-0.00315195098050225,4213.92236993884
"VISam","idiosyncratic",1,1.69,1.695,0.00899616487433885,4213.92236993884
"VISam","idiosyncratic",1,1.695,1.7,0.00241015503860265,4213.92236993884
"VISam","idiosyncratic",1,1.7,1.705,0.00159601254503428,4213.92236993884
"VISam","idiosyncratic",1,1.705,1.71,-0.00263033799097512,4213.92236993884
"VISam","idiosyncratic",1,1.71,1.715,0.0026539820011362,4213.92236993884
"VISam","idiosyncratic",1,1.715,1.72,0.00592413739447983,4213.92236993884
"VISam","idiosyncratic",1,1.72,1.725,0.00760883462772566,4213.92236993884
"VISam","idiosyncratic",1,1.725,1.73,0.00401438876208204,4213.92236993884
"VISam","idiosyncratic",1,1.73,1.735,-0.00198211908127055,4213.92236993884
"VISam","idiosyncratic",1,1.735,1.74,0.0029983517201857,4213.92236993884
"VISam","idiosyncratic",1,1.74,1.745,0.00182272550226825,4213.92236993884
"VISam","idiosyncratic",1,1.745,1.75,-0.00118253922988654,4213.92236993884
"VISam","idiosyncratic",1,1.75,1.755,0.00542788975174013,4213.92236993884
"VISam","idiosyncratic",1,1.755,1.76,0.00286967130080273,4213.92236993884
"VISam","idiosyncratic",1,1.76,1.765,-0.00312204162113483,4213.92236993884
"VISam","idiosyncratic",1,1.765,1.77,-0.00311895858186984,4213.92236993884
"VISam","idiosyncratic",1,1.77,1.775,-0.00354729561110312,4213.92236993884
"VISam","idiosyncratic",1,1.775,1.78,0.000231332815212149,4213.92236993884
"VISam","idiosyncratic",1,1.78,1.785,0.00262492089926325,4213.92236993884
"VISam","idiosyncratic",1,1.785,1.79,0.00369580975452521,4213.92236993884
"VISam","idiosyncratic",1,1.79,1.795,0.00147363072244788,4213.92236993884
"VISam","idiosyncratic",1,1.795,1.8,0.00497254803122771,4213.92236993884
"VISam","idiosyncratic",1,1.8,1.805,0.00367194203452081,4213.92236993884
"VISam","idiosyncratic",1,1.805,1.81,-0.00122410414469498,4213.92236993884
"VISam","idiosyncratic",1,1.81,1.815,-0.0032010831693976,4213.92236993884
"VISam","idiosyncratic",1,1.815,1.82,-0.00252126271478703,4213.92236993884
"VISam","idiosyncratic",1,1.82,1.825,0.00100146836739068,4213.92236993884
"VISam","idiosyncratic",1,1.825,1.83,-0.00195932810940391,4213.92236993884
"VISam","idiosyncratic",1,1.83,1.835,-0.00170591238838669,4213.92236993884
"VISam","idiosyncratic",1,1.835,1.84,-0.000813803990703077,4213.92236993884
"VISam","idiosyncratic",1,1.84,1.845,0.0042291621487911,4213.92236993884
"VISam","idiosyncratic",1,1.845,1.85,0.00191258860006349,4213.92236993884
"VISam","idiosyncratic",1,1.85,1.855,-0.00209902568224529,4213.92236993884
"VISam","idiosyncratic",1,1.855,1.86,0.00272851752935943,4213.92236993884
"VISam","idiosyncratic",1,1.86,1.865,-0.00608333933521754,4213.92236993884
"VISam","idiosyncratic",1,1.865,1.87,0.00262435699180275,4213.92236993884
"VISam","idiosyncratic",1,1.87,1.875,-0.00272416634043671,4213.92236993884
"VISam","idiosyncratic",1,1.875,1.88,0.00277663233286862,4213.92236993884
"VISam","idiosyncratic",1,1.88,1.885,-0.00207764306401592,4213.92236993884
"VISam","idiosyncratic",1,1.885,1.89,0.00245591662227329,4213.92236993884
"VISam","idiosyncratic",1,1.89,1.895,-0.00215674728289228,4213.92236993884
"VISam","idiosyncratic",1,1.895,1.9,0.00469932392603645,4213.92236993884
"VISam","idiosyncratic",1,1.9,1.905,-0.00416205801542713,4213.92236993884
"VISam","idiosyncratic",1,1.905,1.91,0.00618628501693874,4213.92236993884
"VISam","idiosyncratic",1,1.91,1.915,0.00108531313601135,4213.92236993884
"VISam","idiosyncratic",1,1.915,1.92,0.00342543718020782,4213.92236993884
"VISam","idiosyncratic",1,1.92,1.925,-0.00202546141958226,4213.92236993884
"VISam","idiosyncratic",1,1.925,1.93,0.00633179418115692,4213.92236993884
"VISam","idiosyncratic",1,1.93,1.935,0.00270929217503313,4213.92236993884
"VISam","idiosyncratic",1,1.935,1.94,0.00151301353134659,4213.92236993884
"VISam","idiosyncratic",1,1.94,1.945,-0.00206763433423185,4213.92236993884
"VISam","idiosyncratic",1,1.945,1.95,0.00304956216997931,4213.92236993884
"VISam","idiosyncratic",1,1.95,1.955,-0.000987652663521743,4213.92236993884
"VISam","idiosyncratic",1,1.955,1.96,0.00218778195764413,4213.92236993884
"VISam","idiosyncratic",1,1.96,1.965,-0.00192310939505469,4213.92236993884
"VISam","idiosyncratic",1,1.965,1.97,0.00577783761164907,4213.92236993884
"VISam","idiosyncratic",1,1.97,1.975,0.00333326684008939,4213.92236993884
"VISam","idiosyncratic",1,1.975,1.98,-0.00417836664286075,4213.92236993884
"VISam","idiosyncratic",1,1.98,1.985,0.00404128258970982,4213.92236993884
"VISam","idiosyncratic",1,1.985,1.99,0.00497575228469938,4213.92236993884
"VISam","idiosyncratic",1,1.99,1.995,-0.00640854177328642,4213.92236993884
"VISam","idiosyncratic",1,1.995,2,-0.000501269656912884,4213.92236993884
"VISam","idiosyncratic",2,0,0.005,0.0127752670692291,509.267177260946
"VISam","idiosyncratic",2,0.005,0.01,0.00512905522029752,509.267177260946
"VISam","idiosyncratic",2,0.01,0.015,-0.000378082519938962,509.267177260946
"VISam","idiosyncratic",2,0.015,0.02,0.00751071935995059,509.267177260946
"VISam","idiosyncratic",2,0.02,0.025,0.00476730914590295,509.267177260946
"VISam","idiosyncratic",2,0.025,0.03,0.000125503978490531,509.267177260946
"VISam","idiosyncratic",2,0.03,0.035,0.0122950974591237,509.267177260946
"VISam","idiosyncratic",2,0.035,0.04,-2.41952406656171e-05,509.267177260946
"VISam","idiosyncratic",2,0.04,0.045,0.00666576803052125,509.267177260946
"VISam","idiosyncratic",2,0.045,0.05,-0.0074313553205037,509.267177260946
"VISam","idiosyncratic",2,0.05,0.055,0.00865795874069161,509.267177260946
"VISam","idiosyncratic",2,0.055,0.06,0.0109936484912298,509.267177260946
"VISam","idiosyncratic",2,0.06,0.065,0.000559040321401798,509.267177260946
"VISam","idiosyncratic",2,0.065,0.07,0.0207795079082386,509.267177260946
"VISam","idiosyncratic",2,0.07,0.075,-0.0012686196161857,509.267177260946
"VISam","idiosyncratic",2,0.075,0.08,0.0144207327437277,509.267177260946
"VISam","idiosyncratic",2,0.08,0.085,0.0119107857310814,509.267177260946
"VISam","idiosyncratic",2,0.085,0.09,0.00300317441408483,509.267177260946
"VISam","idiosyncratic",2,0.09,0.095,0.0118144214640891,509.267177260946
"VISam","idiosyncratic",2,0.095,0.1,0.0253927782048988,509.267177260946
"VISam","idiosyncratic",2,0.1,0.105,0.0261774016771652,509.267177260946
"VISam","idiosyncratic",2,0.105,0.11,0.0155752993283201,509.267177260946
"VISam","idiosyncratic",2,0.11,0.115,0.0270150206171713,509.267177260946
"VISam","idiosyncratic",2,0.115,0.12,0.021968012962898,509.267177260946
"VISam","idiosyncratic",2,0.12,0.125,0.0113873757686506,509.267177260946
"VISam","idiosyncratic",2,0.125,0.13,0.0244264393222809,509.267177260946
"VISam","idiosyncratic",2,0.13,0.135,0.0175132215057315,509.267177260946
"VISam","idiosyncratic",2,0.135,0.14,0.0207862235810574,509.267177260946
"VISam","idiosyncratic",2,0.14,0.145,0.00118050498874767,509.267177260946
"VISam","idiosyncratic",2,0.145,0.15,0.0132366281671357,509.267177260946
"VISam","idiosyncratic",2,0.15,0.155,0.00677017922284523,509.267177260946
"VISam","idiosyncratic",2,0.155,0.16,0.0125901830637691,509.267177260946
"VISam","idiosyncratic",2,0.16,0.165,0.0117447708852061,509.267177260946
"VISam","idiosyncratic",2,0.165,0.17,0.00293055253940006,509.267177260946
"VISam","idiosyncratic",2,0.17,0.175,0.00819888956727644,509.267177260946
"VISam","idiosyncratic",2,0.175,0.18,0.000562290468248738,509.267177260946
"VISam","idiosyncratic",2,0.18,0.185,0.0175732591657652,509.267177260946
"VISam","idiosyncratic",2,0.185,0.19,0.0210317339391015,509.267177260946
"VISam","idiosyncratic",2,0.19,0.195,0.0370074261875228,509.267177260946
"VISam","idiosyncratic",2,0.195,0.2,0.0334055221167978,509.267177260946
"VISam","idiosyncratic",2,0.2,0.205,0.0271596649684634,509.267177260946
"VISam","idiosyncratic",2,0.205,0.21,0.011751688376099,509.267177260946
"VISam","idiosyncratic",2,0.21,0.215,0.0133512273084273,509.267177260946
"VISam","idiosyncratic",2,0.215,0.22,0.0216030843553445,509.267177260946
"VISam","idiosyncratic",2,0.22,0.225,0.010444055319684,509.267177260946
"VISam","idiosyncratic",2,0.225,0.23,0.00716532704082185,509.267177260946
"VISam","idiosyncratic",2,0.23,0.235,0.0163305880537445,509.267177260946
"VISam","idiosyncratic",2,0.235,0.24,0.021074370415139,509.267177260946
"VISam","idiosyncratic",2,0.24,0.245,0.0207230789971318,509.267177260946
"VISam","idiosyncratic",2,0.245,0.25,0.00346587268492293,509.267177260946
"VISam","idiosyncratic",2,0.25,0.255,0.0187859384399156,509.267177260946
"VISam","idiosyncratic",2,0.255,0.26,0.026299352590483,509.267177260946
"VISam","idiosyncratic",2,0.26,0.265,0.021362287690063,509.267177260946
"VISam","idiosyncratic",2,0.265,0.27,0.0120488337159094,509.267177260946
"VISam","idiosyncratic",2,0.27,0.275,0.0117596624513526,509.267177260946
"VISam","idiosyncratic",2,0.275,0.28,0.0119777760092694,509.267177260946
"VISam","idiosyncratic",2,0.28,0.285,0.00674190799605834,509.267177260946
"VISam","idiosyncratic",2,0.285,0.29,0.0042206601301813,509.267177260946
"VISam","idiosyncratic",2,0.29,0.295,0.00356790663905049,509.267177260946
"VISam","idiosyncratic",2,0.295,0.3,0.00560119161037431,509.267177260946
"VISam","idiosyncratic",2,0.3,0.305,-0.00987724759485764,509.267177260946
"VISam","idiosyncratic",2,0.305,0.31,0.00261078805160553,509.267177260946
"VISam","idiosyncratic",2,0.31,0.315,0.00501039672628634,509.267177260946
"VISam","idiosyncratic",2,0.315,0.32,0.0123813294573158,509.267177260946
"VISam","idiosyncratic",2,0.32,0.325,-0.000110892426011144,509.267177260946
"VISam","idiosyncratic",2,0.325,0.33,-0.00128697557246404,509.267177260946
"VISam","idiosyncratic",2,0.33,0.335,0.0105466248831171,509.267177260946
"VISam","idiosyncratic",2,0.335,0.34,0.00136767590744813,509.267177260946
"VISam","idiosyncratic",2,0.34,0.345,0.014010682561738,509.267177260946
"VISam","idiosyncratic",2,0.345,0.35,-0.000900858442750341,509.267177260946
"VISam","idiosyncratic",2,0.35,0.355,0.000329241333164698,509.267177260946
"VISam","idiosyncratic",2,0.355,0.36,0.0259637749265877,509.267177260946
"VISam","idiosyncratic",2,0.36,0.365,-0.0106165210579107,509.267177260946
"VISam","idiosyncratic",2,0.365,0.37,0.00746013404679169,509.267177260946
"VISam","idiosyncratic",2,0.37,0.375,0.00192816365504944,509.267177260946
"VISam","idiosyncratic",2,0.375,0.38,-0.00489402351503421,509.267177260946
"VISam","idiosyncratic",2,0.38,0.385,0.00606065476339279,509.267177260946
"VISam","idiosyncratic",2,0.385,0.39,0.00863753525871369,509.267177260946
"VISam","idiosyncratic",2,0.39,0.395,0.0140284073958601,509.267177260946
"VISam","idiosyncratic",2,0.395,0.4,0.00926501740069874,509.267177260946
"VISam","idiosyncratic",2,0.4,0.405,0.0059106475409062,509.267177260946
"VISam","idiosyncratic",2,0.405,0.41,0.000990861089061434,509.267177260946
"VISam","idiosyncratic",2,0.41,0.415,0.0202978474715091,509.267177260946
"VISam","idiosyncratic",2,0.415,0.42,0.00637618152193142,509.267177260946
"VISam","idiosyncratic",2,0.42,0.425,9.49874360685055e-05,509.267177260946
"VISam","idiosyncratic",2,0.425,0.43,-0.00457316656751061,509.267177260946
"VISam","idiosyncratic",2,0.43,0.435,0.0101750811644191,509.267177260946
"VISam","idiosyncratic",2,0.435,0.44,0.00992081984044979,509.267177260946
"VISam","idiosyncratic",2,0.44,0.445,0.0132614488295221,509.267177260946
"VISam","idiosyncratic",2,0.445,0.45,-0.00104696943022276,509.267177260946
"VISam","idiosyncratic",2,0.45,0.455,0.00622248587159968,509.267177260946
"VISam","idiosyncratic",2,0.455,0.46,0.0231456237818856,509.267177260946
"VISam","idiosyncratic",2,0.46,0.465,-5.11545561562299e-05,509.267177260946
"VISam","idiosyncratic",2,0.465,0.47,0.00917534243262785,509.267177260946
"VISam","idiosyncratic",2,0.47,0.475,-0.00914840114819726,509.267177260946
"VISam","idiosyncratic",2,0.475,0.48,0.00110377744065637,509.267177260946
"VISam","idiosyncratic",2,0.48,0.485,0.00817510335948746,509.267177260946
"VISam","idiosyncratic",2,0.485,0.49,-0.00507856925478567,509.267177260946
"VISam","idiosyncratic",2,0.49,0.495,-0.00399558691982826,509.267177260946
"VISam","idiosyncratic",2,0.495,0.5,0.00340161793787774,509.267177260946
"VISam","idiosyncratic",2,0.5,0.505,-0.000514537795411552,509.267177260946
"VISam","idiosyncratic",2,0.505,0.51,0.00102265302783133,509.267177260946
"VISam","idiosyncratic",2,0.51,0.515,-0.0037853832385335,509.267177260946
"VISam","idiosyncratic",2,0.515,0.52,0.0151437231828417,509.267177260946
"VISam","idiosyncratic",2,0.52,0.525,0.0282663839330786,509.267177260946
"VISam","idiosyncratic",2,0.525,0.53,0.00729845198869605,509.267177260946
"VISam","idiosyncratic",2,0.53,0.535,0.00597475710729212,509.267177260946
"VISam","idiosyncratic",2,0.535,0.54,0.00647969631239409,509.267177260946
"VISam","idiosyncratic",2,0.54,0.545,-0.0103667378421426,509.267177260946
"VISam","idiosyncratic",2,0.545,0.55,0.00532535865188832,509.267177260946
"VISam","idiosyncratic",2,0.55,0.555,0.00472669709166629,509.267177260946
"VISam","idiosyncratic",2,0.555,0.56,0.00808177291658208,509.267177260946
"VISam","idiosyncratic",2,0.56,0.565,-0.000147879829290209,509.267177260946
"VISam","idiosyncratic",2,0.565,0.57,-0.000292133560735097,509.267177260946
"VISam","idiosyncratic",2,0.57,0.575,-0.00433181363523727,509.267177260946
"VISam","idiosyncratic",2,0.575,0.58,-0.00431254188072105,509.267177260946
"VISam","idiosyncratic",2,0.58,0.585,0.00776816494232446,509.267177260946
"VISam","idiosyncratic",2,0.585,0.59,-0.000115820625021357,509.267177260946
"VISam","idiosyncratic",2,0.59,0.595,0.0158588983674022,509.267177260946
"VISam","idiosyncratic",2,0.595,0.6,-0.0129244868243636,509.267177260946
"VISam","idiosyncratic",2,0.6,0.605,0.00817816030043539,509.267177260946
"VISam","idiosyncratic",2,0.605,0.61,0.00637573784931522,509.267177260946
"VISam","idiosyncratic",2,0.61,0.615,-0.000380501986477988,509.267177260946
"VISam","idiosyncratic",2,0.615,0.62,-0.011645800594837,509.267177260946
"VISam","idiosyncratic",2,0.62,0.625,0.00462440156625665,509.267177260946
"VISam","idiosyncratic",2,0.625,0.63,0.00485177315528929,509.267177260946
"VISam","idiosyncratic",2,0.63,0.635,-0.0134096595563626,509.267177260946
"VISam","idiosyncratic",2,0.635,0.64,0.0018221703238368,509.267177260946
"VISam","idiosyncratic",2,0.64,0.645,0.000217723275940829,509.267177260946
"VISam","idiosyncratic",2,0.645,0.65,0.0105175629581409,509.267177260946
"VISam","idiosyncratic",2,0.65,0.655,-0.00491017680371209,509.267177260946
"VISam","idiosyncratic",2,0.655,0.66,0.00229533264483806,509.267177260946
"VISam","idiosyncratic",2,0.66,0.665,-0.0109740912999368,509.267177260946
"VISam","idiosyncratic",2,0.665,0.67,-0.00306334896828719,509.267177260946
"VISam","idiosyncratic",2,0.67,0.675,0.000830421281981186,509.267177260946
"VISam","idiosyncratic",2,0.675,0.68,0.0127878581067991,509.267177260946
"VISam","idiosyncratic",2,0.68,0.685,0.00467105374767218,509.267177260946
"VISam","idiosyncratic",2,0.685,0.69,-0.00749059828143617,509.267177260946
"VISam","idiosyncratic",2,0.69,0.695,0.0014049161662808,509.267177260946
"VISam","idiosyncratic",2,0.695,0.7,-0.00280857213408647,509.267177260946
"VISam","idiosyncratic",2,0.7,0.705,0.00562815305185826,509.267177260946
"VISam","idiosyncratic",2,0.705,0.71,-0.0175120288380568,509.267177260946
"VISam","idiosyncratic",2,0.71,0.715,0.0070452650796875,509.267177260946
"VISam","idiosyncratic",2,0.715,0.72,-0.00568724571744905,509.267177260946
"VISam","idiosyncratic",2,0.72,0.725,-0.0113354912491885,509.267177260946
"VISam","idiosyncratic",2,0.725,0.73,0.00328408848778805,509.267177260946
"VISam","idiosyncratic",2,0.73,0.735,-0.0115012827760524,509.267177260946
"VISam","idiosyncratic",2,0.735,0.74,-0.0117922248664024,509.267177260946
"VISam","idiosyncratic",2,0.74,0.745,-0.00782333676518243,509.267177260946
"VISam","idiosyncratic",2,0.745,0.75,0.00325592141013575,509.267177260946
"VISam","idiosyncratic",2,0.75,0.755,-0.0167798812261138,509.267177260946
"VISam","idiosyncratic",2,0.755,0.76,-0.00673667914140907,509.267177260946
"VISam","idiosyncratic",2,0.76,0.765,-0.00118662432186922,509.267177260946
"VISam","idiosyncratic",2,0.765,0.77,0.00226515933707905,509.267177260946
"VISam","idiosyncratic",2,0.77,0.775,0.00554905259787375,509.267177260946
"VISam","idiosyncratic",2,0.775,0.78,-0.000437559185310743,509.267177260946
"VISam","idiosyncratic",2,0.78,0.785,-0.00301467194118954,509.267177260946
"VISam","idiosyncratic",2,0.785,0.79,-0.00475801322945169,509.267177260946
"VISam","idiosyncratic",2,0.79,0.795,0.00298272950059397,509.267177260946
"VISam","idiosyncratic",2,0.795,0.8,-0.00505495998162719,509.267177260946
"VISam","idiosyncratic",2,0.8,0.805,0.000210124221575736,509.267177260946
"VISam","idiosyncratic",2,0.805,0.81,-0.0064478006500035,509.267177260946
"VISam","idiosyncratic",2,0.81,0.815,0.00384354573938017,509.267177260946
"VISam","idiosyncratic",2,0.815,0.82,-0.0211149342816577,509.267177260946
"VISam","idiosyncratic",2,0.82,0.825,-0.00451819766879158,509.267177260946
"VISam","idiosyncratic",2,0.825,0.83,0.00712509070138556,509.267177260946
"VISam","idiosyncratic",2,0.83,0.835,-0.00443606171277799,509.267177260946
"VISam","idiosyncratic",2,0.835,0.84,0.00176710674975822,509.267177260946
"VISam","idiosyncratic",2,0.84,0.845,-0.010744766360094,509.267177260946
"VISam","idiosyncratic",2,0.845,0.85,0.00735346856970653,509.267177260946
"VISam","idiosyncratic",2,0.85,0.855,-0.000373208014089021,509.267177260946
"VISam","idiosyncratic",2,0.855,0.86,-0.0047823967958972,509.267177260946
"VISam","idiosyncratic",2,0.86,0.865,-0.00791516740337983,509.267177260946
"VISam","idiosyncratic",2,0.865,0.87,-0.00359912097758119,509.267177260946
"VISam","idiosyncratic",2,0.87,0.875,-0.00319983353003972,509.267177260946
"VISam","idiosyncratic",2,0.875,0.88,-0.00473037761222106,509.267177260946
"VISam","idiosyncratic",2,0.88,0.885,-0.00434435426977742,509.267177260946
"VISam","idiosyncratic",2,0.885,0.89,-0.0146334474059794,509.267177260946
"VISam","idiosyncratic",2,0.89,0.895,-0.00324581149941938,509.267177260946
"VISam","idiosyncratic",2,0.895,0.9,-0.00391723210926775,509.267177260946
"VISam","idiosyncratic",2,0.9,0.905,-0.010900352195048,509.267177260946
"VISam","idiosyncratic",2,0.905,0.91,-0.00213611380158329,509.267177260946
"VISam","idiosyncratic",2,0.91,0.915,-0.00464252344046567,509.267177260946
"VISam","idiosyncratic",2,0.915,0.92,-0.020348315872859,509.267177260946
"VISam","idiosyncratic",2,0.92,0.925,-0.000856919648960397,509.267177260946
"VISam","idiosyncratic",2,0.925,0.93,-0.00377149048343017,509.267177260946
"VISam","idiosyncratic",2,0.93,0.935,-0.0100505714125456,509.267177260946
"VISam","idiosyncratic",2,0.935,0.94,-0.0176764513070596,509.267177260946
"VISam","idiosyncratic",2,0.94,0.945,0.000734335964816646,509.267177260946
"VISam","idiosyncratic",2,0.945,0.95,-0.0110329662059817,509.267177260946
"VISam","idiosyncratic",2,0.95,0.955,-0.00569970239265605,509.267177260946
"VISam","idiosyncratic",2,0.955,0.96,-0.0108651469832178,509.267177260946
"VISam","idiosyncratic",2,0.96,0.965,-0.00731140348653359,509.267177260946
"VISam","idiosyncratic",2,0.965,0.97,-0.00134371837908553,509.267177260946
"VISam","idiosyncratic",2,0.97,0.975,-0.00824448561843982,509.267177260946
"VISam","idiosyncratic",2,0.975,0.98,0.00286880019148983,509.267177260946
"VISam","idiosyncratic",2,0.98,0.985,-0.00446103974964696,509.267177260946
"VISam","idiosyncratic",2,0.985,0.99,0.00271662547142948,509.267177260946
"VISam","idiosyncratic",2,0.99,0.995,-0.00909281836044751,509.267177260946
"VISam","idiosyncratic",2,0.995,1,-0.00361330339379973,509.267177260946
"VISam","idiosyncratic",2,1,1.005,-0.000711331620530387,509.267177260946
"VISam","idiosyncratic",2,1.005,1.01,-0.00414244125434171,509.267177260946
"VISam","idiosyncratic",2,1.01,1.015,-0.00770788745879425,509.267177260946
"VISam","idiosyncratic",2,1.015,1.02,-0.00571598211902757,509.267177260946
"VISam","idiosyncratic",2,1.02,1.025,0.00193794637013478,509.267177260946
"VISam","idiosyncratic",2,1.025,1.03,-0.00622586313054119,509.267177260946
"VISam","idiosyncratic",2,1.03,1.035,-0.0237771733901297,509.267177260946
"VISam","idiosyncratic",2,1.035,1.04,-0.010296186914669,509.267177260946
"VISam","idiosyncratic",2,1.04,1.045,-0.00484648942827726,509.267177260946
"VISam","idiosyncratic",2,1.045,1.05,-0.00179117836690112,509.267177260946
"VISam","idiosyncratic",2,1.05,1.055,-0.0143706231426535,509.267177260946
"VISam","idiosyncratic",2,1.055,1.06,0.00124843621672399,509.267177260946
"VISam","idiosyncratic",2,1.06,1.065,-0.0215178774748398,509.267177260946
"VISam","idiosyncratic",2,1.065,1.07,-0.0155206663470383,509.267177260946
"VISam","idiosyncratic",2,1.07,1.075,-0.0144740546535145,509.267177260946
"VISam","idiosyncratic",2,1.075,1.08,-0.00750317961864877,509.267177260946
"VISam","idiosyncratic",2,1.08,1.085,-0.0124876908290051,509.267177260946
"VISam","idiosyncratic",2,1.085,1.09,-0.0138922288433394,509.267177260946
"VISam","idiosyncratic",2,1.09,1.095,-0.00380343363765612,509.267177260946
"VISam","idiosyncratic",2,1.095,1.1,0.00125971202713748,509.267177260946
"VISam","idiosyncratic",2,1.1,1.105,-0.016462155274839,509.267177260946
"VISam","idiosyncratic",2,1.105,1.11,-0.0184684864382131,509.267177260946
"VISam","idiosyncratic",2,1.11,1.115,-0.0135584392870084,509.267177260946
"VISam","idiosyncratic",2,1.115,1.12,0.00125067528737899,509.267177260946
"VISam","idiosyncratic",2,1.12,1.125,-0.00209178666642784,509.267177260946
"VISam","idiosyncratic",2,1.125,1.13,-0.0125094075249143,509.267177260946
"VISam","idiosyncratic",2,1.13,1.135,-0.00395216124471109,509.267177260946
"VISam","idiosyncratic",2,1.135,1.14,-0.0115824210931041,509.267177260946
"VISam","idiosyncratic",2,1.14,1.145,0.00488504408384177,509.267177260946
"VISam","idiosyncratic",2,1.145,1.15,-0.0184316495052623,509.267177260946
"VISam","idiosyncratic",2,1.15,1.155,-0.0102248401322198,509.267177260946
"VISam","idiosyncratic",2,1.155,1.16,0.00117178290039566,509.267177260946
"VISam","idiosyncratic",2,1.16,1.165,-0.00558650559424861,509.267177260946
"VISam","idiosyncratic",2,1.165,1.17,-0.0191638101980739,509.267177260946
"VISam","idiosyncratic",2,1.17,1.175,-0.00798374540401797,509.267177260946
"VISam","idiosyncratic",2,1.175,1.18,0.00333966238397054,509.267177260946
"VISam","idiosyncratic",2,1.18,1.185,-0.0199857466022507,509.267177260946
"VISam","idiosyncratic",2,1.185,1.19,-0.016188297423723,509.267177260946
"VISam","idiosyncratic",2,1.19,1.195,-0.0201654077295933,509.267177260946
"VISam","idiosyncratic",2,1.195,1.2,-0.0178546530140155,509.267177260946
"VISam","idiosyncratic",2,1.2,1.205,-0.00132758568288088,509.267177260946
"VISam","idiosyncratic",2,1.205,1.21,-0.0235754690367893,509.267177260946
"VISam","idiosyncratic",2,1.21,1.215,-0.0110990227099471,509.267177260946
"VISam","idiosyncratic",2,1.215,1.22,-0.0249536989327902,509.267177260946
"VISam","idiosyncratic",2,1.22,1.225,-0.0149973948212897,509.267177260946
"VISam","idiosyncratic",2,1.225,1.23,-0.0051436258738714,509.267177260946
"VISam","idiosyncratic",2,1.23,1.235,-0.011879529390261,509.267177260946
"VISam","idiosyncratic",2,1.235,1.24,-0.0173859104754582,509.267177260946
"VISam","idiosyncratic",2,1.24,1.245,-0.0142662485920469,509.267177260946
"VISam","idiosyncratic",2,1.245,1.25,-0.00704894801043551,509.267177260946
"VISam","idiosyncratic",2,1.25,1.255,-0.0154618082797028,509.267177260946
"VISam","idiosyncratic",2,1.255,1.26,-0.00894480762709246,509.267177260946
"VISam","idiosyncratic",2,1.26,1.265,-0.0073921355786441,509.267177260946
"VISam","idiosyncratic",2,1.265,1.27,0.00134985645615382,509.267177260946
"VISam","idiosyncratic",2,1.27,1.275,-0.0177695099641876,509.267177260946
"VISam","idiosyncratic",2,1.275,1.28,0.003384292982134,509.267177260946
"VISam","idiosyncratic",2,1.28,1.285,-0.00785819747897881,509.267177260946
"VISam","idiosyncratic",2,1.285,1.29,-0.0223362254260704,509.267177260946
"VISam","idiosyncratic",2,1.29,1.295,-0.00706766922639432,509.267177260946
"VISam","idiosyncratic",2,1.295,1.3,-0.0046818880422354,509.267177260946
"VISam","idiosyncratic",2,1.3,1.305,-0.0063300736804548,509.267177260946
"VISam","idiosyncratic",2,1.305,1.31,-0.000956411883893254,509.267177260946
"VISam","idiosyncratic",2,1.31,1.315,-0.0108725189916889,509.267177260946
"VISam","idiosyncratic",2,1.315,1.32,-0.0109221556342898,509.267177260946
"VISam","idiosyncratic",2,1.32,1.325,-0.00665897381783002,509.267177260946
"VISam","idiosyncratic",2,1.325,1.33,-0.0119108151206261,509.267177260946
"VISam","idiosyncratic",2,1.33,1.335,-0.0121436152836519,509.267177260946
"VISam","idiosyncratic",2,1.335,1.34,-0.0034020395974171,509.267177260946
"VISam","idiosyncratic",2,1.34,1.345,-0.0115027479043764,509.267177260946
"VISam","idiosyncratic",2,1.345,1.35,-0.00734702626463749,509.267177260946
"VISam","idiosyncratic",2,1.35,1.355,-0.0143560976074629,509.267177260946
"VISam","idiosyncratic",2,1.355,1.36,-0.0158876125721244,509.267177260946
"VISam","idiosyncratic",2,1.36,1.365,-0.0335327747562311,509.267177260946
"VISam","idiosyncratic",2,1.365,1.37,0.00311543970824022,509.267177260946
"VISam","idiosyncratic",2,1.37,1.375,-0.00109136330620896,509.267177260946
"VISam","idiosyncratic",2,1.375,1.38,-0.00935773294973709,509.267177260946
"VISam","idiosyncratic",2,1.38,1.385,-0.00612413013756126,509.267177260946
"VISam","idiosyncratic",2,1.385,1.39,-0.0124146583147126,509.267177260946
"VISam","idiosyncratic",2,1.39,1.395,-0.00273813487873986,509.267177260946
"VISam","idiosyncratic",2,1.395,1.4,-0.00779321961843487,509.267177260946
"VISam","idiosyncratic",2,1.4,1.405,-0.0115906920168211,509.267177260946
"VISam","idiosyncratic",2,1.405,1.41,-0.0145659998526766,509.267177260946
"VISam","idiosyncratic",2,1.41,1.415,-0.0115263806596941,509.267177260946
"VISam","idiosyncratic",2,1.415,1.42,-0.0101387369516081,509.267177260946
"VISam","idiosyncratic",2,1.42,1.425,-0.0145265470732362,509.267177260946
"VISam","idiosyncratic",2,1.425,1.43,-0.00258673447424121,509.267177260946
"VISam","idiosyncratic",2,1.43,1.435,-0.00414689898883273,509.267177260946
"VISam","idiosyncratic",2,1.435,1.44,-0.0177955618952172,509.267177260946
"VISam","idiosyncratic",2,1.44,1.445,-0.0158207503580829,509.267177260946
"VISam","idiosyncratic",2,1.445,1.45,-0.00622320734994627,509.267177260946
"VISam","idiosyncratic",2,1.45,1.455,-0.00275956280221723,509.267177260946
"VISam","idiosyncratic",2,1.455,1.46,-0.00900205436117243,509.267177260946
"VISam","idiosyncratic",2,1.46,1.465,-0.0167535997277289,509.267177260946
"VISam","idiosyncratic",2,1.465,1.47,-0.0140833610007937,509.267177260946
"VISam","idiosyncratic",2,1.47,1.475,-0.0164603369114235,509.267177260946
"VISam","idiosyncratic",2,1.475,1.48,-0.00907403170104634,509.267177260946
"VISam","idiosyncratic",2,1.48,1.485,-0.00813651837881579,509.267177260946
"VISam","idiosyncratic",2,1.485,1.49,-0.0101602095019764,509.267177260946
"VISam","idiosyncratic",2,1.49,1.495,-0.00869865467859479,509.267177260946
"VISam","idiosyncratic",2,1.495,1.5,-0.00863296204050537,509.267177260946
"VISam","idiosyncratic",2,1.5,1.505,-0.0165560957839339,509.267177260946
"VISam","idiosyncratic",2,1.505,1.51,-0.0172694273933038,509.267177260946
"VISam","idiosyncratic",2,1.51,1.515,-0.0155181711230576,509.267177260946
"VISam","idiosyncratic",2,1.515,1.52,-0.0195088895528425,509.267177260946
"VISam","idiosyncratic",2,1.52,1.525,-0.00757816524099464,509.267177260946
"VISam","idiosyncratic",2,1.525,1.53,-0.0313896549345177,509.267177260946
"VISam","idiosyncratic",2,1.53,1.535,-0.0205768851952011,509.267177260946
"VISam","idiosyncratic",2,1.535,1.54,-0.0140282264868933,509.267177260946
"VISam","idiosyncratic",2,1.54,1.545,-0.00107774289253143,509.267177260946
"VISam","idiosyncratic",2,1.545,1.55,-0.0107211671090639,509.267177260946
"VISam","idiosyncratic",2,1.55,1.555,-0.0148506140485292,509.267177260946
"VISam","idiosyncratic",2,1.555,1.56,-0.0122388888078329,509.267177260946
"VISam","idiosyncratic",2,1.56,1.565,-0.00596527360627824,509.267177260946
"VISam","idiosyncratic",2,1.565,1.57,-0.0150469631121815,509.267177260946
"VISam","idiosyncratic",2,1.57,1.575,-0.00126344973549825,509.267177260946
"VISam","idiosyncratic",2,1.575,1.58,-0.0279184354807386,509.267177260946
"VISam","idiosyncratic",2,1.58,1.585,-0.0116205619980158,509.267177260946
"VISam","idiosyncratic",2,1.585,1.59,0.00405436691877586,509.267177260946
"VISam","idiosyncratic",2,1.59,1.595,-0.00151614021819557,509.267177260946
"VISam","idiosyncratic",2,1.595,1.6,-0.000986450268465167,509.267177260946
"VISam","idiosyncratic",2,1.6,1.605,-0.0146806339528925,509.267177260946
"VISam","idiosyncratic",2,1.605,1.61,-0.0126343034434043,509.267177260946
"VISam","idiosyncratic",2,1.61,1.615,-0.00384269380672553,509.267177260946
"VISam","idiosyncratic",2,1.615,1.62,-0.00821387232453841,509.267177260946
"VISam","idiosyncratic",2,1.62,1.625,-0.00567736331197777,509.267177260946
"VISam","idiosyncratic",2,1.625,1.63,-0.0159240847553009,509.267177260946
"VISam","idiosyncratic",2,1.63,1.635,-0.00115731313276046,509.267177260946
"VISam","idiosyncratic",2,1.635,1.64,-0.00637403098588796,509.267177260946
"VISam","idiosyncratic",2,1.64,1.645,-0.026133255467642,509.267177260946
"VISam","idiosyncratic",2,1.645,1.65,-0.00223682339629661,509.267177260946
"VISam","idiosyncratic",2,1.65,1.655,-0.0135909284057131,509.267177260946
"VISam","idiosyncratic",2,1.655,1.66,-0.0107990457784791,509.267177260946
"VISam","idiosyncratic",2,1.66,1.665,-0.00976182668817482,509.267177260946
"VISam","idiosyncratic",2,1.665,1.67,-0.0259577147602248,509.267177260946
"VISam","idiosyncratic",2,1.67,1.675,-0.00325105894276678,509.267177260946
"VISam","idiosyncratic",2,1.675,1.68,-0.0104133534942867,509.267177260946
"VISam","idiosyncratic",2,1.68,1.685,-0.0122107540862877,509.267177260946
"VISam","idiosyncratic",2,1.685,1.69,-0.00596451328121006,509.267177260946
"VISam","idiosyncratic",2,1.69,1.695,0.00338894456800087,509.267177260946
"VISam","idiosyncratic",2,1.695,1.7,-0.0173343282688443,509.267177260946
"VISam","idiosyncratic",2,1.7,1.705,-0.0142586298927478,509.267177260946
"VISam","idiosyncratic",2,1.705,1.71,-0.0126984584213889,509.267177260946
"VISam","idiosyncratic",2,1.71,1.715,-0.00134332431536577,509.267177260946
"VISam","idiosyncratic",2,1.715,1.72,-0.00897257120639483,509.267177260946
"VISam","idiosyncratic",2,1.72,1.725,-0.00748881901040876,509.267177260946
"VISam","idiosyncratic",2,1.725,1.73,-0.00933031640534399,509.267177260946
"VISam","idiosyncratic",2,1.73,1.735,-0.00941932687360703,509.267177260946
"VISam","idiosyncratic",2,1.735,1.74,-0.00286183453041011,509.267177260946
"VISam","idiosyncratic",2,1.74,1.745,-0.0194743888144197,509.267177260946
"VISam","idiosyncratic",2,1.745,1.75,-0.0105419078497994,509.267177260946
"VISam","idiosyncratic",2,1.75,1.755,0.00164598289208262,509.267177260946
"VISam","idiosyncratic",2,1.755,1.76,-0.00317421304717636,509.267177260946
"VISam","idiosyncratic",2,1.76,1.765,-0.00463628953551143,509.267177260946
"VISam","idiosyncratic",2,1.765,1.77,0.0004408053724545,509.267177260946
"VISam","idiosyncratic",2,1.77,1.775,-0.00623647851986919,509.267177260946
"VISam","idiosyncratic",2,1.775,1.78,0.00859276311010004,509.267177260946
"VISam","idiosyncratic",2,1.78,1.785,-0.0134766055261767,509.267177260946
"VISam","idiosyncratic",2,1.785,1.79,-0.00875688183796564,509.267177260946
"VISam","idiosyncratic",2,1.79,1.795,-0.000825837131700924,509.267177260946
"VISam","idiosyncratic",2,1.795,1.8,-0.0195416171633066,509.267177260946
"VISam","idiosyncratic",2,1.8,1.805,0.00321029269931683,509.267177260946
"VISam","idiosyncratic",2,1.805,1.81,-0.0142297898302797,509.267177260946
"VISam","idiosyncratic",2,1.81,1.815,-0.00469401423520044,509.267177260946
"VISam","idiosyncratic",2,1.815,1.82,0.0019253162975803,509.267177260946
"VISam","idiosyncratic",2,1.82,1.825,-0.00975085383750263,509.267177260946
"VISam","idiosyncratic",2,1.825,1.83,0.00352411323984436,509.267177260946
"VISam","idiosyncratic",2,1.83,1.835,0.00426298354733168,509.267177260946
"VISam","idiosyncratic",2,1.835,1.84,-0.0142858944757102,509.267177260946
"VISam","idiosyncratic",2,1.84,1.845,-0.0122104378217053,509.267177260946
"VISam","idiosyncratic",2,1.845,1.85,-0.00334002702220193,509.267177260946
"VISam","idiosyncratic",2,1.85,1.855,-0.0049138113988656,509.267177260946
"VISam","idiosyncratic",2,1.855,1.86,-0.0125443472043638,509.267177260946
"VISam","idiosyncratic",2,1.86,1.865,-0.00389272243675876,509.267177260946
"VISam","idiosyncratic",2,1.865,1.87,-0.00296591950350378,509.267177260946
"VISam","idiosyncratic",2,1.87,1.875,-0.0137344434739067,509.267177260946
"VISam","idiosyncratic",2,1.875,1.88,-0.00522595395277137,509.267177260946
"VISam","idiosyncratic",2,1.88,1.885,-0.00219478138752083,509.267177260946
"VISam","idiosyncratic",2,1.885,1.89,-0.00195132314591506,509.267177260946
"VISam","idiosyncratic",2,1.89,1.895,0.00323229958491156,509.267177260946
"VISam","idiosyncratic",2,1.895,1.9,-0.0159674614867833,509.267177260946
"VISam","idiosyncratic",2,1.9,1.905,-0.00836762050998252,509.267177260946
"VISam","idiosyncratic",2,1.905,1.91,-0.00635378812671517,509.267177260946
"VISam","idiosyncratic",2,1.91,1.915,0.0109166993435368,509.267177260946
"VISam","idiosyncratic",2,1.915,1.92,-0.00145970485974356,509.267177260946
"VISam","idiosyncratic",2,1.92,1.925,-0.00753794542405062,509.267177260946
"VISam","idiosyncratic",2,1.925,1.93,-0.00411545142639369,509.267177260946
"VISam","idiosyncratic",2,1.93,1.935,-0.00282149320817671,509.267177260946
"VISam","idiosyncratic",2,1.935,1.94,-0.0200593481553176,509.267177260946
"VISam","idiosyncratic",2,1.94,1.945,-0.0125366023542678,509.267177260946
"VISam","idiosyncratic",2,1.945,1.95,-0.018908391469738,509.267177260946
"VISam","idiosyncratic",2,1.95,1.955,-0.00759025527674773,509.267177260946
"VISam","idiosyncratic",2,1.955,1.96,-0.000975823531721209,509.267177260946
"VISam","idiosyncratic",2,1.96,1.965,-0.01398048975723,509.267177260946
"VISam","idiosyncratic",2,1.965,1.97,-0.000684582588736493,509.267177260946
"VISam","idiosyncratic",2,1.97,1.975,-0.0024082409132602,509.267177260946
"VISam","idiosyncratic",2,1.975,1.98,-0.00843555430415477,509.267177260946
"VISam","idiosyncratic",2,1.98,1.985,-0.00126133422814934,509.267177260946
"VISam","idiosyncratic",2,1.985,1.99,-0.00300151800086534,509.267177260946
"VISam","idiosyncratic",2,1.99,1.995,-0.0077414764661361,509.267177260946
"VISam","idiosyncratic",2,1.995,2,-0.00754073132013544,509.267177260946
"VISam","idiosyncratic",3,0,0.005,-0.00294810004389289,115.225397446909
"VISam","idiosyncratic",3,0.005,0.01,-0.0238115305690222,115.225397446909
"VISam","idiosyncratic",3,0.01,0.015,0.00974915510275924,115.225397446909
"VISam","idiosyncratic",3,0.015,0.02,-0.0151690263680416,115.225397446909
"VISam","idiosyncratic",3,0.02,0.025,0.00574907887057998,115.225397446909
"VISam","idiosyncratic",3,0.025,0.03,-0.00542497235528437,115.225397446909
"VISam","idiosyncratic",3,0.03,0.035,-0.00980422527541282,115.225397446909
"VISam","idiosyncratic",3,0.035,0.04,-0.00118131299038892,115.225397446909
"VISam","idiosyncratic",3,0.04,0.045,0.0199894195564283,115.225397446909
"VISam","idiosyncratic",3,0.045,0.05,0.00754375902021496,115.225397446909
"VISam","idiosyncratic",3,0.05,0.055,0.0204045065493174,115.225397446909
"VISam","idiosyncratic",3,0.055,0.06,-0.0261460161453599,115.225397446909
"VISam","idiosyncratic",3,0.06,0.065,0.0302659855839318,115.225397446909
"VISam","idiosyncratic",3,0.065,0.07,0.050222882058527,115.225397446909
"VISam","idiosyncratic",3,0.07,0.075,-0.00581280140858567,115.225397446909
"VISam","idiosyncratic",3,0.075,0.08,-0.00884720804547809,115.225397446909
"VISam","idiosyncratic",3,0.08,0.085,0.0246626848458416,115.225397446909
"VISam","idiosyncratic",3,0.085,0.09,-0.0241668567644223,115.225397446909
"VISam","idiosyncratic",3,0.09,0.095,0.0349062284046619,115.225397446909
"VISam","idiosyncratic",3,0.095,0.1,0.0401844907020845,115.225397446909
"VISam","idiosyncratic",3,0.1,0.105,0.0406181944237523,115.225397446909
"VISam","idiosyncratic",3,0.105,0.11,0.0484657714332503,115.225397446909
"VISam","idiosyncratic",3,0.11,0.115,-0.0108217839937891,115.225397446909
"VISam","idiosyncratic",3,0.115,0.12,0.0197454016886183,115.225397446909
"VISam","idiosyncratic",3,0.12,0.125,0.0678795813713789,115.225397446909
"VISam","idiosyncratic",3,0.125,0.13,0.00774208239491864,115.225397446909
"VISam","idiosyncratic",3,0.13,0.135,0.0321800031911966,115.225397446909
"VISam","idiosyncratic",3,0.135,0.14,0.0319864144528939,115.225397446909
"VISam","idiosyncratic",3,0.14,0.145,0.0205029339702689,115.225397446909
"VISam","idiosyncratic",3,0.145,0.15,0.00204703359005931,115.225397446909
"VISam","idiosyncratic",3,0.15,0.155,0.0414994691511708,115.225397446909
"VISam","idiosyncratic",3,0.155,0.16,0.0330980095968954,115.225397446909
"VISam","idiosyncratic",3,0.16,0.165,0.00466108479615363,115.225397446909
"VISam","idiosyncratic",3,0.165,0.17,0.0239186424200022,115.225397446909
"VISam","idiosyncratic",3,0.17,0.175,0.0178668399856565,115.225397446909
"VISam","idiosyncratic",3,0.175,0.18,0.0259443465938708,115.225397446909
"VISam","idiosyncratic",3,0.18,0.185,0.044174186604458,115.225397446909
"VISam","idiosyncratic",3,0.185,0.19,0.0049290997439011,115.225397446909
"VISam","idiosyncratic",3,0.19,0.195,0.0242213655129375,115.225397446909
"VISam","idiosyncratic",3,0.195,0.2,0.0570995224522939,115.225397446909
"VISam","idiosyncratic",3,0.2,0.205,0.0216667680684185,115.225397446909
"VISam","idiosyncratic",3,0.205,0.21,0.0397313173706831,115.225397446909
"VISam","idiosyncratic",3,0.21,0.215,0.0428979157970039,115.225397446909
"VISam","idiosyncratic",3,0.215,0.22,0.019339856811171,115.225397446909
"VISam","idiosyncratic",3,0.22,0.225,0.0288014502331281,115.225397446909
"VISam","idiosyncratic",3,0.225,0.23,0.00317635705387365,115.225397446909
"VISam","idiosyncratic",3,0.23,0.235,0.0480717553593838,115.225397446909
"VISam","idiosyncratic",3,0.235,0.24,0.0495252509439509,115.225397446909
"VISam","idiosyncratic",3,0.24,0.245,0.0115847587756331,115.225397446909
"VISam","idiosyncratic",3,0.245,0.25,0.0140883175807653,115.225397446909
"VISam","idiosyncratic",3,0.25,0.255,0.00269457124723327,115.225397446909
"VISam","idiosyncratic",3,0.255,0.26,0.0204853516008768,115.225397446909
"VISam","idiosyncratic",3,0.26,0.265,0.00101001222802566,115.225397446909
"VISam","idiosyncratic",3,0.265,0.27,0.0158420543344451,115.225397446909
"VISam","idiosyncratic",3,0.27,0.275,0.0118442011033518,115.225397446909
"VISam","idiosyncratic",3,0.275,0.28,-0.0193802038834531,115.225397446909
"VISam","idiosyncratic",3,0.28,0.285,-0.0304863965504213,115.225397446909
"VISam","idiosyncratic",3,0.285,0.29,0.00793290612594089,115.225397446909
"VISam","idiosyncratic",3,0.29,0.295,-0.0159729614985396,115.225397446909
"VISam","idiosyncratic",3,0.295,0.3,-0.00215257132572144,115.225397446909
"VISam","idiosyncratic",3,0.3,0.305,-0.0409703208127364,115.225397446909
"VISam","idiosyncratic",3,0.305,0.31,0.00218376183159763,115.225397446909
"VISam","idiosyncratic",3,0.31,0.315,0.0223933026242844,115.225397446909
"VISam","idiosyncratic",3,0.315,0.32,0.00221071456640298,115.225397446909
"VISam","idiosyncratic",3,0.32,0.325,-0.0336958188365725,115.225397446909
"VISam","idiosyncratic",3,0.325,0.33,0.0278396801714969,115.225397446909
"VISam","idiosyncratic",3,0.33,0.335,0.0105340959349339,115.225397446909
"VISam","idiosyncratic",3,0.335,0.34,0.00481377268212391,115.225397446909
"VISam","idiosyncratic",3,0.34,0.345,0.021458597216227,115.225397446909
"VISam","idiosyncratic",3,0.345,0.35,-0.012752244735907,115.225397446909
"VISam","idiosyncratic",3,0.35,0.355,0.0138911932306391,115.225397446909
"VISam","idiosyncratic",3,0.355,0.36,0.0219603902009897,115.225397446909
"VISam","idiosyncratic",3,0.36,0.365,0.00484349940434292,115.225397446909
"VISam","idiosyncratic",3,0.365,0.37,0.0211474646656111,115.225397446909
"VISam","idiosyncratic",3,0.37,0.375,-0.0244815000156561,115.225397446909
"VISam","idiosyncratic",3,0.375,0.38,0.017551521572157,115.225397446909
"VISam","idiosyncratic",3,0.38,0.385,-0.0219898125907938,115.225397446909
"VISam","idiosyncratic",3,0.385,0.39,0.0110316965366433,115.225397446909
"VISam","idiosyncratic",3,0.39,0.395,-0.019268801757105,115.225397446909
"VISam","idiosyncratic",3,0.395,0.4,0.0201029092408039,115.225397446909
"VISam","idiosyncratic",3,0.4,0.405,-0.0263508179991639,115.225397446909
"VISam","idiosyncratic",3,0.405,0.41,-0.0133030338441018,115.225397446909
"VISam","idiosyncratic",3,0.41,0.415,-0.0166604406934709,115.225397446909
"VISam","idiosyncratic",3,0.415,0.42,0.0239038267128796,115.225397446909
"VISam","idiosyncratic",3,0.42,0.425,0.00690685680834313,115.225397446909
"VISam","idiosyncratic",3,0.425,0.43,0.00318143727226849,115.225397446909
"VISam","idiosyncratic",3,0.43,0.435,-0.0221108098725388,115.225397446909
"VISam","idiosyncratic",3,0.435,0.44,0.00984109447391524,115.225397446909
"VISam","idiosyncratic",3,0.44,0.445,0.0116521042035618,115.225397446909
"VISam","idiosyncratic",3,0.445,0.45,-0.00537704277857542,115.225397446909
"VISam","idiosyncratic",3,0.45,0.455,-0.00647769483710658,115.225397446909
"VISam","idiosyncratic",3,0.455,0.46,-0.0050913770673745,115.225397446909
"VISam","idiosyncratic",3,0.46,0.465,0.0172240635845459,115.225397446909
"VISam","idiosyncratic",3,0.465,0.47,0.0156712035419212,115.225397446909
"VISam","idiosyncratic",3,0.47,0.475,0.0139112884558518,115.225397446909
"VISam","idiosyncratic",3,0.475,0.48,-0.00651393874742157,115.225397446909
"VISam","idiosyncratic",3,0.48,0.485,-0.0424017152637921,115.225397446909
"VISam","idiosyncratic",3,0.485,0.49,-0.00961244474182288,115.225397446909
"VISam","idiosyncratic",3,0.49,0.495,-0.00948850646955823,115.225397446909
"VISam","idiosyncratic",3,0.495,0.5,-0.00552280687061835,115.225397446909
"VISam","idiosyncratic",3,0.5,0.505,0.00219343499568947,115.225397446909
"VISam","idiosyncratic",3,0.505,0.51,0.0212433217167002,115.225397446909
"VISam","idiosyncratic",3,0.51,0.515,-0.024310422879058,115.225397446909
"VISam","idiosyncratic",3,0.515,0.52,-0.00964253407927607,115.225397446909
"VISam","idiosyncratic",3,0.52,0.525,-0.0189143528380918,115.225397446909
"VISam","idiosyncratic",3,0.525,0.53,0.017013328952539,115.225397446909
"VISam","idiosyncratic",3,0.53,0.535,-0.0236137092823504,115.225397446909
"VISam","idiosyncratic",3,0.535,0.54,0.00196970367557203,115.225397446909
"VISam","idiosyncratic",3,0.54,0.545,0.0172594915846338,115.225397446909
"VISam","idiosyncratic",3,0.545,0.55,-0.00654890322716606,115.225397446909
"VISam","idiosyncratic",3,0.55,0.555,-0.0326496368529103,115.225397446909
"VISam","idiosyncratic",3,0.555,0.56,-0.00271123283056829,115.225397446909
"VISam","idiosyncratic",3,0.56,0.565,-0.0208853510249083,115.225397446909
"VISam","idiosyncratic",3,0.565,0.57,-0.022167291924727,115.225397446909
"VISam","idiosyncratic",3,0.57,0.575,-0.0449373332533026,115.225397446909
"VISam","idiosyncratic",3,0.575,0.58,0.00695983179399196,115.225397446909
"VISam","idiosyncratic",3,0.58,0.585,-0.0181872447793141,115.225397446909
"VISam","idiosyncratic",3,0.585,0.59,0.0236340579733099,115.225397446909
"VISam","idiosyncratic",3,0.59,0.595,0.00207956593127234,115.225397446909
"VISam","idiosyncratic",3,0.595,0.6,-0.0244730723757194,115.225397446909
"VISam","idiosyncratic",3,0.6,0.605,-0.0176541055582885,115.225397446909
"VISam","idiosyncratic",3,0.605,0.61,-0.00154921321547252,115.225397446909
"VISam","idiosyncratic",3,0.61,0.615,-0.0336391372695436,115.225397446909
"VISam","idiosyncratic",3,0.615,0.62,-0.0299660963208368,115.225397446909
"VISam","idiosyncratic",3,0.62,0.625,-0.00490798475339649,115.225397446909
"VISam","idiosyncratic",3,0.625,0.63,-0.0372573896031668,115.225397446909
"VISam","idiosyncratic",3,0.63,0.635,-0.0114371762090896,115.225397446909
"VISam","idiosyncratic",3,0.635,0.64,-0.00565689534783831,115.225397446909
"VISam","idiosyncratic",3,0.64,0.645,-0.000956439990889457,115.225397446909
"VISam","idiosyncratic",3,0.645,0.65,-0.0219876726448651,115.225397446909
"VISam","idiosyncratic",3,0.65,0.655,-0.0344716867716268,115.225397446909
"VISam","idiosyncratic",3,0.655,0.66,-0.0388502467857798,115.225397446909
"VISam","idiosyncratic",3,0.66,0.665,-0.038740525822126,115.225397446909
"VISam","idiosyncratic",3,0.665,0.67,-0.0204122718162759,115.225397446909
"VISam","idiosyncratic",3,0.67,0.675,0.00336191151367854,115.225397446909
"VISam","idiosyncratic",3,0.675,0.68,-0.0289993959727188,115.225397446909
"VISam","idiosyncratic",3,0.68,0.685,0.016926084888048,115.225397446909
"VISam","idiosyncratic",3,0.685,0.69,-0.00696871364064605,115.225397446909
"VISam","idiosyncratic",3,0.69,0.695,-0.0320986357627724,115.225397446909
"VISam","idiosyncratic",3,0.695,0.7,-0.0194327296999415,115.225397446909
"VISam","idiosyncratic",3,0.7,0.705,0.0100861060511547,115.225397446909
"VISam","idiosyncratic",3,0.705,0.71,-0.0136847181341666,115.225397446909
"VISam","idiosyncratic",3,0.71,0.715,-0.0369665215504061,115.225397446909
"VISam","idiosyncratic",3,0.715,0.72,-0.00753412740823978,115.225397446909
"VISam","idiosyncratic",3,0.72,0.725,-0.0442731189334348,115.225397446909
"VISam","idiosyncratic",3,0.725,0.73,0.00995936806623454,115.225397446909
"VISam","idiosyncratic",3,0.73,0.735,-0.0321499865445649,115.225397446909
"VISam","idiosyncratic",3,0.735,0.74,-0.0222604443925917,115.225397446909
"VISam","idiosyncratic",3,0.74,0.745,0.0150627600720197,115.225397446909
"VISam","idiosyncratic",3,0.745,0.75,-0.0215459701618458,115.225397446909
"VISam","idiosyncratic",3,0.75,0.755,-0.0258792800701659,115.225397446909
"VISam","idiosyncratic",3,0.755,0.76,8.62822820306697e-05,115.225397446909
"VISam","idiosyncratic",3,0.76,0.765,0.00734724342941856,115.225397446909
"VISam","idiosyncratic",3,0.765,0.77,-0.00143001057093781,115.225397446909
"VISam","idiosyncratic",3,0.77,0.775,-0.0237614233406661,115.225397446909
"VISam","idiosyncratic",3,0.775,0.78,-0.0182803611755611,115.225397446909
"VISam","idiosyncratic",3,0.78,0.785,-0.0448884284855159,115.225397446909
"VISam","idiosyncratic",3,0.785,0.79,-0.037457704024593,115.225397446909
"VISam","idiosyncratic",3,0.79,0.795,-0.0190823525887723,115.225397446909
"VISam","idiosyncratic",3,0.795,0.8,-0.0412717611355918,115.225397446909
"VISam","idiosyncratic",3,0.8,0.805,-0.0453044144762102,115.225397446909
"VISam","idiosyncratic",3,0.805,0.81,0.0099387348363152,115.225397446909
"VISam","idiosyncratic",3,0.81,0.815,-0.00422250823199871,115.225397446909
"VISam","idiosyncratic",3,0.815,0.82,-0.015044873888471,115.225397446909
"VISam","idiosyncratic",3,0.82,0.825,0.00709164700321963,115.225397446909
"VISam","idiosyncratic",3,0.825,0.83,-0.0161603894232747,115.225397446909
"VISam","idiosyncratic",3,0.83,0.835,-0.0469548948024626,115.225397446909
"VISam","idiosyncratic",3,0.835,0.84,0.0282912243001534,115.225397446909
"VISam","idiosyncratic",3,0.84,0.845,-0.0430957252323229,115.225397446909
"VISam","idiosyncratic",3,0.845,0.85,-0.0165640996654698,115.225397446909
"VISam","idiosyncratic",3,0.85,0.855,-0.0320221290094884,115.225397446909
"VISam","idiosyncratic",3,0.855,0.86,-0.0190048762613746,115.225397446909
"VISam","idiosyncratic",3,0.86,0.865,-0.0211773829326604,115.225397446909
"VISam","idiosyncratic",3,0.865,0.87,0.0183126137527449,115.225397446909
"VISam","idiosyncratic",3,0.87,0.875,-0.0162144813494725,115.225397446909
"VISam","idiosyncratic",3,0.875,0.88,-0.0124061601048766,115.225397446909
"VISam","idiosyncratic",3,0.88,0.885,-0.0153424046192437,115.225397446909
"VISam","idiosyncratic",3,0.885,0.89,-0.0238825444942445,115.225397446909
"VISam","idiosyncratic",3,0.89,0.895,-0.0197664655566369,115.225397446909
"VISam","idiosyncratic",3,0.895,0.9,-0.0387165059593425,115.225397446909
"VISam","idiosyncratic",3,0.9,0.905,-0.0347328149145436,115.225397446909
"VISam","idiosyncratic",3,0.905,0.91,-0.0122146543973504,115.225397446909
"VISam","idiosyncratic",3,0.91,0.915,-0.0360294847644552,115.225397446909
"VISam","idiosyncratic",3,0.915,0.92,-0.0259559566750935,115.225397446909
"VISam","idiosyncratic",3,0.92,0.925,-0.00106842326682161,115.225397446909
"VISam","idiosyncratic",3,0.925,0.93,-0.0281201287696736,115.225397446909
"VISam","idiosyncratic",3,0.93,0.935,-0.0261451399503226,115.225397446909
"VISam","idiosyncratic",3,0.935,0.94,-0.021427964591293,115.225397446909
"VISam","idiosyncratic",3,0.94,0.945,-0.0141667689803346,115.225397446909
"VISam","idiosyncratic",3,0.945,0.95,-0.0366354879317927,115.225397446909
"VISam","idiosyncratic",3,0.95,0.955,-0.0177806285586809,115.225397446909
"VISam","idiosyncratic",3,0.955,0.96,0.0034058677852441,115.225397446909
"VISam","idiosyncratic",3,0.96,0.965,-0.024291928692411,115.225397446909
"VISam","idiosyncratic",3,0.965,0.97,-0.0216208529898673,115.225397446909
"VISam","idiosyncratic",3,0.97,0.975,-0.0250154204182188,115.225397446909
"VISam","idiosyncratic",3,0.975,0.98,-0.00523858686738266,115.225397446909
"VISam","idiosyncratic",3,0.98,0.985,-0.0459139371426454,115.225397446909
"VISam","idiosyncratic",3,0.985,0.99,-0.000607752112363635,115.225397446909
"VISam","idiosyncratic",3,0.99,0.995,0.00427093113356569,115.225397446909
"VISam","idiosyncratic",3,0.995,1,-0.0252777069971062,115.225397446909
"VISam","idiosyncratic",3,1,1.005,0.00970038688138952,115.225397446909
"VISam","idiosyncratic",3,1.005,1.01,-0.0118947839374974,115.225397446909
"VISam","idiosyncratic",3,1.01,1.015,-0.0108971698743641,115.225397446909
"VISam","idiosyncratic",3,1.015,1.02,-0.0288952575622287,115.225397446909
"VISam","idiosyncratic",3,1.02,1.025,0.00295340288578227,115.225397446909
"VISam","idiosyncratic",3,1.025,1.03,-0.0085694677230892,115.225397446909
"VISam","idiosyncratic",3,1.03,1.035,-0.0497142717676382,115.225397446909
"VISam","idiosyncratic",3,1.035,1.04,-0.0235999645874863,115.225397446909
"VISam","idiosyncratic",3,1.04,1.045,0.00322362968653789,115.225397446909
"VISam","idiosyncratic",3,1.045,1.05,-0.00321800678700346,115.225397446909
"VISam","idiosyncratic",3,1.05,1.055,0.0141658491928929,115.225397446909
"VISam","idiosyncratic",3,1.055,1.06,0.0076702337254474,115.225397446909
"VISam","idiosyncratic",3,1.06,1.065,-0.00682073557827112,115.225397446909
"VISam","idiosyncratic",3,1.065,1.07,-0.0233237015202078,115.225397446909
"VISam","idiosyncratic",3,1.07,1.075,-0.0132034488532339,115.225397446909
"VISam","idiosyncratic",3,1.075,1.08,-0.00795200953035702,115.225397446909
"VISam","idiosyncratic",3,1.08,1.085,-0.0262124756838503,115.225397446909
"VISam","idiosyncratic",3,1.085,1.09,-0.00242748080067223,115.225397446909
"VISam","idiosyncratic",3,1.09,1.095,-0.00296046865693556,115.225397446909
"VISam","idiosyncratic",3,1.095,1.1,-0.00965764725599549,115.225397446909
"VISam","idiosyncratic",3,1.1,1.105,-0.00116901206686992,115.225397446909
"VISam","idiosyncratic",3,1.105,1.11,-0.0266488655505379,115.225397446909
"VISam","idiosyncratic",3,1.11,1.115,-0.0190165995918083,115.225397446909
"VISam","idiosyncratic",3,1.115,1.12,0.00287957736830258,115.225397446909
"VISam","idiosyncratic",3,1.12,1.125,3.37176335215572e-05,115.225397446909
"VISam","idiosyncratic",3,1.125,1.13,-0.013397808552457,115.225397446909
"VISam","idiosyncratic",3,1.13,1.135,-0.0202410385112869,115.225397446909
"VISam","idiosyncratic",3,1.135,1.14,-0.00262350378008747,115.225397446909
"VISam","idiosyncratic",3,1.14,1.145,-0.0240895877101516,115.225397446909
"VISam","idiosyncratic",3,1.145,1.15,-0.0261687190142453,115.225397446909
"VISam","idiosyncratic",3,1.15,1.155,-0.0197255428341354,115.225397446909
"VISam","idiosyncratic",3,1.155,1.16,0.0100633558561074,115.225397446909
"VISam","idiosyncratic",3,1.16,1.165,0.00678630061954855,115.225397446909
"VISam","idiosyncratic",3,1.165,1.17,0.00145092532781288,115.225397446909
"VISam","idiosyncratic",3,1.17,1.175,0.0171702028736733,115.225397446909
"VISam","idiosyncratic",3,1.175,1.18,0.0219791229902144,115.225397446909
"VISam","idiosyncratic",3,1.18,1.185,-0.0207865354855596,115.225397446909
"VISam","idiosyncratic",3,1.185,1.19,-0.0189682587574934,115.225397446909
"VISam","idiosyncratic",3,1.19,1.195,0.0176433893392585,115.225397446909
"VISam","idiosyncratic",3,1.195,1.2,-0.00239257596588049,115.225397446909
"VISam","idiosyncratic",3,1.2,1.205,-0.0229600582980116,115.225397446909
"VISam","idiosyncratic",3,1.205,1.21,-0.0101588336864653,115.225397446909
"VISam","idiosyncratic",3,1.21,1.215,-0.0131327714001721,115.225397446909
"VISam","idiosyncratic",3,1.215,1.22,0.00719141757836717,115.225397446909
"VISam","idiosyncratic",3,1.22,1.225,0.00360748690956769,115.225397446909
"VISam","idiosyncratic",3,1.225,1.23,0.0133223639582893,115.225397446909
"VISam","idiosyncratic",3,1.23,1.235,-0.0211031186265034,115.225397446909
"VISam","idiosyncratic",3,1.235,1.24,0.00836879613570018,115.225397446909
"VISam","idiosyncratic",3,1.24,1.245,-0.0309309214875679,115.225397446909
"VISam","idiosyncratic",3,1.245,1.25,-0.00631785676086127,115.225397446909
"VISam","idiosyncratic",3,1.25,1.255,0.0121962001042544,115.225397446909
"VISam","idiosyncratic",3,1.255,1.26,0.00330458693784941,115.225397446909
"VISam","idiosyncratic",3,1.26,1.265,0.0209385037274419,115.225397446909
"VISam","idiosyncratic",3,1.265,1.27,0.0189172101194048,115.225397446909
"VISam","idiosyncratic",3,1.27,1.275,0.00885086533067614,115.225397446909
"VISam","idiosyncratic",3,1.275,1.28,0.00853603843372064,115.225397446909
"VISam","idiosyncratic",3,1.28,1.285,0.0214623359415859,115.225397446909
"VISam","idiosyncratic",3,1.285,1.29,-0.0163558171068338,115.225397446909
"VISam","idiosyncratic",3,1.29,1.295,0.022672729132584,115.225397446909
"VISam","idiosyncratic",3,1.295,1.3,0.035597870878563,115.225397446909
"VISam","idiosyncratic",3,1.3,1.305,-0.0143098736469679,115.225397446909
"VISam","idiosyncratic",3,1.305,1.31,0.0226870987532096,115.225397446909
"VISam","idiosyncratic",3,1.31,1.315,0.0235929634117242,115.225397446909
"VISam","idiosyncratic",3,1.315,1.32,-0.0157641702102153,115.225397446909
"VISam","idiosyncratic",3,1.32,1.325,-0.00838432105568176,115.225397446909
"VISam","idiosyncratic",3,1.325,1.33,0.00549784475581028,115.225397446909
"VISam","idiosyncratic",3,1.33,1.335,0.0124215161876583,115.225397446909
"VISam","idiosyncratic",3,1.335,1.34,0.0453477326596643,115.225397446909
"VISam","idiosyncratic",3,1.34,1.345,0.00436038458415067,115.225397446909
"VISam","idiosyncratic",3,1.345,1.35,0.0055108032483091,115.225397446909
"VISam","idiosyncratic",3,1.35,1.355,0.0824149826894017,115.225397446909
"VISam","idiosyncratic",3,1.355,1.36,0.0144273712945776,115.225397446909
"VISam","idiosyncratic",3,1.36,1.365,-0.0210290050990611,115.225397446909
"VISam","idiosyncratic",3,1.365,1.37,0.00510886477460082,115.225397446909
"VISam","idiosyncratic",3,1.37,1.375,-0.00199221341601907,115.225397446909
"VISam","idiosyncratic",3,1.375,1.38,-0.00875262530909149,115.225397446909
"VISam","idiosyncratic",3,1.38,1.385,0.026704221676646,115.225397446909
"VISam","idiosyncratic",3,1.385,1.39,0.00600794124566828,115.225397446909
"VISam","idiosyncratic",3,1.39,1.395,0.000194188988731359,115.225397446909
"VISam","idiosyncratic",3,1.395,1.4,0.0353202270024596,115.225397446909
"VISam","idiosyncratic",3,1.4,1.405,-0.00946379241085404,115.225397446909
"VISam","idiosyncratic",3,1.405,1.41,-0.0237313175796738,115.225397446909
"VISam","idiosyncratic",3,1.41,1.415,0.0316588392156408,115.225397446909
"VISam","idiosyncratic",3,1.415,1.42,0.0275617109216368,115.225397446909
"VISam","idiosyncratic",3,1.42,1.425,0.0528380664882495,115.225397446909
"VISam","idiosyncratic",3,1.425,1.43,-0.00575458060550249,115.225397446909
"VISam","idiosyncratic",3,1.43,1.435,0.00321414934023512,115.225397446909
"VISam","idiosyncratic",3,1.435,1.44,0.00481660546982132,115.225397446909
"VISam","idiosyncratic",3,1.44,1.445,0.00753294398933879,115.225397446909
"VISam","idiosyncratic",3,1.445,1.45,0.0250977449307399,115.225397446909
"VISam","idiosyncratic",3,1.45,1.455,0.0357176797600388,115.225397446909
"VISam","idiosyncratic",3,1.455,1.46,0.0328791521531779,115.225397446909
"VISam","idiosyncratic",3,1.46,1.465,0.0225462466850591,115.225397446909
"VISam","idiosyncratic",3,1.465,1.47,0.00850355350363968,115.225397446909
"VISam","idiosyncratic",3,1.47,1.475,0.0469890656030907,115.225397446909
"VISam","idiosyncratic",3,1.475,1.48,0.0150662632529796,115.225397446909
"VISam","idiosyncratic",3,1.48,1.485,0.0240246160144599,115.225397446909
"VISam","idiosyncratic",3,1.485,1.49,0.0083510647947454,115.225397446909
"VISam","idiosyncratic",3,1.49,1.495,0.0105674889327996,115.225397446909
"VISam","idiosyncratic",3,1.495,1.5,0.00371242738076005,115.225397446909
"VISam","idiosyncratic",3,1.5,1.505,0.0371935701156354,115.225397446909
"VISam","idiosyncratic",3,1.505,1.51,0.0100653987359681,115.225397446909
"VISam","idiosyncratic",3,1.51,1.515,0.0246299607995886,115.225397446909
"VISam","idiosyncratic",3,1.515,1.52,-0.0185350082686857,115.225397446909
"VISam","idiosyncratic",3,1.52,1.525,0.00521007022541042,115.225397446909
"VISam","idiosyncratic",3,1.525,1.53,0.0220193687692966,115.225397446909
"VISam","idiosyncratic",3,1.53,1.535,0.00145431362974524,115.225397446909
"VISam","idiosyncratic",3,1.535,1.54,0.0149202362847933,115.225397446909
"VISam","idiosyncratic",3,1.54,1.545,0.0203488633245961,115.225397446909
"VISam","idiosyncratic",3,1.545,1.55,0.0346495976092225,115.225397446909
"VISam","idiosyncratic",3,1.55,1.555,0.00124246542979028,115.225397446909
"VISam","idiosyncratic",3,1.555,1.56,-0.00651400078699038,115.225397446909
"VISam","idiosyncratic",3,1.56,1.565,0.0132696649101019,115.225397446909
"VISam","idiosyncratic",3,1.565,1.57,0.0376231341276257,115.225397446909
"VISam","idiosyncratic",3,1.57,1.575,-0.000582847102008649,115.225397446909
"VISam","idiosyncratic",3,1.575,1.58,0.00346899164951545,115.225397446909
"VISam","idiosyncratic",3,1.58,1.585,0.0222861104400235,115.225397446909
"VISam","idiosyncratic",3,1.585,1.59,0.0737379965062379,115.225397446909
"VISam","idiosyncratic",3,1.59,1.595,0.00239311568725474,115.225397446909
"VISam","idiosyncratic",3,1.595,1.6,0.0170363821268824,115.225397446909
"VISam","idiosyncratic",3,1.6,1.605,0.0242316387552085,115.225397446909
"VISam","idiosyncratic",3,1.605,1.61,0.0216039722843534,115.225397446909
"VISam","idiosyncratic",3,1.61,1.615,0.0479525985303273,115.225397446909
"VISam","idiosyncratic",3,1.615,1.62,0.0214202918023985,115.225397446909
"VISam","idiosyncratic",3,1.62,1.625,0.0289234851058346,115.225397446909
"VISam","idiosyncratic",3,1.625,1.63,0.0179939983533302,115.225397446909
"VISam","idiosyncratic",3,1.63,1.635,0.0128567880339748,115.225397446909
"VISam","idiosyncratic",3,1.635,1.64,0.0147471289250347,115.225397446909
"VISam","idiosyncratic",3,1.64,1.645,0.0338664219634689,115.225397446909
"VISam","idiosyncratic",3,1.645,1.65,-0.0284391242693404,115.225397446909
"VISam","idiosyncratic",3,1.65,1.655,0.0397538174351541,115.225397446909
"VISam","idiosyncratic",3,1.655,1.66,-0.00249987060787743,115.225397446909
"VISam","idiosyncratic",3,1.66,1.665,0.0568333512809007,115.225397446909
"VISam","idiosyncratic",3,1.665,1.67,0.00944453549039698,115.225397446909
"VISam","idiosyncratic",3,1.67,1.675,0.0105404534962637,115.225397446909
"VISam","idiosyncratic",3,1.675,1.68,0.0556653891840002,115.225397446909
"VISam","idiosyncratic",3,1.68,1.685,0.0466133701534707,115.225397446909
"VISam","idiosyncratic",3,1.685,1.69,-0.0108293012542937,115.225397446909
"VISam","idiosyncratic",3,1.69,1.695,0.0469786861562679,115.225397446909
"VISam","idiosyncratic",3,1.695,1.7,0.0120478898843798,115.225397446909
"VISam","idiosyncratic",3,1.7,1.705,0.0244028838044411,115.225397446909
"VISam","idiosyncratic",3,1.705,1.71,0.0275695366999797,115.225397446909
"VISam","idiosyncratic",3,1.71,1.715,0.0250402839949161,115.225397446909
"VISam","idiosyncratic",3,1.715,1.72,0.0548104877794323,115.225397446909
"VISam","idiosyncratic",3,1.72,1.725,0.0326047614674626,115.225397446909
"VISam","idiosyncratic",3,1.725,1.73,0.0286153265414211,115.225397446909
"VISam","idiosyncratic",3,1.73,1.735,0.038909824567409,115.225397446909
"VISam","idiosyncratic",3,1.735,1.74,0.0274103482422678,115.225397446909
"VISam","idiosyncratic",3,1.74,1.745,0.00995249047491986,115.225397446909
"VISam","idiosyncratic",3,1.745,1.75,-0.00233395740709419,115.225397446909
"VISam","idiosyncratic",3,1.75,1.755,-0.0175062338263013,115.225397446909
"VISam","idiosyncratic",3,1.755,1.76,0.0224560975852399,115.225397446909
"VISam","idiosyncratic",3,1.76,1.765,0.0176545203166576,115.225397446909
"VISam","idiosyncratic",3,1.765,1.77,-0.0195148085211544,115.225397446909
"VISam","idiosyncratic",3,1.77,1.775,0.0237551032578374,115.225397446909
"VISam","idiosyncratic",3,1.775,1.78,0.00266804294456691,115.225397446909
"VISam","idiosyncratic",3,1.78,1.785,0.0153643824849812,115.225397446909
"VISam","idiosyncratic",3,1.785,1.79,0.0188214524046965,115.225397446909
"VISam","idiosyncratic",3,1.79,1.795,0.0115377013540124,115.225397446909
"VISam","idiosyncratic",3,1.795,1.8,-0.0127610469886769,115.225397446909
"VISam","idiosyncratic",3,1.8,1.805,0.0167745032405551,115.225397446909
"VISam","idiosyncratic",3,1.805,1.81,0.00803298721197687,115.225397446909
"VISam","idiosyncratic",3,1.81,1.815,0.016748574844299,115.225397446909
"VISam","idiosyncratic",3,1.815,1.82,-0.0019649793259443,115.225397446909
"VISam","idiosyncratic",3,1.82,1.825,0.0219162175285161,115.225397446909
"VISam","idiosyncratic",3,1.825,1.83,0.0514292910475675,115.225397446909
"VISam","idiosyncratic",3,1.83,1.835,0.00113137393938556,115.225397446909
"VISam","idiosyncratic",3,1.835,1.84,0.0328192479200635,115.225397446909
"VISam","idiosyncratic",3,1.84,1.845,0.0128424511414171,115.225397446909
"VISam","idiosyncratic",3,1.845,1.85,0.0272833055499024,115.225397446909
"VISam","idiosyncratic",3,1.85,1.855,0.015262937774291,115.225397446909
"VISam","idiosyncratic",3,1.855,1.86,-0.016411320754799,115.225397446909
"VISam","idiosyncratic",3,1.86,1.865,-0.0437976391189523,115.225397446909
"VISam","idiosyncratic",3,1.865,1.87,0.0115954973871298,115.225397446909
"VISam","idiosyncratic",3,1.87,1.875,0.00590941754243335,115.225397446909
"VISam","idiosyncratic",3,1.875,1.88,0.0234660238827262,115.225397446909
"VISam","idiosyncratic",3,1.88,1.885,0.0212212011745176,115.225397446909
"VISam","idiosyncratic",3,1.885,1.89,0.0183323727431305,115.225397446909
"VISam","idiosyncratic",3,1.89,1.895,0.0263380082349101,115.225397446909
"VISam","idiosyncratic",3,1.895,1.9,0.0253312723817183,115.225397446909
"VISam","idiosyncratic",3,1.9,1.905,-0.0353791334304924,115.225397446909
"VISam","idiosyncratic",3,1.905,1.91,0.0177920374758362,115.225397446909
"VISam","idiosyncratic",3,1.91,1.915,0.0122434137857255,115.225397446909
"VISam","idiosyncratic",3,1.915,1.92,0.019069824708236,115.225397446909
"VISam","idiosyncratic",3,1.92,1.925,-0.00456933047550589,115.225397446909
"VISam","idiosyncratic",3,1.925,1.93,-0.00890823154575471,115.225397446909
"VISam","idiosyncratic",3,1.93,1.935,0.0114293844274391,115.225397446909
"VISam","idiosyncratic",3,1.935,1.94,-0.0227327056929463,115.225397446909
"VISam","idiosyncratic",3,1.94,1.945,-0.000636602406817843,115.225397446909
"VISam","idiosyncratic",3,1.945,1.95,0.00159907920212332,115.225397446909
"VISam","idiosyncratic",3,1.95,1.955,0.0205663110489603,115.225397446909
"VISam","idiosyncratic",3,1.955,1.96,0.0284522344632296,115.225397446909
"VISam","idiosyncratic",3,1.96,1.965,-0.00263304271748921,115.225397446909
"VISam","idiosyncratic",3,1.965,1.97,-0.00351705874491248,115.225397446909
"VISam","idiosyncratic",3,1.97,1.975,0.00824287995062112,115.225397446909
"VISam","idiosyncratic",3,1.975,1.98,0.0208879613127884,115.225397446909
"VISam","idiosyncratic",3,1.98,1.985,0.034642438211979,115.225397446909
"VISam","idiosyncratic",3,1.985,1.99,-0.0121452340206705,115.225397446909
"VISam","idiosyncratic",3,1.99,1.995,-0.0086706507177492,115.225397446909
"VISam","idiosyncratic",3,1.995,2,0.0397474455907967,115.225397446909
